insert into pub_page_templet(pk_page_templet,appcode,clazz,code,creationtime,creator,dr,headcode,isdefault,metaid,modifiedtime,modifier,name,pagecode,parentid,pk_group,pk_org,resid,resmodule,templetdesc,ts)
values('0001ZZZZ444cd7f90402','91H10545','nc.vo.adprepare.monthprojectplan.AggMonprojectplanHVO','91H10545_LIST',null,'~',0,'list_head','Y',null,null,'~','项目月度计划列表','91H10545_LIST','root',null,null,null,null,'项目月度计划列表页面','2020-05-20 15:32:57');
go

insert into pub_page_templet(pk_page_templet,appcode,clazz,code,creationtime,creator,dr,headcode,isdefault,metaid,modifiedtime,modifier,name,pagecode,parentid,pk_group,pk_org,resid,resmodule,templetdesc,ts)
values('0001ZZZZ0a34b9525832','91H10545','nc.vo.adprepare.monthprojectplan.AggMonprojectplanHVO','91H10545_CARD',null,'~',0,'card_head','N',null,null,'~','项目月度计划卡片','91H10545_CARD','root',null,null,null,null,'项目月度计划卡片页面','2020-05-20 15:32:57');
go

insert into pub_page_templet(pk_page_templet,appcode,clazz,code,creationtime,creator,dr,headcode,isdefault,metaid,modifiedtime,modifier,name,pagecode,parentid,pk_group,pk_org,resid,resmodule,templetdesc,ts)
values('0001ZZZZ5ae5874cd9fa','91H10545','nc.vo.adprepare.monthprojectplan.AggMonprojectplanHVO','91H10545L_CARD',null,'~',0,'card_head','N',null,null,'~','项目月度计划联查卡片','91H10545L_CARD','root',null,null,null,null,'项目月度计划联查卡片页面','2020-05-20 15:32:57');
go

insert into pub_page_templet(pk_page_templet,appcode,clazz,code,creationtime,creator,dr,headcode,isdefault,metaid,modifiedtime,modifier,name,pagecode,parentid,pk_group,pk_org,resid,resmodule,templetdesc,ts)
values('0001ZZZZ82d940d2fcaf','91H10545A','nc.vo.adprepare.monthprojectplan.AggMonprojectplanHVO','91H10545A_CARD',null,'~',0,'card_head','N',null,null,'~','项目月度计划审批卡片','91H10545A_CARD','root',null,null,null,null,'项目月度计划审批卡片页面','2020-05-20 15:32:57');
go







insert into pub_area(pk_area,areadesc,areastatus,areatype,clazz,code,creationtime,creator,dr,isunfold,metaid,metaname,metaspace,modifiedtime,modifier,name,pagination,position,relationcode,resid,templetid,ts)
values('0001ZZZZ7e9e30773dd7',null,'browse',0,'nc.vo.adprepare.monthprojectplan.MonprojectplanHVO','list_query',null,'~',0,null,'68b5e7d1-5e0e-4845-9f36-9490ebcfcb1e','项目月度计划主实体',null,null,'~','查询区',null,2,null,'','0001ZZZZ444cd7f90402','2020-05-20 15:32:57');
go
insert into pub_area(pk_area,areadesc,areastatus,areatype,clazz,code,creationtime,creator,dr,isunfold,metaid,metaname,metaspace,modifiedtime,modifier,name,pagination,position,relationcode,resid,templetid,ts)
values('0001ZZZZ14db4b26f2e7',null,'browse',2,'nc.vo.adprepare.monthprojectplan.MonprojectplanHVO','list_head',null,'~',0,null,'68b5e7d1-5e0e-4845-9f36-9490ebcfcb1e','项目月度计划主实体',null,null,'~','表头',null,1,null,'','0001ZZZZ444cd7f90402','2020-05-20 15:32:57');
go




insert into pub_area(pk_area,areadesc,areastatus,areatype,clazz,code,creationtime,creator,dr,isunfold,metaid,metaname,metaspace,modifiedtime,modifier,name,pagination,position,relationcode,resid,templetid,ts)
values('0001ZZZZ31a069ad8ac8',null,'browse',1,'nc.vo.adprepare.monthprojectplan.MonprojectplanHVO','card_head',null,'~',0,null,'68b5e7d1-5e0e-4845-9f36-9490ebcfcb1e','项目月度计划主实体','adprepare.monthprojectplan',null,'~','项目月度计划主实体',null,1,null,null,'0001ZZZZ0a34b9525832','2020-05-20 15:32:57');
go
insert into pub_area(pk_area,areadesc,areastatus,areatype,clazz,code,creationtime,creator,dr,isunfold,metaid,metaname,metaspace,modifiedtime,modifier,name,pagination,position,relationcode,resid,templetid,ts)
values('0001ZZZZ448084b418f4',null,'browse',1,'nc.vo.adprepare.monthprojectplan.MonprojectplanHVO','card_operate',null,'~',0,null,'68b5e7d1-5e0e-4845-9f36-9490ebcfcb1e','项目月度计划主实体','adprepare.monthprojectplan',null,'~','操作信息',null,2,'card_head',null,'0001ZZZZ0a34b9525832','2020-05-20 15:32:57');
go
insert into pub_area(pk_area,areadesc,areastatus,areatype,clazz,code,creationtime,creator,dr,isunfold,metaid,metaname,metaspace,modifiedtime,modifier,name,pagination,position,relationcode,resid,templetid,ts)
values('0001ZZZZ3f3308a3ca52',null,'browse',2,'nc.vo.adprepare.monthprojectplan.MonprojectplanBVO','card_body',null,'~',0,null,'68b5e7d1-5e0e-4845-9f36-9490ebcfcb1e','项目月度计划主实体','adprepare.monthprojectplan',null,'~','项目月度计划子实体',null,3,null,null,'0001ZZZZ0a34b9525832','2020-05-20 15:32:57');
go
insert into pub_area(pk_area,areadesc,areastatus,areatype,clazz,code,creationtime,creator,dr,isunfold,metaid,metaname,metaspace,modifiedtime,modifier,name,pagination,position,relationcode,resid,templetid,ts)
values('0001ZZZZc6ba475e1292',null,'edit',1,'nc.vo.adprepare.monthprojectplan.MonprojectplanBVO','card_body_edit',null,'~',0,null,'68b5e7d1-5e0e-4845-9f36-9490ebcfcb1e','项目月度计划主实体','adprepare.monthprojectplan',null,'~','项目月度计划子实体',null,4,'card_body',null,'0001ZZZZ0a34b9525832','2020-05-20 15:32:57');
go
insert into pub_area(pk_area,areadesc,areastatus,areatype,clazz,code,creationtime,creator,dr,isunfold,metaid,metaname,metaspace,modifiedtime,modifier,name,pagination,position,relationcode,resid,templetid,ts)
values('0001ZZZZ23da21e44a76',null,'browse',1,'nc.vo.adprepare.monthprojectplan.MonprojectplanBVO','card_body_browse',null,'~',0,null,'68b5e7d1-5e0e-4845-9f36-9490ebcfcb1e','项目月度计划主实体','adprepare.monthprojectplan',null,'~','项目月度计划子实体',null,5,'card_body',null,'0001ZZZZ0a34b9525832','2020-05-20 15:32:57');
go


insert into pub_area(pk_area,areadesc,areastatus,areatype,clazz,code,creationtime,creator,dr,isunfold,metaid,metaname,metaspace,modifiedtime,modifier,name,pagination,position,relationcode,resid,templetid,ts)
values('0001ZZZZ7272914aa164',null,'browse',1,'nc.vo.adprepare.monthprojectplan.MonprojectplanHVO','card_head',null,'~',0,null,'68b5e7d1-5e0e-4845-9f36-9490ebcfcb1e','项目月度计划主实体','adprepare.monthprojectplan',null,'~','项目月度计划主实体',null,1,null,null,'0001ZZZZ5ae5874cd9fa','2020-05-20 15:32:57');
go
insert into pub_area(pk_area,areadesc,areastatus,areatype,clazz,code,creationtime,creator,dr,isunfold,metaid,metaname,metaspace,modifiedtime,modifier,name,pagination,position,relationcode,resid,templetid,ts)
values('0001ZZZZ42085cb58976',null,'browse',1,'nc.vo.adprepare.monthprojectplan.MonprojectplanHVO','card_operate',null,'~',0,null,'68b5e7d1-5e0e-4845-9f36-9490ebcfcb1e','项目月度计划主实体','adprepare.monthprojectplan',null,'~','操作信息',null,2,'card_head',null,'0001ZZZZ5ae5874cd9fa','2020-05-20 15:32:57');
go
insert into pub_area(pk_area,areadesc,areastatus,areatype,clazz,code,creationtime,creator,dr,isunfold,metaid,metaname,metaspace,modifiedtime,modifier,name,pagination,position,relationcode,resid,templetid,ts)
values('0001ZZZZ1b773c97b4fb',null,'browse',2,'nc.vo.adprepare.monthprojectplan.MonprojectplanBVO','card_body',null,'~',0,null,'68b5e7d1-5e0e-4845-9f36-9490ebcfcb1e','项目月度计划主实体','adprepare.monthprojectplan',null,'~','项目月度计划子实体',null,3,null,null,'0001ZZZZ5ae5874cd9fa','2020-05-20 15:32:57');
go
insert into pub_area(pk_area,areadesc,areastatus,areatype,clazz,code,creationtime,creator,dr,isunfold,metaid,metaname,metaspace,modifiedtime,modifier,name,pagination,position,relationcode,resid,templetid,ts)
values('0001ZZZZ71fb788884b6',null,'edit',1,'nc.vo.adprepare.monthprojectplan.MonprojectplanBVO','card_body_edit',null,'~',0,null,'68b5e7d1-5e0e-4845-9f36-9490ebcfcb1e','项目月度计划主实体','adprepare.monthprojectplan',null,'~','项目月度计划子实体',null,4,'card_body',null,'0001ZZZZ5ae5874cd9fa','2020-05-20 15:32:57');
go
insert into pub_area(pk_area,areadesc,areastatus,areatype,clazz,code,creationtime,creator,dr,isunfold,metaid,metaname,metaspace,modifiedtime,modifier,name,pagination,position,relationcode,resid,templetid,ts)
values('0001ZZZZe49d7d2e5206',null,'browse',1,'nc.vo.adprepare.monthprojectplan.MonprojectplanBVO','card_body_browse',null,'~',0,null,'68b5e7d1-5e0e-4845-9f36-9490ebcfcb1e','项目月度计划主实体','adprepare.monthprojectplan',null,'~','项目月度计划子实体',null,5,'card_body',null,'0001ZZZZ5ae5874cd9fa','2020-05-20 15:32:57');
go

insert into pub_area(pk_area,areadesc,areastatus,areatype,clazz,code,creationtime,creator,dr,isunfold,metaid,metaname,metaspace,modifiedtime,modifier,name,pagination,position,relationcode,resid,templetid,ts)
values('0001ZZZZ5b5b0cdf9daa',null,'browse',1,'nc.vo.adprepare.monthprojectplan.MonprojectplanHVO','card_head',null,'~',0,null,'68b5e7d1-5e0e-4845-9f36-9490ebcfcb1e','项目月度计划主实体','adprepare.monthprojectplan',null,'~','项目月度计划主实体',null,1,null,null,'0001ZZZZ82d940d2fcaf','2020-05-20 15:32:57');
go
insert into pub_area(pk_area,areadesc,areastatus,areatype,clazz,code,creationtime,creator,dr,isunfold,metaid,metaname,metaspace,modifiedtime,modifier,name,pagination,position,relationcode,resid,templetid,ts)
values('0001ZZZZ698382d24d57',null,'browse',1,'nc.vo.adprepare.monthprojectplan.MonprojectplanHVO','card_operate',null,'~',0,null,'68b5e7d1-5e0e-4845-9f36-9490ebcfcb1e','项目月度计划主实体','adprepare.monthprojectplan',null,'~','操作信息',null,2,'card_head',null,'0001ZZZZ82d940d2fcaf','2020-05-20 15:32:57');
go
insert into pub_area(pk_area,areadesc,areastatus,areatype,clazz,code,creationtime,creator,dr,isunfold,metaid,metaname,metaspace,modifiedtime,modifier,name,pagination,position,relationcode,resid,templetid,ts)
values('0001ZZZZba52db117046',null,'browse',2,'nc.vo.adprepare.monthprojectplan.MonprojectplanBVO','card_body',null,'~',0,null,'68b5e7d1-5e0e-4845-9f36-9490ebcfcb1e','项目月度计划主实体','adprepare.monthprojectplan',null,'~','项目月度计划子实体',null,3,null,null,'0001ZZZZ82d940d2fcaf','2020-05-20 15:32:57');
go
insert into pub_area(pk_area,areadesc,areastatus,areatype,clazz,code,creationtime,creator,dr,isunfold,metaid,metaname,metaspace,modifiedtime,modifier,name,pagination,position,relationcode,resid,templetid,ts)
values('0001ZZZZ4d566270acca',null,'edit',1,'nc.vo.adprepare.monthprojectplan.MonprojectplanBVO','card_body_edit',null,'~',0,null,'68b5e7d1-5e0e-4845-9f36-9490ebcfcb1e','项目月度计划主实体','adprepare.monthprojectplan',null,'~','项目月度计划子实体',null,4,'card_body',null,'0001ZZZZ82d940d2fcaf','2020-05-20 15:32:57');
go
insert into pub_area(pk_area,areadesc,areastatus,areatype,clazz,code,creationtime,creator,dr,isunfold,metaid,metaname,metaspace,modifiedtime,modifier,name,pagination,position,relationcode,resid,templetid,ts)
values('0001ZZZZbc8bdf6d72f3',null,'browse',1,'nc.vo.adprepare.monthprojectplan.MonprojectplanBVO','card_body_browse',null,'~',0,null,'68b5e7d1-5e0e-4845-9f36-9490ebcfcb1e','项目月度计划主实体','adprepare.monthprojectplan',null,'~','项目月度计划子实体',null,5,'card_body',null,'0001ZZZZ82d940d2fcaf','2020-05-20 15:32:57');
go




            insert into pub_query_property(pk_query_property,areaid,classid,code,containlower,creationtime,creator,datatype,dataval,defaultvalue,define1,define2,define3,define4,define5,disabled,dr,isbeyondorg,ischeck,isdefined,isfixedcondition,ismultiselectedenabled,isnotmeta,isquerycondition,isuse,itemtype,label,maxlength,metadataproperty,metapath,opersign,opersignname,position,proid,querytablename,refcode,refname,required,resid,returntype,showtype,tablecode,ts,usefunc,visible,visibleposition,width)
            values('0001ZZZZ4d72cd2372e6','0001ZZZZ7e9e30773dd7','68b5e7d1-5e0e-4845-9f36-9490ebcfcb1e','pk_busitype',null,null,'~',204,'','','','','','','','N',0,'N','N','N','N','N','N','Y','Y','refer','业务类型',20,'uap.BusitypeVO.businame','pk_busitype','=@','等于@',21,'278465e4-6e5b-4bbb-9db8-285ed6aedf6a','','uap/refer/riart/busitype/index','业务流程','N','','refpk',1,'','2020-05-20 15:32:57','N','Y',null,1);
            go
            insert into pub_query_property(pk_query_property,areaid,classid,code,containlower,creationtime,creator,datatype,dataval,defaultvalue,define1,define2,define3,define4,define5,disabled,dr,isbeyondorg,ischeck,isdefined,isfixedcondition,ismultiselectedenabled,isnotmeta,isquerycondition,isuse,itemtype,label,maxlength,metadataproperty,metapath,opersign,opersignname,position,proid,querytablename,refcode,refname,required,resid,returntype,showtype,tablecode,ts,usefunc,visible,visibleposition,width)
            values('0001ZZZZ18e0d75a8860','0001ZZZZ7e9e30773dd7','68b5e7d1-5e0e-4845-9f36-9490ebcfcb1e','pk_transtype',null,null,'~',204,'','','','','','','','N',0,'N','N','N','N','N','N','Y','Y','refer','交易类型',20,'uap.BilltypeVO.billtypename','pk_transtype','=@','等于@',25,'90f72004-8915-4c55-97e8-5b3c55e4f94b','','uap/refer/riart/transtype/index','影响因素交 易类型','N','','refpk',1,'','2020-05-20 15:32:57','N','Y',null,1);
            go
            insert into pub_query_property(pk_query_property,areaid,classid,code,containlower,creationtime,creator,datatype,dataval,defaultvalue,define1,define2,define3,define4,define5,disabled,dr,isbeyondorg,ischeck,isdefined,isfixedcondition,ismultiselectedenabled,isnotmeta,isquerycondition,isuse,itemtype,label,maxlength,metadataproperty,metapath,opersign,opersignname,position,proid,querytablename,refcode,refname,required,resid,returntype,showtype,tablecode,ts,usefunc,visible,visibleposition,width)
            values('0001ZZZZ6935b61b1e7e','0001ZZZZ7e9e30773dd7','68b5e7d1-5e0e-4845-9f36-9490ebcfcb1e','transtypecode',null,null,'~',1,'','','','','','','','N',0,'N','N','N','N','N','N','Y','Y','input','交易类型编码',50,NULL,'transtypecode','=@','等于@',24,'ffbd6816-7bec-4614-acaa-afddb59543bc','','/common-ref/','-99','N','','refpk',1,'','2020-05-20 15:32:57','N','Y',null,1);
            go
            insert into pub_query_property(pk_query_property,areaid,classid,code,containlower,creationtime,creator,datatype,dataval,defaultvalue,define1,define2,define3,define4,define5,disabled,dr,isbeyondorg,ischeck,isdefined,isfixedcondition,ismultiselectedenabled,isnotmeta,isquerycondition,isuse,itemtype,label,maxlength,metadataproperty,metapath,opersign,opersignname,position,proid,querytablename,refcode,refname,required,resid,returntype,showtype,tablecode,ts,usefunc,visible,visibleposition,width)
            values('0001ZZZZ6f8b4a7dc22a','0001ZZZZ7e9e30773dd7','68b5e7d1-5e0e-4845-9f36-9490ebcfcb1e','missionname',null,null,'~',1,'','','','','','','','N',0,'N','N','N','N','N','N','Y','Y','input','任务名称',50,NULL,'missionname','=@','等于@',5,'b574d393-e0bd-44fe-98fc-e44d7102fa7a','','/common-ref/','-99','N','','refpk',1,'','2020-05-20 15:32:57','N','Y',null,1);
            go
            insert into pub_query_property(pk_query_property,areaid,classid,code,containlower,creationtime,creator,datatype,dataval,defaultvalue,define1,define2,define3,define4,define5,disabled,dr,isbeyondorg,ischeck,isdefined,isfixedcondition,ismultiselectedenabled,isnotmeta,isquerycondition,isuse,itemtype,label,maxlength,metadataproperty,metapath,opersign,opersignname,position,proid,querytablename,refcode,refname,required,resid,returntype,showtype,tablecode,ts,usefunc,visible,visibleposition,width)
            values('0001ZZZZ4953bb046fe2','0001ZZZZ7e9e30773dd7','68b5e7d1-5e0e-4845-9f36-9490ebcfcb1e','missiondetail',null,null,'~',1,'','','','','','','','N',0,'N','N','N','N','N','N','Y','Y','input','任务描述',50,NULL,'missiondetail','=@','等于@',9,'99b50f53-4976-4894-9ced-0f1c91d36c3a','','/common-ref/','-99','N','','refpk',1,'','2020-05-20 15:32:57','N','Y',null,1);
            go
            insert into pub_query_property(pk_query_property,areaid,classid,code,containlower,creationtime,creator,datatype,dataval,defaultvalue,define1,define2,define3,define4,define5,disabled,dr,isbeyondorg,ischeck,isdefined,isfixedcondition,ismultiselectedenabled,isnotmeta,isquerycondition,isuse,itemtype,label,maxlength,metadataproperty,metapath,opersign,opersignname,position,proid,querytablename,refcode,refname,required,resid,returntype,showtype,tablecode,ts,usefunc,visible,visibleposition,width)
            values('0001ZZZZdee4447d190e','0001ZZZZ7e9e30773dd7','68b5e7d1-5e0e-4845-9f36-9490ebcfcb1e','missioncode',null,null,'~',1,'','','','','','','','N',0,'N','N','N','N','N','N','Y','Y','input','任务编码',50,NULL,'missioncode','=@','等于@',4,'3a20f1f9-8a15-4237-9c0f-17c8bf71ebd8','','/common-ref/','-99','N','','refpk',1,'','2020-05-20 15:32:57','N','Y',null,1);
            go
            insert into pub_query_property(pk_query_property,areaid,classid,code,containlower,creationtime,creator,datatype,dataval,defaultvalue,define1,define2,define3,define4,define5,disabled,dr,isbeyondorg,ischeck,isdefined,isfixedcondition,ismultiselectedenabled,isnotmeta,isquerycondition,isuse,itemtype,label,maxlength,metadataproperty,metapath,opersign,opersignname,position,proid,querytablename,refcode,refname,required,resid,returntype,showtype,tablecode,ts,usefunc,visible,visibleposition,width)
            values('0001ZZZZ711e18eb2b1c','0001ZZZZ7e9e30773dd7','68b5e7d1-5e0e-4845-9f36-9490ebcfcb1e','modifier',null,null,'~',204,'','','','','','','','N',0,'N','N','N','N','N','N','Y','Y','refer','修改人',20,'uap.user.user_name','modifier','=@','等于@',30,'1cc46fcb-cca6-4def-ba47-01558f62ee48','','uap/refer/riart/userDefaultRefer/index','用户','N','','refpk',1,'','2020-05-20 15:32:57','N','Y',null,1);
            go
            insert into pub_query_property(pk_query_property,areaid,classid,code,containlower,creationtime,creator,datatype,dataval,defaultvalue,define1,define2,define3,define4,define5,disabled,dr,isbeyondorg,ischeck,isdefined,isfixedcondition,ismultiselectedenabled,isnotmeta,isquerycondition,isuse,itemtype,label,maxlength,metadataproperty,metapath,opersign,opersignname,position,proid,querytablename,refcode,refname,required,resid,returntype,showtype,tablecode,ts,usefunc,visible,visibleposition,width)
            values('0001ZZZZ82ddec6c3418','0001ZZZZ7e9e30773dd7','68b5e7d1-5e0e-4845-9f36-9490ebcfcb1e','modifiedtime',null,null,'~',34,'','','','','','','','N',0,'N','N','N','N','N','N','Y','Y','datetimepicker','修改时间',19,NULL,'modifiedtime','=@','等于@',31,'6ad32b51-4b79-41df-b88d-928eeacca4ce','','/common-ref/','-99','N','','refpk',1,'','2020-05-20 15:32:57','N','Y',null,1);
            go
            insert into pub_query_property(pk_query_property,areaid,classid,code,containlower,creationtime,creator,datatype,dataval,defaultvalue,define1,define2,define3,define4,define5,disabled,dr,isbeyondorg,ischeck,isdefined,isfixedcondition,ismultiselectedenabled,isnotmeta,isquerycondition,isuse,itemtype,label,maxlength,metadataproperty,metapath,opersign,opersignname,position,proid,querytablename,refcode,refname,required,resid,returntype,showtype,tablecode,ts,usefunc,visible,visibleposition,width)
            values('0001ZZZZb7e0e2d41c7b','0001ZZZZ7e9e30773dd7','68b5e7d1-5e0e-4845-9f36-9490ebcfcb1e','creator',null,null,'~',204,'','','','','','','','N',0,'N','N','N','N','N','N','Y','Y','refer','创建人',20,'uap.user.user_name','creator','=@','等于@',28,'b147bbf3-a539-43f4-9155-d94191a32f27','','uap/refer/riart/userDefaultRefer/index','用户','N','','refpk',1,'','2020-05-20 15:32:57','N','Y',null,1);
            go
            insert into pub_query_property(pk_query_property,areaid,classid,code,containlower,creationtime,creator,datatype,dataval,defaultvalue,define1,define2,define3,define4,define5,disabled,dr,isbeyondorg,ischeck,isdefined,isfixedcondition,ismultiselectedenabled,isnotmeta,isquerycondition,isuse,itemtype,label,maxlength,metadataproperty,metapath,opersign,opersignname,position,proid,querytablename,refcode,refname,required,resid,returntype,showtype,tablecode,ts,usefunc,visible,visibleposition,width)
            values('0001ZZZZ8679d4f8c6b8','0001ZZZZ7e9e30773dd7','68b5e7d1-5e0e-4845-9f36-9490ebcfcb1e','creationtime',null,null,'~',34,'','','','','','','','N',0,'N','N','N','N','N','N','Y','Y','datetimepicker','创建时间',19,NULL,'creationtime','=@','等于@',29,'ae8658d8-f47c-4fac-8829-5eb44dfc5f7a','','/common-ref/','-99','N','','refpk',1,'','2020-05-20 15:32:57','N','Y',null,1);
            go
            insert into pub_query_property(pk_query_property,areaid,classid,code,containlower,creationtime,creator,datatype,dataval,defaultvalue,define1,define2,define3,define4,define5,disabled,dr,isbeyondorg,ischeck,isdefined,isfixedcondition,ismultiselectedenabled,isnotmeta,isquerycondition,isuse,itemtype,label,maxlength,metadataproperty,metapath,opersign,opersignname,position,proid,querytablename,refcode,refname,required,resid,returntype,showtype,tablecode,ts,usefunc,visible,visibleposition,width)
            values('0001ZZZZbc00043524d8','0001ZZZZ7e9e30773dd7','68b5e7d1-5e0e-4845-9f36-9490ebcfcb1e','billmaker',null,null,'~',204,'','','','','','','','N',0,'N','N','N','N','N','N','Y','Y','refer','制单人',20,'uap.user.user_name','billmaker','=@','等于@',26,'6f9e9e76-8da8-4f17-a1e7-17f1896cd4b3','','uap/refer/riart/userDefaultRefer/index','用户','N','','refpk',1,'','2020-05-20 15:32:57','N','Y',null,1);
            go
            insert into pub_query_property(pk_query_property,areaid,classid,code,containlower,creationtime,creator,datatype,dataval,defaultvalue,define1,define2,define3,define4,define5,disabled,dr,isbeyondorg,ischeck,isdefined,isfixedcondition,ismultiselectedenabled,isnotmeta,isquerycondition,isuse,itemtype,label,maxlength,metadataproperty,metapath,opersign,opersignname,position,proid,querytablename,refcode,refname,required,resid,returntype,showtype,tablecode,ts,usefunc,visible,visibleposition,width)
            values('0001ZZZZb78e492b007b','0001ZZZZ7e9e30773dd7','68b5e7d1-5e0e-4845-9f36-9490ebcfcb1e','maketime',null,null,'~',33,'','','','','','','','N',0,'N','N','N','N','N','N','Y','Y','datepicker','制单时间',19,NULL,'maketime','=@','等于@',27,'fc61f105-a59a-43e6-82aa-e21983644776','','/common-ref/','-99','N','','refpk',1,'','2020-05-20 15:32:57','N','Y',null,1);
            go
            insert into pub_query_property(pk_query_property,areaid,classid,code,containlower,creationtime,creator,datatype,dataval,defaultvalue,define1,define2,define3,define4,define5,disabled,dr,isbeyondorg,ischeck,isdefined,isfixedcondition,ismultiselectedenabled,isnotmeta,isquerycondition,isuse,itemtype,label,maxlength,metadataproperty,metapath,opersign,opersignname,position,proid,querytablename,refcode,refname,required,resid,returntype,showtype,tablecode,ts,usefunc,visible,visibleposition,width)
            values('0001ZZZZb3fda61b3b75','0001ZZZZ7e9e30773dd7','68b5e7d1-5e0e-4845-9f36-9490ebcfcb1e','advanceplan',null,null,'~',1,'','','','','','','','N',0,'N','N','N','N','N','N','Y','Y','input','前置计划',50,NULL,'advanceplan','=@','等于@',10,'2ac8981b-a82a-488a-b5f3-58ed6b7d633f','','/common-ref/','-99','N','','refpk',1,'','2020-05-20 15:32:57','N','Y',null,1);
            go
            insert into pub_query_property(pk_query_property,areaid,classid,code,containlower,creationtime,creator,datatype,dataval,defaultvalue,define1,define2,define3,define4,define5,disabled,dr,isbeyondorg,ischeck,isdefined,isfixedcondition,ismultiselectedenabled,isnotmeta,isquerycondition,isuse,itemtype,label,maxlength,metadataproperty,metapath,opersign,opersignname,position,proid,querytablename,refcode,refname,required,resid,returntype,showtype,tablecode,ts,usefunc,visible,visibleposition,width)
            values('0001ZZZZfa753ca2938d','0001ZZZZ7e9e30773dd7','68b5e7d1-5e0e-4845-9f36-9490ebcfcb1e','dbilldate',null,null,'~',33,'','','','','','','','N',0,'N','N','N','N','N','N','Y','Y','datepicker','单据日期',19,NULL,'dbilldate','=@','等于@',18,'96d5ef36-ae24-4873-a163-ef2140a4eea9','','/common-ref/','-99','N','','refpk',1,'','2020-05-20 15:32:57','N','Y',null,1);
            go
            insert into pub_query_property(pk_query_property,areaid,classid,code,containlower,creationtime,creator,datatype,dataval,defaultvalue,define1,define2,define3,define4,define5,disabled,dr,isbeyondorg,ischeck,isdefined,isfixedcondition,ismultiselectedenabled,isnotmeta,isquerycondition,isuse,itemtype,label,maxlength,metadataproperty,metapath,opersign,opersignname,position,proid,querytablename,refcode,refname,required,resid,returntype,showtype,tablecode,ts,usefunc,visible,visibleposition,width)
            values('0001ZZZZa34eac5e0703','0001ZZZZ7e9e30773dd7','68b5e7d1-5e0e-4845-9f36-9490ebcfcb1e','billstatus',null,null,'~',203,'自由=-1,审批未通过=0,审批通过=1,审批进行中=2,提交=3','','','','','','','N',0,'N','N','N','N','N','N','Y','Y','select','单据状态',50,NULL,'billstatus','=@','等于@',19,'64cb0342-73d3-4866-ab11-0e6972c9bc10','','/common-ref/','-99','N','','refpk',1,'','2020-05-20 15:32:57','N','Y',null,1);
            go
            insert into pub_query_property(pk_query_property,areaid,classid,code,containlower,creationtime,creator,datatype,dataval,defaultvalue,define1,define2,define3,define4,define5,disabled,dr,isbeyondorg,ischeck,isdefined,isfixedcondition,ismultiselectedenabled,isnotmeta,isquerycondition,isuse,itemtype,label,maxlength,metadataproperty,metapath,opersign,opersignname,position,proid,querytablename,refcode,refname,required,resid,returntype,showtype,tablecode,ts,usefunc,visible,visibleposition,width)
            values('0001ZZZZ40bc66a169ea','0001ZZZZ7e9e30773dd7','68b5e7d1-5e0e-4845-9f36-9490ebcfcb1e','pk_billtypeid',null,null,'~',204,'','','','','','','','N',0,'N','N','N','N','N','N','Y','Y','refer','单据类型',20,'uap.BilltypeVO.billtypename','pk_billtypeid','=@','等于@',22,'d69b70af-6c0b-4115-91dc-75a0bb2f6c25','','uap/refer/riart/billtype/index','影响因素单据类型','N','','refpk',1,'','2020-05-20 15:32:57','N','Y',null,1);
            go
            insert into pub_query_property(pk_query_property,areaid,classid,code,containlower,creationtime,creator,datatype,dataval,defaultvalue,define1,define2,define3,define4,define5,disabled,dr,isbeyondorg,ischeck,isdefined,isfixedcondition,ismultiselectedenabled,isnotmeta,isquerycondition,isuse,itemtype,label,maxlength,metadataproperty,metapath,opersign,opersignname,position,proid,querytablename,refcode,refname,required,resid,returntype,showtype,tablecode,ts,usefunc,visible,visibleposition,width)
            values('0001ZZZZc2f8d314109e','0001ZZZZ7e9e30773dd7','68b5e7d1-5e0e-4845-9f36-9490ebcfcb1e','billtype',null,null,'~',1,'','','','','','','','N',0,'N','N','N','N','N','N','Y','Y','input','单据类型编码',50,NULL,'billtype','=@','等于@',23,'807e0c62-1423-4280-b0ec-4da3d3cbdc6a','','/common-ref/','-99','N','','refpk',1,'','2020-05-20 15:32:57','N','Y',null,1);
            go
            insert into pub_query_property(pk_query_property,areaid,classid,code,containlower,creationtime,creator,datatype,dataval,defaultvalue,define1,define2,define3,define4,define5,disabled,dr,isbeyondorg,ischeck,isdefined,isfixedcondition,ismultiselectedenabled,isnotmeta,isquerycondition,isuse,itemtype,label,maxlength,metadataproperty,metapath,opersign,opersignname,position,proid,querytablename,refcode,refname,required,resid,returntype,showtype,tablecode,ts,usefunc,visible,visibleposition,width)
            values('0001ZZZZ8d0413beaca2','0001ZZZZ7e9e30773dd7','68b5e7d1-5e0e-4845-9f36-9490ebcfcb1e','approver',null,null,'~',204,'','','','','','','','N',0,'N','N','N','N','N','N','Y','Y','refer','审批人',20,'uap.user.user_name','approver','=@','等于@',32,'ef7b4e6b-70d0-42d3-8199-1bc9a6ff0cc9','','uap/refer/riart/userDefaultRefer/index','用户','N','','refpk',1,'','2020-05-20 15:32:57','N','Y',null,1);
            go
            insert into pub_query_property(pk_query_property,areaid,classid,code,containlower,creationtime,creator,datatype,dataval,defaultvalue,define1,define2,define3,define4,define5,disabled,dr,isbeyondorg,ischeck,isdefined,isfixedcondition,ismultiselectedenabled,isnotmeta,isquerycondition,isuse,itemtype,label,maxlength,metadataproperty,metapath,opersign,opersignname,position,proid,querytablename,refcode,refname,required,resid,returntype,showtype,tablecode,ts,usefunc,visible,visibleposition,width)
            values('0001ZZZZ7c51a4f15a15','0001ZZZZ7e9e30773dd7','68b5e7d1-5e0e-4845-9f36-9490ebcfcb1e','approvenote',null,null,'~',1,'','','','','','','','N',0,'N','N','N','N','N','N','Y','Y','input','审批批语',50,NULL,'approvenote','=@','等于@',34,'5c3960aa-a3a7-4ced-bc6a-e777cd4f6ee2','','/common-ref/','-99','N','','refpk',1,'','2020-05-20 15:32:57','N','Y',null,1);
            go
            insert into pub_query_property(pk_query_property,areaid,classid,code,containlower,creationtime,creator,datatype,dataval,defaultvalue,define1,define2,define3,define4,define5,disabled,dr,isbeyondorg,ischeck,isdefined,isfixedcondition,ismultiselectedenabled,isnotmeta,isquerycondition,isuse,itemtype,label,maxlength,metadataproperty,metapath,opersign,opersignname,position,proid,querytablename,refcode,refname,required,resid,returntype,showtype,tablecode,ts,usefunc,visible,visibleposition,width)
            values('0001ZZZZb04f2309d88b','0001ZZZZ7e9e30773dd7','68b5e7d1-5e0e-4845-9f36-9490ebcfcb1e','approvedate',null,null,'~',34,'','','','','','','','N',0,'N','N','N','N','N','N','Y','Y','datetimepicker','审批时间',19,NULL,'approvedate','=@','等于@',14,'b81310af-5761-434e-ae2f-d4216cc374e0','','/common-ref/','-99','N','','refpk',1,'','2020-05-20 15:32:57','N','Y',null,1);
            go
            insert into pub_query_property(pk_query_property,areaid,classid,code,containlower,creationtime,creator,datatype,dataval,defaultvalue,define1,define2,define3,define4,define5,disabled,dr,isbeyondorg,ischeck,isdefined,isfixedcondition,ismultiselectedenabled,isnotmeta,isquerycondition,isuse,itemtype,label,maxlength,metadataproperty,metapath,opersign,opersignname,position,proid,querytablename,refcode,refname,required,resid,returntype,showtype,tablecode,ts,usefunc,visible,visibleposition,width)
            values('0001ZZZZ87b4673caf73','0001ZZZZ7e9e30773dd7','68b5e7d1-5e0e-4845-9f36-9490ebcfcb1e','approvestatus',null,null,'~',203,'自由=-1,审批未通过=0,审批通过=1,审批进行中=2,提交=3','','','','','','','N',0,'N','N','N','N','N','N','Y','Y','select','审批状态',50,NULL,'approvestatus','=@','等于@',33,'54f2438f-7b7e-4341-9615-9f25170e6d5e','','/common-ref/','-99','N','','refpk',1,'','2020-05-20 15:32:57','N','Y',null,1);
            go
            insert into pub_query_property(pk_query_property,areaid,classid,code,containlower,creationtime,creator,datatype,dataval,defaultvalue,define1,define2,define3,define4,define5,disabled,dr,isbeyondorg,ischeck,isdefined,isfixedcondition,ismultiselectedenabled,isnotmeta,isquerycondition,isuse,itemtype,label,maxlength,metadataproperty,metapath,opersign,opersignname,position,proid,querytablename,refcode,refname,required,resid,returntype,showtype,tablecode,ts,usefunc,visible,visibleposition,width)
            values('0001ZZZZd2e991f86688','0001ZZZZ7e9e30773dd7','68b5e7d1-5e0e-4845-9f36-9490ebcfcb1e','pk_org',null,null,'~',204,'','','','','','','','N',0,'N','N','N','N','N','N','Y','Y','refer','组织',20,'uap.org.name','pk_org','=@','等于@',16,'1c9fa266-cdd3-4251-b042-bc337e0d7913','','uapbd/refer/org/BusinessUnitAndDeptTreeRef/index','业务单元及部门','N','','refpk',1,'','2020-05-20 15:32:57','N','Y',null,1);
            go
            insert into pub_query_property(pk_query_property,areaid,classid,code,containlower,creationtime,creator,datatype,dataval,defaultvalue,define1,define2,define3,define4,define5,disabled,dr,isbeyondorg,ischeck,isdefined,isfixedcondition,ismultiselectedenabled,isnotmeta,isquerycondition,isuse,itemtype,label,maxlength,metadataproperty,metapath,opersign,opersignname,position,proid,querytablename,refcode,refname,required,resid,returntype,showtype,tablecode,ts,usefunc,visible,visibleposition,width)
            values('0001ZZZZ2d34c53c2790','0001ZZZZ7e9e30773dd7','68b5e7d1-5e0e-4845-9f36-9490ebcfcb1e','pk_org_v',null,null,'~',204,'','','','','','','','N',0,'N','N','N','N','N','N','Y','Y','refer','组织版本',20,'uap.org_v.name','pk_org_v','=@','等于@',17,'44d0fca1-f4d8-4ab8-9614-11facf75ecdf','','uapbd/refer/orgv/BusinessUnitVersionDefaultAllTreeRef/index','业务单元版本(所有)','N','','refpk',1,'','2020-05-20 15:32:57','N','N',null,1);
            go
            insert into pub_query_property(pk_query_property,areaid,classid,code,containlower,creationtime,creator,datatype,dataval,defaultvalue,define1,define2,define3,define4,define5,disabled,dr,isbeyondorg,ischeck,isdefined,isfixedcondition,ismultiselectedenabled,isnotmeta,isquerycondition,isuse,itemtype,label,maxlength,metadataproperty,metapath,opersign,opersignname,position,proid,querytablename,refcode,refname,required,resid,returntype,showtype,tablecode,ts,usefunc,visible,visibleposition,width)
            values('0001ZZZZfceaac35b049','0001ZZZZ7e9e30773dd7','68b5e7d1-5e0e-4845-9f36-9490ebcfcb1e','planname',null,null,'~',1,'','','','','','','','N',0,'N','N','N','N','N','N','Y','Y','input','计划名称',50,NULL,'planname','=@','等于@',3,'df60ebf3-5797-4db9-8dc0-f68a8c2972c3','','/common-ref/','-99','N','','refpk',1,'','2020-05-20 15:32:57','N','Y',null,1);
            go
            insert into pub_query_property(pk_query_property,areaid,classid,code,containlower,creationtime,creator,datatype,dataval,defaultvalue,define1,define2,define3,define4,define5,disabled,dr,isbeyondorg,ischeck,isdefined,isfixedcondition,ismultiselectedenabled,isnotmeta,isquerycondition,isuse,itemtype,label,maxlength,metadataproperty,metapath,opersign,opersignname,position,proid,querytablename,refcode,refname,required,resid,returntype,showtype,tablecode,ts,usefunc,visible,visibleposition,width)
            values('0001ZZZZ4cb942a4751f','0001ZZZZ7e9e30773dd7','68b5e7d1-5e0e-4845-9f36-9490ebcfcb1e','planduration',null,null,'~',1,'','','','','','','','N',0,'N','N','N','N','N','N','Y','Y','input','计划工期',50,NULL,'planduration','=@','等于@',8,'4ec949db-6e0d-460a-aa75-8a1cdce1073a','','/common-ref/','-99','N','','refpk',1,'','2020-05-20 15:32:57','N','Y',null,1);
            go
            insert into pub_query_property(pk_query_property,areaid,classid,code,containlower,creationtime,creator,datatype,dataval,defaultvalue,define1,define2,define3,define4,define5,disabled,dr,isbeyondorg,ischeck,isdefined,isfixedcondition,ismultiselectedenabled,isnotmeta,isquerycondition,isuse,itemtype,label,maxlength,metadataproperty,metapath,opersign,opersignname,position,proid,querytablename,refcode,refname,required,resid,returntype,showtype,tablecode,ts,usefunc,visible,visibleposition,width)
            values('0001ZZZZ63a66e08a6d5','0001ZZZZ7e9e30773dd7','68b5e7d1-5e0e-4845-9f36-9490ebcfcb1e','projectstartdate',null,null,'~',33,'','','','','','','','N',0,'N','N','N','N','N','N','Y','Y','datepicker','计划开始日期',19,NULL,'projectstartdate','=@','等于@',6,'b4a64562-eb60-4d84-b4fb-ea7d443a95a2','','/common-ref/','-99','N','','refpk',1,'','2020-05-20 15:32:57','N','Y',null,1);
            go
            insert into pub_query_property(pk_query_property,areaid,classid,code,containlower,creationtime,creator,datatype,dataval,defaultvalue,define1,define2,define3,define4,define5,disabled,dr,isbeyondorg,ischeck,isdefined,isfixedcondition,ismultiselectedenabled,isnotmeta,isquerycondition,isuse,itemtype,label,maxlength,metadataproperty,metapath,opersign,opersignname,position,proid,querytablename,refcode,refname,required,resid,returntype,showtype,tablecode,ts,usefunc,visible,visibleposition,width)
            values('0001ZZZZ35674f1cf599','0001ZZZZ7e9e30773dd7','68b5e7d1-5e0e-4845-9f36-9490ebcfcb1e','projectdeaddate',null,null,'~',33,'','','','','','','','N',0,'N','N','N','N','N','N','Y','Y','datepicker','计划截止日期',19,NULL,'projectdeaddate','=@','等于@',7,'8726050c-7e28-44e0-9a92-7b2d3384f66f','','/common-ref/','-99','N','','refpk',1,'','2020-05-20 15:32:57','N','Y',null,1);
            go
            insert into pub_query_property(pk_query_property,areaid,classid,code,containlower,creationtime,creator,datatype,dataval,defaultvalue,define1,define2,define3,define4,define5,disabled,dr,isbeyondorg,ischeck,isdefined,isfixedcondition,ismultiselectedenabled,isnotmeta,isquerycondition,isuse,itemtype,label,maxlength,metadataproperty,metapath,opersign,opersignname,position,proid,querytablename,refcode,refname,required,resid,returntype,showtype,tablecode,ts,usefunc,visible,visibleposition,width)
            values('0001ZZZZb665a126bccc','0001ZZZZ7e9e30773dd7','68b5e7d1-5e0e-4845-9f36-9490ebcfcb1e','dutyperson',null,null,'~',204,'','','','','','','','N',0,'N','N','N','N','N','N','Y','Y','refer','责任人',20,NULL,'dutyperson','=@','等于@',12,'9a49e609-e308-4ff2-8fe9-455827a1cec9','','uapbd/refer/psninfo/PsndocRiartTreeGridRef/index','人员','N','','refpk',1,'','2020-05-20 15:32:57','N','Y',null,1);
            go
            insert into pub_query_property(pk_query_property,areaid,classid,code,containlower,creationtime,creator,datatype,dataval,defaultvalue,define1,define2,define3,define4,define5,disabled,dr,isbeyondorg,ischeck,isdefined,isfixedcondition,ismultiselectedenabled,isnotmeta,isquerycondition,isuse,itemtype,label,maxlength,metadataproperty,metapath,opersign,opersignname,position,proid,querytablename,refcode,refname,required,resid,returntype,showtype,tablecode,ts,usefunc,visible,visibleposition,width)
            values('0001ZZZZac422a2c373e','0001ZZZZ7e9e30773dd7','68b5e7d1-5e0e-4845-9f36-9490ebcfcb1e','dutydept',null,null,'~',204,'','','','','','','','N',0,'N','N','N','N','N','N','Y','Y','refer','责任部门',20,'uap.dept.name','dutydept','=@','等于@',13,'045b49bd-1195-4101-8814-3afba36a604d','','uapbd/refer/org/DeptTreeRef/index','部门','N','','refpk',1,'','2020-05-20 15:32:57','N','Y',null,1);
            go
            insert into pub_query_property(pk_query_property,areaid,classid,code,containlower,creationtime,creator,datatype,dataval,defaultvalue,define1,define2,define3,define4,define5,disabled,dr,isbeyondorg,ischeck,isdefined,isfixedcondition,ismultiselectedenabled,isnotmeta,isquerycondition,isuse,itemtype,label,maxlength,metadataproperty,metapath,opersign,opersignname,position,proid,querytablename,refcode,refname,required,resid,returntype,showtype,tablecode,ts,usefunc,visible,visibleposition,width)
            values('0001ZZZZ1c2003c84081','0001ZZZZ7e9e30773dd7','68b5e7d1-5e0e-4845-9f36-9490ebcfcb1e','milepost',null,null,'~',1,'','','','','','','','N',0,'N','N','N','N','N','N','Y','Y','input','里程碑',50,NULL,'milepost','=@','等于@',11,'97014015-a22a-4173-ab9d-2045e5fe9083','','/common-ref/','-99','N','','refpk',1,'','2020-05-20 15:32:57','N','Y',null,1);
            go
            insert into pub_query_property(pk_query_property,areaid,classid,code,containlower,creationtime,creator,datatype,dataval,defaultvalue,define1,define2,define3,define4,define5,disabled,dr,isbeyondorg,ischeck,isdefined,isfixedcondition,ismultiselectedenabled,isnotmeta,isquerycondition,isuse,itemtype,label,maxlength,metadataproperty,metapath,opersign,opersignname,position,proid,querytablename,refcode,refname,required,resid,returntype,showtype,tablecode,ts,usefunc,visible,visibleposition,width)
            values('0001ZZZZ40b91b6d8a94','0001ZZZZ7e9e30773dd7','68b5e7d1-5e0e-4845-9f36-9490ebcfcb1e','pk_group',null,null,'~',204,'','','','','','','','N',0,'N','N','N','N','N','N','Y','Y','refer','集团',20,'uap.group.name','pk_group','=@','等于@',15,'a78692f8-a643-4790-b891-68f8b218ad77','','uap/refer/riart/groupTreeRef/index','集团','N','','refpk',1,'','2020-05-20 15:32:57','N','Y',null,1);
            go
            insert into pub_query_property(pk_query_property,areaid,classid,code,containlower,creationtime,creator,datatype,dataval,defaultvalue,define1,define2,define3,define4,define5,disabled,dr,isbeyondorg,ischeck,isdefined,isfixedcondition,ismultiselectedenabled,isnotmeta,isquerycondition,isuse,itemtype,label,maxlength,metadataproperty,metapath,opersign,opersignname,position,proid,querytablename,refcode,refname,required,resid,returntype,showtype,tablecode,ts,usefunc,visible,visibleposition,width)
            values('0001ZZZZ61c5dbbaad63','0001ZZZZ7e9e30773dd7','68b5e7d1-5e0e-4845-9f36-9490ebcfcb1e','projectname',null,null,'~',1,'','','','','','','','N',0,'N','N','N','N','N','N','Y','Y','input','项目名称',50,NULL,'projectname','=@','等于@',2,'b97afa47-d54c-4b98-b7c3-99856f4b67b3','','/common-ref/','-99','N','','refpk',1,'','2020-05-20 15:32:57','N','Y',null,1);
            go


        insert into pub_form_property(pk_form_property,areaid,classid,code,colnum,color,creationtime,creator,datatype,dataval,defaultvalue,defaultvar,define1,define2,define3,disabled,dr,editformula,hyperlinkflag,iscode,isdefined,ismultiselectedenabled,isnextrow,isrevise,istotal,itemtype,label,maxlength,metadataproperty,metaid,metapath,modifiedtime,modifier,position,proid,refcode,refname,relatemeta,required,resid,showformula,textrows,ts,validateformula,visible,width)
        values('0001ZZZZa40261598001','0001ZZZZ14db4b26f2e7','68b5e7d1-5e0e-4845-9f36-9490ebcfcb1e','pk_busitype',null,'#111111',null,'~',204, '', null,null,null,null,null,'N',0,null,'N','N','N',null,'N','N','N','refer',null,28,'uap.BusitypeVO.businame','7717f1a3-b777-454e-abb5-ef8705a0f0c2','pk_busitype',null,'~',21,'934debb4-206f-4759-9c00-4efdfc7bdd0a','uap/refer/riart/busitype/index','业务流程',null,'N','app_91H10545_00002',null,null,'2020-05-20 15:32:57',null,'Y',null);
        go

        insert into pub_form_property(pk_form_property,areaid,classid,code,colnum,color,creationtime,creator,datatype,dataval,defaultvalue,defaultvar,define1,define2,define3,disabled,dr,editformula,hyperlinkflag,iscode,isdefined,ismultiselectedenabled,isnextrow,isrevise,istotal,itemtype,label,maxlength,metadataproperty,metaid,metapath,modifiedtime,modifier,position,proid,refcode,refname,relatemeta,required,resid,showformula,textrows,ts,validateformula,visible,width)
        values('0001ZZZZa40261598002','0001ZZZZ14db4b26f2e7','68b5e7d1-5e0e-4845-9f36-9490ebcfcb1e','pk_transtype',null,'#111111',null,'~',204, '', null,null,null,null,null,'N',0,null,'N','N','N',null,'N','N','N','refer',null,28,'uap.BilltypeVO.billtypename','b0fa41cd-a649-4309-b685-d341a5d1b0ed','pk_transtype',null,'~',25,'6cd9c201-d6ce-4061-94e2-f06a523ef61f','uap/refer/riart/transtype/index','影响因素交 易类型',null,'N','app_91H10545_00003',null,null,'2020-05-20 15:32:57',null,'Y',null);
        go

        insert into pub_form_property(pk_form_property,areaid,classid,code,colnum,color,creationtime,creator,datatype,dataval,defaultvalue,defaultvar,define1,define2,define3,disabled,dr,editformula,hyperlinkflag,iscode,isdefined,ismultiselectedenabled,isnextrow,isrevise,istotal,itemtype,label,maxlength,metadataproperty,metaid,metapath,modifiedtime,modifier,position,proid,refcode,refname,relatemeta,required,resid,showformula,textrows,ts,validateformula,visible,width)
        values('0001ZZZZa40261598003','0001ZZZZ14db4b26f2e7','68b5e7d1-5e0e-4845-9f36-9490ebcfcb1e','transtypecode',null,'#111111',null,'~',1, null, null,null,null,null,null,'N',0,null,'N','N','N',null,'N','N','N','input',null,28,NULL,'','transtypecode',null,'~',24,'d98fa264-f544-408f-8294-2cbb48ee59b1','/common-ref/','-99',null,'N','app_91H10545_00004',null,null,'2020-05-20 15:32:57',null,'Y',null);
        go

        insert into pub_form_property(pk_form_property,areaid,classid,code,colnum,color,creationtime,creator,datatype,dataval,defaultvalue,defaultvar,define1,define2,define3,disabled,dr,editformula,hyperlinkflag,iscode,isdefined,ismultiselectedenabled,isnextrow,isrevise,istotal,itemtype,label,maxlength,metadataproperty,metaid,metapath,modifiedtime,modifier,position,proid,refcode,refname,relatemeta,required,resid,showformula,textrows,ts,validateformula,visible,width)
        values('0001ZZZZa40261598004','0001ZZZZ14db4b26f2e7','68b5e7d1-5e0e-4845-9f36-9490ebcfcb1e','missionname',null,'#111111',null,'~',1, null, null,null,null,null,null,'N',0,null,'N','N','N',null,'N','N','N','input',null,28,NULL,'','missionname',null,'~',5,'3ef216ff-9299-46c1-8c2b-bad52f0cec92','/common-ref/','-99',null,'N','app_91H10545_00005',null,null,'2020-05-20 15:32:57',null,'Y',null);
        go

        insert into pub_form_property(pk_form_property,areaid,classid,code,colnum,color,creationtime,creator,datatype,dataval,defaultvalue,defaultvar,define1,define2,define3,disabled,dr,editformula,hyperlinkflag,iscode,isdefined,ismultiselectedenabled,isnextrow,isrevise,istotal,itemtype,label,maxlength,metadataproperty,metaid,metapath,modifiedtime,modifier,position,proid,refcode,refname,relatemeta,required,resid,showformula,textrows,ts,validateformula,visible,width)
        values('0001ZZZZa40261598005','0001ZZZZ14db4b26f2e7','68b5e7d1-5e0e-4845-9f36-9490ebcfcb1e','missiondetail',null,'#111111',null,'~',1, null, null,null,null,null,null,'N',0,null,'N','N','N',null,'N','N','N','input',null,28,NULL,'','missiondetail',null,'~',9,'b02c01db-9768-45a0-a8bd-48f4c17b9e2d','/common-ref/','-99',null,'N','app_91H10545_00006',null,null,'2020-05-20 15:32:57',null,'Y',null);
        go

        insert into pub_form_property(pk_form_property,areaid,classid,code,colnum,color,creationtime,creator,datatype,dataval,defaultvalue,defaultvar,define1,define2,define3,disabled,dr,editformula,hyperlinkflag,iscode,isdefined,ismultiselectedenabled,isnextrow,isrevise,istotal,itemtype,label,maxlength,metadataproperty,metaid,metapath,modifiedtime,modifier,position,proid,refcode,refname,relatemeta,required,resid,showformula,textrows,ts,validateformula,visible,width)
        values('0001ZZZZa40261598006','0001ZZZZ14db4b26f2e7','68b5e7d1-5e0e-4845-9f36-9490ebcfcb1e','missioncode',null,'#111111',null,'~',1, null, null,null,null,null,null,'N',0,null,'N','N','N',null,'N','N','N','input',null,28,NULL,'','missioncode',null,'~',4,'e85edf6d-5ff3-4ba5-ae3e-02520f55da51','/common-ref/','-99',null,'N','app_91H10545_00007',null,null,'2020-05-20 15:32:57',null,'Y',null);
        go

        insert into pub_form_property(pk_form_property,areaid,classid,code,colnum,color,creationtime,creator,datatype,dataval,defaultvalue,defaultvar,define1,define2,define3,disabled,dr,editformula,hyperlinkflag,iscode,isdefined,ismultiselectedenabled,isnextrow,isrevise,istotal,itemtype,label,maxlength,metadataproperty,metaid,metapath,modifiedtime,modifier,position,proid,refcode,refname,relatemeta,required,resid,showformula,textrows,ts,validateformula,visible,width)
        values('0001ZZZZa40261598007','0001ZZZZ14db4b26f2e7','68b5e7d1-5e0e-4845-9f36-9490ebcfcb1e','modifier',null,'#111111',null,'~',204, '', null,null,null,null,null,'N',0,null,'N','N','N',null,'N','N','N','refer',null,28,'uap.user.user_name','f6f9a473-56c0-432f-8bc7-fbf8fde54fee','modifier',null,'~',30,'e5243db6-5f95-4e0e-977a-d0d73208d2ff','uap/refer/riart/userDefaultRefer/index','用户',null,'N','app_91H10545_00008',null,null,'2020-05-20 15:32:57',null,'Y',null);
        go

        insert into pub_form_property(pk_form_property,areaid,classid,code,colnum,color,creationtime,creator,datatype,dataval,defaultvalue,defaultvar,define1,define2,define3,disabled,dr,editformula,hyperlinkflag,iscode,isdefined,ismultiselectedenabled,isnextrow,isrevise,istotal,itemtype,label,maxlength,metadataproperty,metaid,metapath,modifiedtime,modifier,position,proid,refcode,refname,relatemeta,required,resid,showformula,textrows,ts,validateformula,visible,width)
        values('0001ZZZZa40261598008','0001ZZZZ14db4b26f2e7','68b5e7d1-5e0e-4845-9f36-9490ebcfcb1e','modifiedtime',null,'#111111',null,'~',34, null, null,null,null,null,null,'N',0,null,'N','N','N',null,'N','N','N','datetimepicker',null,28,NULL,'','modifiedtime',null,'~',31,'0739f82c-b7bd-4835-be8e-2d9aab73473a','/common-ref/','-99',null,'N','app_91H10545_00009',null,null,'2020-05-20 15:32:57',null,'Y',null);
        go

        insert into pub_form_property(pk_form_property,areaid,classid,code,colnum,color,creationtime,creator,datatype,dataval,defaultvalue,defaultvar,define1,define2,define3,disabled,dr,editformula,hyperlinkflag,iscode,isdefined,ismultiselectedenabled,isnextrow,isrevise,istotal,itemtype,label,maxlength,metadataproperty,metaid,metapath,modifiedtime,modifier,position,proid,refcode,refname,relatemeta,required,resid,showformula,textrows,ts,validateformula,visible,width)
        values('0001ZZZZa40261598009','0001ZZZZ14db4b26f2e7','68b5e7d1-5e0e-4845-9f36-9490ebcfcb1e','creator',null,'#111111',null,'~',204, '', null,null,null,null,null,'N',0,null,'N','N','N',null,'N','N','N','refer',null,28,'uap.user.user_name','f6f9a473-56c0-432f-8bc7-fbf8fde54fee','creator',null,'~',28,'3b2512bb-0ffe-43fa-b81d-66dd6247e49d','uap/refer/riart/userDefaultRefer/index','用户',null,'N','app_91H10545_00010',null,null,'2020-05-20 15:32:57',null,'Y',null);
        go

        insert into pub_form_property(pk_form_property,areaid,classid,code,colnum,color,creationtime,creator,datatype,dataval,defaultvalue,defaultvar,define1,define2,define3,disabled,dr,editformula,hyperlinkflag,iscode,isdefined,ismultiselectedenabled,isnextrow,isrevise,istotal,itemtype,label,maxlength,metadataproperty,metaid,metapath,modifiedtime,modifier,position,proid,refcode,refname,relatemeta,required,resid,showformula,textrows,ts,validateformula,visible,width)
        values('0001ZZZZa40261598010','0001ZZZZ14db4b26f2e7','68b5e7d1-5e0e-4845-9f36-9490ebcfcb1e','creationtime',null,'#111111',null,'~',34, null, null,null,null,null,null,'N',0,null,'N','N','N',null,'N','N','N','datetimepicker',null,28,NULL,'','creationtime',null,'~',29,'1264d245-92ce-4d44-89f1-77e7df03b732','/common-ref/','-99',null,'N','app_91H10545_00011',null,null,'2020-05-20 15:32:57',null,'Y',null);
        go

        insert into pub_form_property(pk_form_property,areaid,classid,code,colnum,color,creationtime,creator,datatype,dataval,defaultvalue,defaultvar,define1,define2,define3,disabled,dr,editformula,hyperlinkflag,iscode,isdefined,ismultiselectedenabled,isnextrow,isrevise,istotal,itemtype,label,maxlength,metadataproperty,metaid,metapath,modifiedtime,modifier,position,proid,refcode,refname,relatemeta,required,resid,showformula,textrows,ts,validateformula,visible,width)
        values('0001ZZZZa40261598011','0001ZZZZ14db4b26f2e7','68b5e7d1-5e0e-4845-9f36-9490ebcfcb1e','billmaker',null,'#111111',null,'~',204, '', null,null,null,null,null,'N',0,null,'N','N','N',null,'N','N','N','refer',null,28,'uap.user.user_name','f6f9a473-56c0-432f-8bc7-fbf8fde54fee','billmaker',null,'~',26,'50917f2b-79ae-4025-9b33-d5026112e56e','uap/refer/riart/userDefaultRefer/index','用户',null,'N','app_91H10545_00012',null,null,'2020-05-20 15:32:57',null,'Y',null);
        go

        insert into pub_form_property(pk_form_property,areaid,classid,code,colnum,color,creationtime,creator,datatype,dataval,defaultvalue,defaultvar,define1,define2,define3,disabled,dr,editformula,hyperlinkflag,iscode,isdefined,ismultiselectedenabled,isnextrow,isrevise,istotal,itemtype,label,maxlength,metadataproperty,metaid,metapath,modifiedtime,modifier,position,proid,refcode,refname,relatemeta,required,resid,showformula,textrows,ts,validateformula,visible,width)
        values('0001ZZZZa40261598012','0001ZZZZ14db4b26f2e7','68b5e7d1-5e0e-4845-9f36-9490ebcfcb1e','maketime',null,'#111111',null,'~',33, null, null,null,null,null,null,'N',0,null,'N','N','N',null,'N','N','N','datepicker',null,28,NULL,'','maketime',null,'~',27,'f5430922-376e-41f6-b974-eb4a39e64727','/common-ref/','-99',null,'N','app_91H10545_00013',null,null,'2020-05-20 15:32:57',null,'Y',null);
        go

        insert into pub_form_property(pk_form_property,areaid,classid,code,colnum,color,creationtime,creator,datatype,dataval,defaultvalue,defaultvar,define1,define2,define3,disabled,dr,editformula,hyperlinkflag,iscode,isdefined,ismultiselectedenabled,isnextrow,isrevise,istotal,itemtype,label,maxlength,metadataproperty,metaid,metapath,modifiedtime,modifier,position,proid,refcode,refname,relatemeta,required,resid,showformula,textrows,ts,validateformula,visible,width)
        values('0001ZZZZa40261598013','0001ZZZZ14db4b26f2e7','68b5e7d1-5e0e-4845-9f36-9490ebcfcb1e','advanceplan',null,'#111111',null,'~',1, null, null,null,null,null,null,'N',0,null,'N','N','N',null,'N','N','N','input',null,28,NULL,'','advanceplan',null,'~',10,'d85fba3b-6378-4084-ae58-4df44c707068','/common-ref/','-99',null,'N','app_91H10545_00014',null,null,'2020-05-20 15:32:57',null,'Y',null);
        go

        insert into pub_form_property(pk_form_property,areaid,classid,code,colnum,color,creationtime,creator,datatype,dataval,defaultvalue,defaultvar,define1,define2,define3,disabled,dr,editformula,hyperlinkflag,iscode,isdefined,ismultiselectedenabled,isnextrow,isrevise,istotal,itemtype,label,maxlength,metadataproperty,metaid,metapath,modifiedtime,modifier,position,proid,refcode,refname,relatemeta,required,resid,showformula,textrows,ts,validateformula,visible,width)
        values('0001ZZZZa40261598014','0001ZZZZ14db4b26f2e7','68b5e7d1-5e0e-4845-9f36-9490ebcfcb1e','billno',null,'#111111',null,'~',1, null, null,null,null,null,null,'Y',0,null,'N','N','N',null,'N','N','N','input',null,28,NULL,'','billno',null,'~',20,'b5e24bba-8042-4230-be8e-58b68896dce9','/common-ref/','-99',null,'N','app_91H10545_00015',null,null,'2020-05-20 15:32:57',null,'Y',null);
        go

        insert into pub_form_property(pk_form_property,areaid,classid,code,colnum,color,creationtime,creator,datatype,dataval,defaultvalue,defaultvar,define1,define2,define3,disabled,dr,editformula,hyperlinkflag,iscode,isdefined,ismultiselectedenabled,isnextrow,isrevise,istotal,itemtype,label,maxlength,metadataproperty,metaid,metapath,modifiedtime,modifier,position,proid,refcode,refname,relatemeta,required,resid,showformula,textrows,ts,validateformula,visible,width)
        values('0001ZZZZa40261598015','0001ZZZZ14db4b26f2e7','68b5e7d1-5e0e-4845-9f36-9490ebcfcb1e','dbilldate',null,'#111111',null,'~',33, null, null,null,null,null,null,'N',0,null,'N','N','N',null,'N','N','N','datepicker',null,28,NULL,'','dbilldate',null,'~',18,'1cb15071-7e8e-4bd2-8cad-010c27d7b860','/common-ref/','-99',null,'N','app_91H10545_00016',null,null,'2020-05-20 15:32:57',null,'Y',null);
        go

        insert into pub_form_property(pk_form_property,areaid,classid,code,colnum,color,creationtime,creator,datatype,dataval,defaultvalue,defaultvar,define1,define2,define3,disabled,dr,editformula,hyperlinkflag,iscode,isdefined,ismultiselectedenabled,isnextrow,isrevise,istotal,itemtype,label,maxlength,metadataproperty,metaid,metapath,modifiedtime,modifier,position,proid,refcode,refname,relatemeta,required,resid,showformula,textrows,ts,validateformula,visible,width)
        values('0001ZZZZa40261598016','0001ZZZZ14db4b26f2e7','68b5e7d1-5e0e-4845-9f36-9490ebcfcb1e','billstatus',null,'#111111',null,'~',203, '自由=-1,审批未通过=0,审批通过=1,审批进行中=2,提交=3','-1',null,null,null,null,'N',0,null,'N','N','N',null,'N','N','N','select',null,28,NULL,'','billstatus',null,'~',19,'9da38994-4ccd-409c-8d71-2f0da2152cb7','/common-ref/','-99',null,'N','app_91H10545_00017',null,null,'2020-05-20 15:32:57',null,'Y',null);
        go

        insert into pub_form_property(pk_form_property,areaid,classid,code,colnum,color,creationtime,creator,datatype,dataval,defaultvalue,defaultvar,define1,define2,define3,disabled,dr,editformula,hyperlinkflag,iscode,isdefined,ismultiselectedenabled,isnextrow,isrevise,istotal,itemtype,label,maxlength,metadataproperty,metaid,metapath,modifiedtime,modifier,position,proid,refcode,refname,relatemeta,required,resid,showformula,textrows,ts,validateformula,visible,width)
        values('0001ZZZZa40261598017','0001ZZZZ14db4b26f2e7','68b5e7d1-5e0e-4845-9f36-9490ebcfcb1e','pk_billtypeid',null,'#111111',null,'~',204, '', null,null,null,null,null,'N',0,null,'N','N','N',null,'N','N','N','refer',null,28,'uap.BilltypeVO.billtypename','b0fa41cd-a649-4309-b685-d341a5d1b0ed','pk_billtypeid',null,'~',22,'30db2b16-a178-42bb-b5e9-8867e704a6e5','uap/refer/riart/billtype/index','影响因素单据类型',null,'N','app_91H10545_00018',null,null,'2020-05-20 15:32:57',null,'Y',null);
        go

        insert into pub_form_property(pk_form_property,areaid,classid,code,colnum,color,creationtime,creator,datatype,dataval,defaultvalue,defaultvar,define1,define2,define3,disabled,dr,editformula,hyperlinkflag,iscode,isdefined,ismultiselectedenabled,isnextrow,isrevise,istotal,itemtype,label,maxlength,metadataproperty,metaid,metapath,modifiedtime,modifier,position,proid,refcode,refname,relatemeta,required,resid,showformula,textrows,ts,validateformula,visible,width)
        values('0001ZZZZa40261598018','0001ZZZZ14db4b26f2e7','68b5e7d1-5e0e-4845-9f36-9490ebcfcb1e','billtype',null,'#111111',null,'~',1, null, null,null,null,null,null,'N',0,null,'N','N','N',null,'N','N','N','input',null,28,NULL,'','billtype',null,'~',23,'39b72d61-2b3c-41ff-8a15-d78046d65709','/common-ref/','-99',null,'N','app_91H10545_00019',null,null,'2020-05-20 15:32:57',null,'Y',null);
        go

        insert into pub_form_property(pk_form_property,areaid,classid,code,colnum,color,creationtime,creator,datatype,dataval,defaultvalue,defaultvar,define1,define2,define3,disabled,dr,editformula,hyperlinkflag,iscode,isdefined,ismultiselectedenabled,isnextrow,isrevise,istotal,itemtype,label,maxlength,metadataproperty,metaid,metapath,modifiedtime,modifier,position,proid,refcode,refname,relatemeta,required,resid,showformula,textrows,ts,validateformula,visible,width)
        values('0001ZZZZa40261598020','0001ZZZZ14db4b26f2e7','68b5e7d1-5e0e-4845-9f36-9490ebcfcb1e','approver',null,'#111111',null,'~',204, '', null,null,null,null,null,'N',0,null,'N','N','N',null,'N','N','N','refer',null,28,'uap.user.user_name','f6f9a473-56c0-432f-8bc7-fbf8fde54fee','approver',null,'~',32,'6d681846-7260-4646-bd07-0829ccc8fe5d','uap/refer/riart/userDefaultRefer/index','用户',null,'N','app_91H10545_00021',null,null,'2020-05-20 15:32:57',null,'Y',null);
        go

        insert into pub_form_property(pk_form_property,areaid,classid,code,colnum,color,creationtime,creator,datatype,dataval,defaultvalue,defaultvar,define1,define2,define3,disabled,dr,editformula,hyperlinkflag,iscode,isdefined,ismultiselectedenabled,isnextrow,isrevise,istotal,itemtype,label,maxlength,metadataproperty,metaid,metapath,modifiedtime,modifier,position,proid,refcode,refname,relatemeta,required,resid,showformula,textrows,ts,validateformula,visible,width)
        values('0001ZZZZa40261598021','0001ZZZZ14db4b26f2e7','68b5e7d1-5e0e-4845-9f36-9490ebcfcb1e','approvenote',null,'#111111',null,'~',1, null, null,null,null,null,null,'N',0,null,'N','N','N',null,'N','N','N','input',null,28,NULL,'','approvenote',null,'~',34,'ce3bac03-c1c6-4c3c-9fbf-2b84b3fc26b0','/common-ref/','-99',null,'N','app_91H10545_00022',null,null,'2020-05-20 15:32:57',null,'Y',null);
        go

        insert into pub_form_property(pk_form_property,areaid,classid,code,colnum,color,creationtime,creator,datatype,dataval,defaultvalue,defaultvar,define1,define2,define3,disabled,dr,editformula,hyperlinkflag,iscode,isdefined,ismultiselectedenabled,isnextrow,isrevise,istotal,itemtype,label,maxlength,metadataproperty,metaid,metapath,modifiedtime,modifier,position,proid,refcode,refname,relatemeta,required,resid,showformula,textrows,ts,validateformula,visible,width)
        values('0001ZZZZa40261598022','0001ZZZZ14db4b26f2e7','68b5e7d1-5e0e-4845-9f36-9490ebcfcb1e','approvedate',null,'#111111',null,'~',34, null, null,null,null,null,null,'N',0,null,'N','N','N',null,'N','N','N','datetimepicker',null,28,NULL,'','approvedate',null,'~',14,'c214cd01-87d5-43af-87f2-efe488a98a25','/common-ref/','-99',null,'N','app_91H10545_00023',null,null,'2020-05-20 15:32:57',null,'Y',null);
        go

        insert into pub_form_property(pk_form_property,areaid,classid,code,colnum,color,creationtime,creator,datatype,dataval,defaultvalue,defaultvar,define1,define2,define3,disabled,dr,editformula,hyperlinkflag,iscode,isdefined,ismultiselectedenabled,isnextrow,isrevise,istotal,itemtype,label,maxlength,metadataproperty,metaid,metapath,modifiedtime,modifier,position,proid,refcode,refname,relatemeta,required,resid,showformula,textrows,ts,validateformula,visible,width)
        values('0001ZZZZa40261598023','0001ZZZZ14db4b26f2e7','68b5e7d1-5e0e-4845-9f36-9490ebcfcb1e','approvestatus',null,'#111111',null,'~',203, '自由=-1,审批未通过=0,审批通过=1,审批进行中=2,提交=3', null,null,null,null,null,'N',0,null,'N','N','N',null,'N','N','N','select',null,28,NULL,'','approvestatus',null,'~',33,'b98eaf6c-13ca-4158-a82a-8d88db46bf6a','/common-ref/','-99',null,'N','app_91H10545_00024',null,null,'2020-05-20 15:32:57',null,'Y',null);
        go

        insert into pub_form_property(pk_form_property,areaid,classid,code,colnum,color,creationtime,creator,datatype,dataval,defaultvalue,defaultvar,define1,define2,define3,disabled,dr,editformula,hyperlinkflag,iscode,isdefined,ismultiselectedenabled,isnextrow,isrevise,istotal,itemtype,label,maxlength,metadataproperty,metaid,metapath,modifiedtime,modifier,position,proid,refcode,refname,relatemeta,required,resid,showformula,textrows,ts,validateformula,visible,width)
        values('0001ZZZZa40261598037','0001ZZZZ14db4b26f2e7','68b5e7d1-5e0e-4845-9f36-9490ebcfcb1e','pk_org',null,'#111111',null,'~',204, '', null,null,null,null,null,'N',0,null,'N','N','N',null,'N','N','N','refer',null,28,'uap.org.name','985be8a4-3a36-4778-8afe-2d8ed3902659','pk_org',null,'~',16,'7867c45d-c52e-43c4-a405-fb3f43db8081','uapbd/refer/org/BusinessUnitAndDeptTreeRef/index','业务单元及部门',null,'N','app_91H10545_00038',null,null,'2020-05-20 15:32:57',null,'Y',null);
        go

        insert into pub_form_property(pk_form_property,areaid,classid,code,colnum,color,creationtime,creator,datatype,dataval,defaultvalue,defaultvar,define1,define2,define3,disabled,dr,editformula,hyperlinkflag,iscode,isdefined,ismultiselectedenabled,isnextrow,isrevise,istotal,itemtype,label,maxlength,metadataproperty,metaid,metapath,modifiedtime,modifier,position,proid,refcode,refname,relatemeta,required,resid,showformula,textrows,ts,validateformula,visible,width)
        values('0001ZZZZa40261598038','0001ZZZZ14db4b26f2e7','68b5e7d1-5e0e-4845-9f36-9490ebcfcb1e','pk_org_v',null,'#111111',null,'~',204, '', null,null,null,null,null,'N',0,null,'N','N','N',null,'N','N','N','refer',null,28,'uap.org_v.name','da7bba89-9a59-42d6-a262-c13ef459dbd9','pk_org_v',null,'~',17,'79a25f74-883a-43bf-a4ef-ebc2104ef67e','uapbd/refer/orgv/BusinessUnitVersionDefaultAllTreeRef/index','业务单元版本(所有)',null,'N','app_91H10545_00039',null,null,'2020-05-20 15:32:57',null,'N',null);
        go

        insert into pub_form_property(pk_form_property,areaid,classid,code,colnum,color,creationtime,creator,datatype,dataval,defaultvalue,defaultvar,define1,define2,define3,disabled,dr,editformula,hyperlinkflag,iscode,isdefined,ismultiselectedenabled,isnextrow,isrevise,istotal,itemtype,label,maxlength,metadataproperty,metaid,metapath,modifiedtime,modifier,position,proid,refcode,refname,relatemeta,required,resid,showformula,textrows,ts,validateformula,visible,width)
        values('0001ZZZZa40261598089','0001ZZZZ14db4b26f2e7','68b5e7d1-5e0e-4845-9f36-9490ebcfcb1e','planname',null,'#111111',null,'~',1, null, null,null,null,null,null,'N',0,null,'N','N','N',null,'N','N','N','input',null,28,NULL,'','planname',null,'~',3,'0176ad49-3fe7-40b7-ab35-0d4c6f178ed7','/common-ref/','-99',null,'N','app_91H10545_00090',null,null,'2020-05-20 15:32:57',null,'Y',null);
        go

        insert into pub_form_property(pk_form_property,areaid,classid,code,colnum,color,creationtime,creator,datatype,dataval,defaultvalue,defaultvar,define1,define2,define3,disabled,dr,editformula,hyperlinkflag,iscode,isdefined,ismultiselectedenabled,isnextrow,isrevise,istotal,itemtype,label,maxlength,metadataproperty,metaid,metapath,modifiedtime,modifier,position,proid,refcode,refname,relatemeta,required,resid,showformula,textrows,ts,validateformula,visible,width)
        values('0001ZZZZa40261598090','0001ZZZZ14db4b26f2e7','68b5e7d1-5e0e-4845-9f36-9490ebcfcb1e','planduration',null,'#111111',null,'~',1, null, null,null,null,null,null,'N',0,null,'N','N','N',null,'N','N','N','input',null,28,NULL,'','planduration',null,'~',8,'2a07a846-d4a0-4a92-84b6-928d1cc12faf','/common-ref/','-99',null,'N','app_91H10545_00091',null,null,'2020-05-20 15:32:57',null,'Y',null);
        go

        insert into pub_form_property(pk_form_property,areaid,classid,code,colnum,color,creationtime,creator,datatype,dataval,defaultvalue,defaultvar,define1,define2,define3,disabled,dr,editformula,hyperlinkflag,iscode,isdefined,ismultiselectedenabled,isnextrow,isrevise,istotal,itemtype,label,maxlength,metadataproperty,metaid,metapath,modifiedtime,modifier,position,proid,refcode,refname,relatemeta,required,resid,showformula,textrows,ts,validateformula,visible,width)
        values('0001ZZZZa40261598091','0001ZZZZ14db4b26f2e7','68b5e7d1-5e0e-4845-9f36-9490ebcfcb1e','projectstartdate',null,'#111111',null,'~',33, null, null,null,null,null,null,'N',0,null,'N','N','N',null,'N','N','N','datepicker',null,28,NULL,'','projectstartdate',null,'~',6,'d26b0241-16a4-46ca-b9b2-ebf13cb7b2a8','/common-ref/','-99',null,'N','app_91H10545_00092',null,null,'2020-05-20 15:32:57',null,'Y',null);
        go

        insert into pub_form_property(pk_form_property,areaid,classid,code,colnum,color,creationtime,creator,datatype,dataval,defaultvalue,defaultvar,define1,define2,define3,disabled,dr,editformula,hyperlinkflag,iscode,isdefined,ismultiselectedenabled,isnextrow,isrevise,istotal,itemtype,label,maxlength,metadataproperty,metaid,metapath,modifiedtime,modifier,position,proid,refcode,refname,relatemeta,required,resid,showformula,textrows,ts,validateformula,visible,width)
        values('0001ZZZZa40261598092','0001ZZZZ14db4b26f2e7','68b5e7d1-5e0e-4845-9f36-9490ebcfcb1e','projectdeaddate',null,'#111111',null,'~',33, null, null,null,null,null,null,'N',0,null,'N','N','N',null,'N','N','N','datepicker',null,28,NULL,'','projectdeaddate',null,'~',7,'e8bd648d-1426-46f1-ac83-c5df7c8338e5','/common-ref/','-99',null,'N','app_91H10545_00093',null,null,'2020-05-20 15:32:57',null,'Y',null);
        go

        insert into pub_form_property(pk_form_property,areaid,classid,code,colnum,color,creationtime,creator,datatype,dataval,defaultvalue,defaultvar,define1,define2,define3,disabled,dr,editformula,hyperlinkflag,iscode,isdefined,ismultiselectedenabled,isnextrow,isrevise,istotal,itemtype,label,maxlength,metadataproperty,metaid,metapath,modifiedtime,modifier,position,proid,refcode,refname,relatemeta,required,resid,showformula,textrows,ts,validateformula,visible,width)
        values('0001ZZZZa40261598093','0001ZZZZ14db4b26f2e7','68b5e7d1-5e0e-4845-9f36-9490ebcfcb1e','dutyperson',null,'#111111',null,'~',204, '', null,null,null,null,null,'N',0,null,'N','N','N',null,'N','N','N','refer',null,28,NULL,'40d39c26-a2b6-4f16-a018-45664cac1a1f','dutyperson',null,'~',12,'bf1eb32d-ab77-483c-9384-1e1d849d420a','uapbd/refer/psninfo/PsndocRiartTreeGridRef/index','人员',null,'N','app_91H10545_00094',null,null,'2020-05-20 15:32:57',null,'Y',null);
        go

        insert into pub_form_property(pk_form_property,areaid,classid,code,colnum,color,creationtime,creator,datatype,dataval,defaultvalue,defaultvar,define1,define2,define3,disabled,dr,editformula,hyperlinkflag,iscode,isdefined,ismultiselectedenabled,isnextrow,isrevise,istotal,itemtype,label,maxlength,metadataproperty,metaid,metapath,modifiedtime,modifier,position,proid,refcode,refname,relatemeta,required,resid,showformula,textrows,ts,validateformula,visible,width)
        values('0001ZZZZa40261598094','0001ZZZZ14db4b26f2e7','68b5e7d1-5e0e-4845-9f36-9490ebcfcb1e','dutydept',null,'#111111',null,'~',204, '', null,null,null,null,null,'N',0,null,'N','N','N',null,'N','N','N','refer',null,28,'uap.dept.name','b26fa3cb-4087-4027-a3b6-c83ab2a086a9','dutydept',null,'~',13,'f3cb7651-55b0-46d9-ac1d-54d5d2610bb2','uapbd/refer/org/DeptTreeRef/index','部门',null,'N','app_91H10545_00095',null,null,'2020-05-20 15:32:57',null,'Y',null);
        go

        insert into pub_form_property(pk_form_property,areaid,classid,code,colnum,color,creationtime,creator,datatype,dataval,defaultvalue,defaultvar,define1,define2,define3,disabled,dr,editformula,hyperlinkflag,iscode,isdefined,ismultiselectedenabled,isnextrow,isrevise,istotal,itemtype,label,maxlength,metadataproperty,metaid,metapath,modifiedtime,modifier,position,proid,refcode,refname,relatemeta,required,resid,showformula,textrows,ts,validateformula,visible,width)
        values('0001ZZZZa40261598095','0001ZZZZ14db4b26f2e7','68b5e7d1-5e0e-4845-9f36-9490ebcfcb1e','milepost',null,'#111111',null,'~',1, null, null,null,null,null,null,'N',0,null,'N','N','N',null,'N','N','N','input',null,28,NULL,'','milepost',null,'~',11,'4bc586e7-7037-4e39-ba7b-88bf9a531117','/common-ref/','-99',null,'N','app_91H10545_00096',null,null,'2020-05-20 15:32:57',null,'Y',null);
        go

        insert into pub_form_property(pk_form_property,areaid,classid,code,colnum,color,creationtime,creator,datatype,dataval,defaultvalue,defaultvar,define1,define2,define3,disabled,dr,editformula,hyperlinkflag,iscode,isdefined,ismultiselectedenabled,isnextrow,isrevise,istotal,itemtype,label,maxlength,metadataproperty,metaid,metapath,modifiedtime,modifier,position,proid,refcode,refname,relatemeta,required,resid,showformula,textrows,ts,validateformula,visible,width)
        values('0001ZZZZa40261598096','0001ZZZZ14db4b26f2e7','68b5e7d1-5e0e-4845-9f36-9490ebcfcb1e','pk_group',null,'#111111',null,'~',204, '', null,null,null,null,null,'N',0,null,'N','N','N',null,'N','N','N','refer',null,28,'uap.group.name','3b6dd171-2900-47f3-bfbe-41e4483a2a65','pk_group',null,'~',15,'6908152e-fb5c-441f-97e3-4da6e8920f5e','uap/refer/riart/groupTreeRef/index','集团',null,'N','app_91H10545_00097',null,null,'2020-05-20 15:32:57',null,'Y',null);
        go

        insert into pub_form_property(pk_form_property,areaid,classid,code,colnum,color,creationtime,creator,datatype,dataval,defaultvalue,defaultvar,define1,define2,define3,disabled,dr,editformula,hyperlinkflag,iscode,isdefined,ismultiselectedenabled,isnextrow,isrevise,istotal,itemtype,label,maxlength,metadataproperty,metaid,metapath,modifiedtime,modifier,position,proid,refcode,refname,relatemeta,required,resid,showformula,textrows,ts,validateformula,visible,width)
        values('0001ZZZZa40261598097','0001ZZZZ14db4b26f2e7','68b5e7d1-5e0e-4845-9f36-9490ebcfcb1e','projectname',null,'#111111',null,'~',1, null, null,null,null,null,null,'N',0,null,'N','N','N',null,'N','N','N','input',null,28,NULL,'','projectname',null,'~',2,'fd28677b-04c6-4d30-b38c-9d3e039b2176','/common-ref/','-99',null,'N','app_91H10545_00098',null,null,'2020-05-20 15:32:57',null,'Y',null);
        go








            insert into pub_form_property(pk_form_property,areaid,classid,code,colnum,color,creationtime,creator,datatype,dataval,defaultvalue,defaultvar,define1,define2,define3,disabled,dr,editformula,hyperlinkflag,iscode,isdefined,ismultiselectedenabled,isnextrow,isrevise,istotal,itemtype,label,maxlength,metadataproperty,metaid,metapath,modifiedtime,modifier,position,proid,refcode,refname,relatemeta,required,resid,showformula,textrows,ts,validateformula,visible,width)
            values('0001ZZZZ0e359110f001','0001ZZZZ31a069ad8ac8','68b5e7d1-5e0e-4845-9f36-9490ebcfcb1e','pk_busitype','1','#111111',null,'~',204,'' , null,null,null,null,null,'N',0,null,'N','N','N',null,'N','N','N','refer',null,28,'uap.BusitypeVO.businame','','pk_busitype',null,'~',21,'95631d0d-020c-4704-b9aa-e5914c692861','uap/refer/riart/busitype/index','业务流程',null,'N','app_91H10545_00002',null,null,'2020-05-20 15:32:57',null,'Y',null);
            go
            insert into pub_form_property(pk_form_property,areaid,classid,code,colnum,color,creationtime,creator,datatype,dataval,defaultvalue,defaultvar,define1,define2,define3,disabled,dr,editformula,hyperlinkflag,iscode,isdefined,ismultiselectedenabled,isnextrow,isrevise,istotal,itemtype,label,maxlength,metadataproperty,metaid,metapath,modifiedtime,modifier,position,proid,refcode,refname,relatemeta,required,resid,showformula,textrows,ts,validateformula,visible,width)
            values('0001ZZZZ0e359110f002','0001ZZZZ31a069ad8ac8','68b5e7d1-5e0e-4845-9f36-9490ebcfcb1e','pk_transtype','1','#111111',null,'~',204,'' , null,null,null,null,null,'N',0,null,'N','N','N',null,'N','N','N','refer',null,28,'uap.BilltypeVO.billtypename','','pk_transtype',null,'~',25,'c86703e9-bf97-48e0-8765-eab27e9df782','uap/refer/riart/transtype/index','影响因素交 易类型',null,'N','app_91H10545_00003',null,null,'2020-05-20 15:32:57',null,'Y',null);
            go
            insert into pub_form_property(pk_form_property,areaid,classid,code,colnum,color,creationtime,creator,datatype,dataval,defaultvalue,defaultvar,define1,define2,define3,disabled,dr,editformula,hyperlinkflag,iscode,isdefined,ismultiselectedenabled,isnextrow,isrevise,istotal,itemtype,label,maxlength,metadataproperty,metaid,metapath,modifiedtime,modifier,position,proid,refcode,refname,relatemeta,required,resid,showformula,textrows,ts,validateformula,visible,width)
            values('0001ZZZZ0e359110f003','0001ZZZZ31a069ad8ac8','68b5e7d1-5e0e-4845-9f36-9490ebcfcb1e','transtypecode','1','#111111',null,'~',1,null, null,null,null,null,null,'N',0,null,'N','N','N',null,'N','N','N','input',null,28,NULL,'','transtypecode',null,'~',24,'e4944b86-2616-4f4a-9e75-1af0e01d2082','/common-ref/','-99',null,'N','app_91H10545_00004',null,null,'2020-05-20 15:32:57',null,'Y',null);
            go
            insert into pub_form_property(pk_form_property,areaid,classid,code,colnum,color,creationtime,creator,datatype,dataval,defaultvalue,defaultvar,define1,define2,define3,disabled,dr,editformula,hyperlinkflag,iscode,isdefined,ismultiselectedenabled,isnextrow,isrevise,istotal,itemtype,label,maxlength,metadataproperty,metaid,metapath,modifiedtime,modifier,position,proid,refcode,refname,relatemeta,required,resid,showformula,textrows,ts,validateformula,visible,width)
            values('0001ZZZZ0e359110f004','0001ZZZZ31a069ad8ac8','68b5e7d1-5e0e-4845-9f36-9490ebcfcb1e','missionname','1','#111111',null,'~',1,null, null,null,null,null,null,'N',0,null,'N','N','N',null,'N','N','N','input',null,28,NULL,'','missionname',null,'~',5,'47609a0b-35d8-4563-9a71-c73b439eff9e','/common-ref/','-99',null,'N','app_91H10545_00005',null,null,'2020-05-20 15:32:57',null,'Y',null);
            go
            insert into pub_form_property(pk_form_property,areaid,classid,code,colnum,color,creationtime,creator,datatype,dataval,defaultvalue,defaultvar,define1,define2,define3,disabled,dr,editformula,hyperlinkflag,iscode,isdefined,ismultiselectedenabled,isnextrow,isrevise,istotal,itemtype,label,maxlength,metadataproperty,metaid,metapath,modifiedtime,modifier,position,proid,refcode,refname,relatemeta,required,resid,showformula,textrows,ts,validateformula,visible,width)
            values('0001ZZZZ0e359110f005','0001ZZZZ31a069ad8ac8','68b5e7d1-5e0e-4845-9f36-9490ebcfcb1e','missiondetail','1','#111111',null,'~',1,null, null,null,null,null,null,'N',0,null,'N','N','N',null,'N','N','N','input',null,28,NULL,'','missiondetail',null,'~',9,'f9b37bee-fe7c-4ef5-bcd9-fcd83ee7a5b9','/common-ref/','-99',null,'N','app_91H10545_00006',null,null,'2020-05-20 15:32:57',null,'Y',null);
            go
            insert into pub_form_property(pk_form_property,areaid,classid,code,colnum,color,creationtime,creator,datatype,dataval,defaultvalue,defaultvar,define1,define2,define3,disabled,dr,editformula,hyperlinkflag,iscode,isdefined,ismultiselectedenabled,isnextrow,isrevise,istotal,itemtype,label,maxlength,metadataproperty,metaid,metapath,modifiedtime,modifier,position,proid,refcode,refname,relatemeta,required,resid,showformula,textrows,ts,validateformula,visible,width)
            values('0001ZZZZ0e359110f006','0001ZZZZ31a069ad8ac8','68b5e7d1-5e0e-4845-9f36-9490ebcfcb1e','missioncode','1','#111111',null,'~',1,null, null,null,null,null,null,'N',0,null,'N','N','N',null,'N','N','N','input',null,28,NULL,'','missioncode',null,'~',4,'33d3bb0d-0df8-468b-900f-ef9a8867c87f','/common-ref/','-99',null,'N','app_91H10545_00007',null,null,'2020-05-20 15:32:57',null,'Y',null);
            go
            insert into pub_form_property(pk_form_property,areaid,classid,code,colnum,color,creationtime,creator,datatype,dataval,defaultvalue,defaultvar,define1,define2,define3,disabled,dr,editformula,hyperlinkflag,iscode,isdefined,ismultiselectedenabled,isnextrow,isrevise,istotal,itemtype,label,maxlength,metadataproperty,metaid,metapath,modifiedtime,modifier,position,proid,refcode,refname,relatemeta,required,resid,showformula,textrows,ts,validateformula,visible,width)
            values('0001ZZZZa21491b18c69','0001ZZZZ448084b418f4','68b5e7d1-5e0e-4845-9f36-9490ebcfcb1e','modifier','1','#111111',null,'~',204,'', null,null,null,null,null,'N',0,null,'N','N','N',null,'N','N','N','refer',null,28,'uap.user.user_name','','modifier',null,'~',30,'62765365-2972-4e21-a18f-b09fb87cfe29','uap/refer/riart/userDefaultRefer/index','用户',null,'N','app_91H10545_00008',null,null,'2020-05-20 15:32:57',null,'Y',null);
            go
            insert into pub_form_property(pk_form_property,areaid,classid,code,colnum,color,creationtime,creator,datatype,dataval,defaultvalue,defaultvar,define1,define2,define3,disabled,dr,editformula,hyperlinkflag,iscode,isdefined,ismultiselectedenabled,isnextrow,isrevise,istotal,itemtype,label,maxlength,metadataproperty,metaid,metapath,modifiedtime,modifier,position,proid,refcode,refname,relatemeta,required,resid,showformula,textrows,ts,validateformula,visible,width)
            values('0001ZZZZ8b5439d106f8','0001ZZZZ448084b418f4','68b5e7d1-5e0e-4845-9f36-9490ebcfcb1e','modifiedtime','1','#111111',null,'~',34,null, null,null,null,null,null,'N',0,null,'N','N','N',null,'N','N','N','datetimepicker',null,28,NULL,'','modifiedtime',null,'~',31,'df1aa6ec-23c0-463f-a107-049d185746a8','/common-ref/','-99',null,'N','app_91H10545_00009',null,null,'2020-05-20 15:32:57',null,'Y',null);
            go
            insert into pub_form_property(pk_form_property,areaid,classid,code,colnum,color,creationtime,creator,datatype,dataval,defaultvalue,defaultvar,define1,define2,define3,disabled,dr,editformula,hyperlinkflag,iscode,isdefined,ismultiselectedenabled,isnextrow,isrevise,istotal,itemtype,label,maxlength,metadataproperty,metaid,metapath,modifiedtime,modifier,position,proid,refcode,refname,relatemeta,required,resid,showformula,textrows,ts,validateformula,visible,width)
            values('0001ZZZZd3c7a4ce0367','0001ZZZZ448084b418f4','68b5e7d1-5e0e-4845-9f36-9490ebcfcb1e','creator','1','#111111',null,'~',204,'', null,null,null,null,null,'N',0,null,'N','N','N',null,'N','N','N','refer',null,28,'uap.user.user_name','','creator',null,'~',28,'daf492bd-55d3-469f-97b3-8d13b34e25f9','uap/refer/riart/userDefaultRefer/index','用户',null,'N','app_91H10545_00010',null,null,'2020-05-20 15:32:57',null,'Y',null);
            go
            insert into pub_form_property(pk_form_property,areaid,classid,code,colnum,color,creationtime,creator,datatype,dataval,defaultvalue,defaultvar,define1,define2,define3,disabled,dr,editformula,hyperlinkflag,iscode,isdefined,ismultiselectedenabled,isnextrow,isrevise,istotal,itemtype,label,maxlength,metadataproperty,metaid,metapath,modifiedtime,modifier,position,proid,refcode,refname,relatemeta,required,resid,showformula,textrows,ts,validateformula,visible,width)
            values('0001ZZZZacce259768e4','0001ZZZZ448084b418f4','68b5e7d1-5e0e-4845-9f36-9490ebcfcb1e','creationtime','1','#111111',null,'~',34,null, null,null,null,null,null,'N',0,null,'N','N','N',null,'N','N','N','datetimepicker',null,28,NULL,'','creationtime',null,'~',29,'00be4b8c-6c25-411e-8185-31ff814b956d','/common-ref/','-99',null,'N','app_91H10545_00011',null,null,'2020-05-20 15:32:57',null,'Y',null);
            go
            insert into pub_form_property(pk_form_property,areaid,classid,code,colnum,color,creationtime,creator,datatype,dataval,defaultvalue,defaultvar,define1,define2,define3,disabled,dr,editformula,hyperlinkflag,iscode,isdefined,ismultiselectedenabled,isnextrow,isrevise,istotal,itemtype,label,maxlength,metadataproperty,metaid,metapath,modifiedtime,modifier,position,proid,refcode,refname,relatemeta,required,resid,showformula,textrows,ts,validateformula,visible,width)
            values('0001ZZZZ0e359110f011','0001ZZZZ31a069ad8ac8','68b5e7d1-5e0e-4845-9f36-9490ebcfcb1e','billmaker','1','#111111',null,'~',204,'' , null,null,null,null,null,'N',0,null,'N','N','N',null,'N','N','N','refer',null,28,'uap.user.user_name','','billmaker',null,'~',26,'035e7ff6-9f6e-4a47-9a8e-047e53086d62','uap/refer/riart/userDefaultRefer/index','用户',null,'N','app_91H10545_00012',null,null,'2020-05-20 15:32:57',null,'Y',null);
            go
            insert into pub_form_property(pk_form_property,areaid,classid,code,colnum,color,creationtime,creator,datatype,dataval,defaultvalue,defaultvar,define1,define2,define3,disabled,dr,editformula,hyperlinkflag,iscode,isdefined,ismultiselectedenabled,isnextrow,isrevise,istotal,itemtype,label,maxlength,metadataproperty,metaid,metapath,modifiedtime,modifier,position,proid,refcode,refname,relatemeta,required,resid,showformula,textrows,ts,validateformula,visible,width)
            values('0001ZZZZ0e359110f012','0001ZZZZ31a069ad8ac8','68b5e7d1-5e0e-4845-9f36-9490ebcfcb1e','maketime','1','#111111',null,'~',33,null, null,null,null,null,null,'N',0,null,'N','N','N',null,'N','N','N','datepicker',null,28,NULL,'','maketime',null,'~',27,'00f9734e-2e83-486b-bfb2-9119775d40dd','/common-ref/','-99',null,'N','app_91H10545_00013',null,null,'2020-05-20 15:32:57',null,'Y',null);
            go
            insert into pub_form_property(pk_form_property,areaid,classid,code,colnum,color,creationtime,creator,datatype,dataval,defaultvalue,defaultvar,define1,define2,define3,disabled,dr,editformula,hyperlinkflag,iscode,isdefined,ismultiselectedenabled,isnextrow,isrevise,istotal,itemtype,label,maxlength,metadataproperty,metaid,metapath,modifiedtime,modifier,position,proid,refcode,refname,relatemeta,required,resid,showformula,textrows,ts,validateformula,visible,width)
            values('0001ZZZZ0e359110f013','0001ZZZZ31a069ad8ac8','68b5e7d1-5e0e-4845-9f36-9490ebcfcb1e','advanceplan','1','#111111',null,'~',1,null, null,null,null,null,null,'N',0,null,'N','N','N',null,'N','N','N','input',null,28,NULL,'','advanceplan',null,'~',10,'bd59147a-5fcf-4931-a927-172e6bfa5a7a','/common-ref/','-99',null,'N','app_91H10545_00014',null,null,'2020-05-20 15:32:57',null,'Y',null);
            go
            insert into pub_form_property(pk_form_property,areaid,classid,code,colnum,color,creationtime,creator,datatype,dataval,defaultvalue,defaultvar,define1,define2,define3,disabled,dr,editformula,hyperlinkflag,iscode,isdefined,ismultiselectedenabled,isnextrow,isrevise,istotal,itemtype,label,maxlength,metadataproperty,metaid,metapath,modifiedtime,modifier,position,proid,refcode,refname,relatemeta,required,resid,showformula,textrows,ts,validateformula,visible,width)
            values('0001ZZZZ0e359110f014','0001ZZZZ31a069ad8ac8','68b5e7d1-5e0e-4845-9f36-9490ebcfcb1e','billno','1','#111111',null,'~',1,null, null,null,null,null,null,'Y',0,null,'N','N','N',null,'N','N','N','input',null,28,NULL,'','billno',null,'~',20,'27c8a2c5-8181-475e-bc36-f60f8382af46','/common-ref/','-99',null,'N','app_91H10545_00015',null,null,'2020-05-20 15:32:57',null,'Y',null);
            go
            insert into pub_form_property(pk_form_property,areaid,classid,code,colnum,color,creationtime,creator,datatype,dataval,defaultvalue,defaultvar,define1,define2,define3,disabled,dr,editformula,hyperlinkflag,iscode,isdefined,ismultiselectedenabled,isnextrow,isrevise,istotal,itemtype,label,maxlength,metadataproperty,metaid,metapath,modifiedtime,modifier,position,proid,refcode,refname,relatemeta,required,resid,showformula,textrows,ts,validateformula,visible,width)
            values('0001ZZZZ0e359110f015','0001ZZZZ31a069ad8ac8','68b5e7d1-5e0e-4845-9f36-9490ebcfcb1e','dbilldate','1','#111111',null,'~',33,null, null,null,null,null,null,'N',0,null,'N','N','N',null,'N','N','N','datepicker',null,28,NULL,'','dbilldate',null,'~',18,'87f484fc-652d-4199-aacd-25825ba35716','/common-ref/','-99',null,'N','app_91H10545_00016',null,null,'2020-05-20 15:32:57',null,'Y',null);
            go
            insert into pub_form_property(pk_form_property,areaid,classid,code,colnum,color,creationtime,creator,datatype,dataval,defaultvalue,defaultvar,define1,define2,define3,disabled,dr,editformula,hyperlinkflag,iscode,isdefined,ismultiselectedenabled,isnextrow,isrevise,istotal,itemtype,label,maxlength,metadataproperty,metaid,metapath,modifiedtime,modifier,position,proid,refcode,refname,relatemeta,required,resid,showformula,textrows,ts,validateformula,visible,width)
            values('0001ZZZZ0e359110f016','0001ZZZZ31a069ad8ac8','68b5e7d1-5e0e-4845-9f36-9490ebcfcb1e','billstatus','1','#111111',null,'~',203,'自由=-1,审批未通过=0,审批通过=1,审批进行中=2,提交=3','-1',null,null,null,null,'Y',0,null,'N','N','N',null,'N','N','N','select',null,28,NULL,'','billstatus',null,'~',19,'385c7b82-0bdf-4f46-8fa6-e7f95b71a2dc','/common-ref/','-99',null,'N','app_91H10545_00017',null,null,'2020-05-20 15:32:57',null,'Y',null);
            go
            insert into pub_form_property(pk_form_property,areaid,classid,code,colnum,color,creationtime,creator,datatype,dataval,defaultvalue,defaultvar,define1,define2,define3,disabled,dr,editformula,hyperlinkflag,iscode,isdefined,ismultiselectedenabled,isnextrow,isrevise,istotal,itemtype,label,maxlength,metadataproperty,metaid,metapath,modifiedtime,modifier,position,proid,refcode,refname,relatemeta,required,resid,showformula,textrows,ts,validateformula,visible,width)
            values('0001ZZZZ0e359110f017','0001ZZZZ31a069ad8ac8','68b5e7d1-5e0e-4845-9f36-9490ebcfcb1e','pk_billtypeid','1','#111111',null,'~',204,'' , null,null,null,null,null,'N',0,null,'N','N','N',null,'N','N','N','refer',null,28,'uap.BilltypeVO.billtypename','','pk_billtypeid',null,'~',22,'96045f73-12e6-45f6-9ceb-4be8324bcce0','uap/refer/riart/billtype/index','影响因素单据类型',null,'N','app_91H10545_00018',null,null,'2020-05-20 15:32:57',null,'Y',null);
            go
            insert into pub_form_property(pk_form_property,areaid,classid,code,colnum,color,creationtime,creator,datatype,dataval,defaultvalue,defaultvar,define1,define2,define3,disabled,dr,editformula,hyperlinkflag,iscode,isdefined,ismultiselectedenabled,isnextrow,isrevise,istotal,itemtype,label,maxlength,metadataproperty,metaid,metapath,modifiedtime,modifier,position,proid,refcode,refname,relatemeta,required,resid,showformula,textrows,ts,validateformula,visible,width)
            values('0001ZZZZ0e359110f018','0001ZZZZ31a069ad8ac8','68b5e7d1-5e0e-4845-9f36-9490ebcfcb1e','billtype','1','#111111',null,'~',1,null, null,null,null,null,null,'N',0,null,'N','N','N',null,'N','N','N','input',null,28,NULL,'','billtype',null,'~',23,'7131ddc6-182c-47db-ba79-54502bcb1509','/common-ref/','-99',null,'N','app_91H10545_00019',null,null,'2020-05-20 15:32:57',null,'Y',null);
            go
            insert into pub_form_property(pk_form_property,areaid,classid,code,colnum,color,creationtime,creator,datatype,dataval,defaultvalue,defaultvar,define1,define2,define3,disabled,dr,editformula,hyperlinkflag,iscode,isdefined,ismultiselectedenabled,isnextrow,isrevise,istotal,itemtype,label,maxlength,metadataproperty,metaid,metapath,modifiedtime,modifier,position,proid,refcode,refname,relatemeta,required,resid,showformula,textrows,ts,validateformula,visible,width)
            values('0001ZZZZd897986ac131','0001ZZZZ448084b418f4','68b5e7d1-5e0e-4845-9f36-9490ebcfcb1e','approver','1','#111111',null,'~',204,'', null,null,null,null,null,'N',0,null,'N','N','N',null,'N','N','N','refer',null,28,'uap.user.user_name','','approver',null,'~',32,'f8253da4-540b-4012-82b6-961b5b90ad4b','uap/refer/riart/userDefaultRefer/index','用户',null,'N','app_91H10545_00021',null,null,'2020-05-20 15:32:57',null,'Y',null);
            go
            insert into pub_form_property(pk_form_property,areaid,classid,code,colnum,color,creationtime,creator,datatype,dataval,defaultvalue,defaultvar,define1,define2,define3,disabled,dr,editformula,hyperlinkflag,iscode,isdefined,ismultiselectedenabled,isnextrow,isrevise,istotal,itemtype,label,maxlength,metadataproperty,metaid,metapath,modifiedtime,modifier,position,proid,refcode,refname,relatemeta,required,resid,showformula,textrows,ts,validateformula,visible,width)
            values('0001ZZZZeb22ac8241f1','0001ZZZZ448084b418f4','68b5e7d1-5e0e-4845-9f36-9490ebcfcb1e','approvenote','1','#111111',null,'~',1,null, null,null,null,null,null,'N',0,null,'N','N','N',null,'N','N','N','input',null,28,NULL,'','approvenote',null,'~',34,'09a3c17f-04b0-4f1e-ab83-b31030bcd293','/common-ref/','-99',null,'N','app_91H10545_00022',null,null,'2020-05-20 15:32:57',null,'Y',null);
            go
            insert into pub_form_property(pk_form_property,areaid,classid,code,colnum,color,creationtime,creator,datatype,dataval,defaultvalue,defaultvar,define1,define2,define3,disabled,dr,editformula,hyperlinkflag,iscode,isdefined,ismultiselectedenabled,isnextrow,isrevise,istotal,itemtype,label,maxlength,metadataproperty,metaid,metapath,modifiedtime,modifier,position,proid,refcode,refname,relatemeta,required,resid,showformula,textrows,ts,validateformula,visible,width)
            values('0001ZZZZ7e270159e91f','0001ZZZZ448084b418f4','68b5e7d1-5e0e-4845-9f36-9490ebcfcb1e','approvedate','1','#111111',null,'~',34,null, null,null,null,null,null,'N',0,null,'N','N','N',null,'N','N','N','datetimepicker',null,28,NULL,'','approvedate',null,'~',14,'23978326-152b-4db7-b79d-e13a761ceb7d','/common-ref/','-99',null,'N','app_91H10545_00023',null,null,'2020-05-20 15:32:57',null,'Y',null);
            go
            insert into pub_form_property(pk_form_property,areaid,classid,code,colnum,color,creationtime,creator,datatype,dataval,defaultvalue,defaultvar,define1,define2,define3,disabled,dr,editformula,hyperlinkflag,iscode,isdefined,ismultiselectedenabled,isnextrow,isrevise,istotal,itemtype,label,maxlength,metadataproperty,metaid,metapath,modifiedtime,modifier,position,proid,refcode,refname,relatemeta,required,resid,showformula,textrows,ts,validateformula,visible,width)
            values('0001ZZZZ0e359110f023','0001ZZZZ31a069ad8ac8','68b5e7d1-5e0e-4845-9f36-9490ebcfcb1e','approvestatus','1','#111111',null,'~',203,'自由=-1,审批未通过=0,审批通过=1,审批进行中=2,提交=3', null,null,null,null,null,'N',0,null,'N','N','N',null,'N','N','N','select',null,28,NULL,'','approvestatus',null,'~',33,'78d83870-fed1-4e3f-8170-72fd7b4798f5','/common-ref/','-99',null,'N','app_91H10545_00024',null,null,'2020-05-20 15:32:57',null,'Y',null);
            go
            insert into pub_form_property(pk_form_property,areaid,classid,code,colnum,color,creationtime,creator,datatype,dataval,defaultvalue,defaultvar,define1,define2,define3,disabled,dr,editformula,hyperlinkflag,iscode,isdefined,ismultiselectedenabled,isnextrow,isrevise,istotal,itemtype,label,maxlength,metadataproperty,metaid,metapath,modifiedtime,modifier,position,proid,refcode,refname,relatemeta,required,resid,showformula,textrows,ts,validateformula,visible,width)
            values('0001ZZZZ0e359110f037','0001ZZZZ31a069ad8ac8','68b5e7d1-5e0e-4845-9f36-9490ebcfcb1e','pk_org','1','#111111',null,'~',204,'' , null,null,null,null,null,'N',0,null,'N','N','N',null,'N','N','N','refer',null,28,'uap.org.name','','pk_org',null,'~',16,'4e8d7fbe-b705-4bad-a37b-bbf3b7b2981f','uapbd/refer/org/BusinessUnitAndDeptTreeRef/index','业务单元及部门',null,'N','app_91H10545_00038',null,null,'2020-05-20 15:32:57',null,'Y',null);
            go
            insert into pub_form_property(pk_form_property,areaid,classid,code,colnum,color,creationtime,creator,datatype,dataval,defaultvalue,defaultvar,define1,define2,define3,disabled,dr,editformula,hyperlinkflag,iscode,isdefined,ismultiselectedenabled,isnextrow,isrevise,istotal,itemtype,label,maxlength,metadataproperty,metaid,metapath,modifiedtime,modifier,position,proid,refcode,refname,relatemeta,required,resid,showformula,textrows,ts,validateformula,visible,width)
            values('0001ZZZZ0e359110f038','0001ZZZZ31a069ad8ac8','68b5e7d1-5e0e-4845-9f36-9490ebcfcb1e','pk_org_v','1','#111111',null,'~',204,'' , null,null,null,null,null,'N',0,null,'N','N','N',null,'N','N','N','refer',null,28,'uap.org_v.name','','pk_org_v',null,'~',17,'95cf4a6c-1f07-41b9-838f-36f6fc418e16','uapbd/refer/orgv/BusinessUnitVersionDefaultAllTreeRef/index','业务单元版本(所有)',null,'N','app_91H10545_00039',null,null,'2020-05-20 15:32:57',null,'N',null);
            go
            insert into pub_form_property(pk_form_property,areaid,classid,code,colnum,color,creationtime,creator,datatype,dataval,defaultvalue,defaultvar,define1,define2,define3,disabled,dr,editformula,hyperlinkflag,iscode,isdefined,ismultiselectedenabled,isnextrow,isrevise,istotal,itemtype,label,maxlength,metadataproperty,metaid,metapath,modifiedtime,modifier,position,proid,refcode,refname,relatemeta,required,resid,showformula,textrows,ts,validateformula,visible,width)
            values('0001ZZZZ0e359110f089','0001ZZZZ31a069ad8ac8','68b5e7d1-5e0e-4845-9f36-9490ebcfcb1e','planname','1','#111111',null,'~',1,null, null,null,null,null,null,'N',0,null,'N','N','N',null,'N','N','N','input',null,28,NULL,'','planname',null,'~',3,'1c8a3353-b090-45af-8086-17fb1e7611b0','/common-ref/','-99',null,'N','app_91H10545_00090',null,null,'2020-05-20 15:32:57',null,'Y',null);
            go
            insert into pub_form_property(pk_form_property,areaid,classid,code,colnum,color,creationtime,creator,datatype,dataval,defaultvalue,defaultvar,define1,define2,define3,disabled,dr,editformula,hyperlinkflag,iscode,isdefined,ismultiselectedenabled,isnextrow,isrevise,istotal,itemtype,label,maxlength,metadataproperty,metaid,metapath,modifiedtime,modifier,position,proid,refcode,refname,relatemeta,required,resid,showformula,textrows,ts,validateformula,visible,width)
            values('0001ZZZZ0e359110f090','0001ZZZZ31a069ad8ac8','68b5e7d1-5e0e-4845-9f36-9490ebcfcb1e','planduration','1','#111111',null,'~',1,null, null,null,null,null,null,'N',0,null,'N','N','N',null,'N','N','N','input',null,28,NULL,'','planduration',null,'~',8,'15a70c2d-23b4-485e-86a7-ecf446b3c7dc','/common-ref/','-99',null,'N','app_91H10545_00091',null,null,'2020-05-20 15:32:57',null,'Y',null);
            go
            insert into pub_form_property(pk_form_property,areaid,classid,code,colnum,color,creationtime,creator,datatype,dataval,defaultvalue,defaultvar,define1,define2,define3,disabled,dr,editformula,hyperlinkflag,iscode,isdefined,ismultiselectedenabled,isnextrow,isrevise,istotal,itemtype,label,maxlength,metadataproperty,metaid,metapath,modifiedtime,modifier,position,proid,refcode,refname,relatemeta,required,resid,showformula,textrows,ts,validateformula,visible,width)
            values('0001ZZZZ0e359110f091','0001ZZZZ31a069ad8ac8','68b5e7d1-5e0e-4845-9f36-9490ebcfcb1e','projectstartdate','1','#111111',null,'~',33,null, null,null,null,null,null,'N',0,null,'N','N','N',null,'N','N','N','datepicker',null,28,NULL,'','projectstartdate',null,'~',6,'044014b2-5ce0-4449-bf3d-f790577552b9','/common-ref/','-99',null,'N','app_91H10545_00092',null,null,'2020-05-20 15:32:57',null,'Y',null);
            go
            insert into pub_form_property(pk_form_property,areaid,classid,code,colnum,color,creationtime,creator,datatype,dataval,defaultvalue,defaultvar,define1,define2,define3,disabled,dr,editformula,hyperlinkflag,iscode,isdefined,ismultiselectedenabled,isnextrow,isrevise,istotal,itemtype,label,maxlength,metadataproperty,metaid,metapath,modifiedtime,modifier,position,proid,refcode,refname,relatemeta,required,resid,showformula,textrows,ts,validateformula,visible,width)
            values('0001ZZZZ0e359110f092','0001ZZZZ31a069ad8ac8','68b5e7d1-5e0e-4845-9f36-9490ebcfcb1e','projectdeaddate','1','#111111',null,'~',33,null, null,null,null,null,null,'N',0,null,'N','N','N',null,'N','N','N','datepicker',null,28,NULL,'','projectdeaddate',null,'~',7,'a9e367a0-6025-41ab-9c22-b00dd804b189','/common-ref/','-99',null,'N','app_91H10545_00093',null,null,'2020-05-20 15:32:57',null,'Y',null);
            go
            insert into pub_form_property(pk_form_property,areaid,classid,code,colnum,color,creationtime,creator,datatype,dataval,defaultvalue,defaultvar,define1,define2,define3,disabled,dr,editformula,hyperlinkflag,iscode,isdefined,ismultiselectedenabled,isnextrow,isrevise,istotal,itemtype,label,maxlength,metadataproperty,metaid,metapath,modifiedtime,modifier,position,proid,refcode,refname,relatemeta,required,resid,showformula,textrows,ts,validateformula,visible,width)
            values('0001ZZZZ0e359110f093','0001ZZZZ31a069ad8ac8','68b5e7d1-5e0e-4845-9f36-9490ebcfcb1e','dutyperson','1','#111111',null,'~',204,'' , null,null,null,null,null,'N',0,null,'N','N','N',null,'N','N','N','refer',null,28,NULL,'','dutyperson',null,'~',12,'529a0e8b-8389-42d1-8a1c-19677694fdd4','uapbd/refer/psninfo/PsndocRiartTreeGridRef/index','人员',null,'N','app_91H10545_00094',null,null,'2020-05-20 15:32:57',null,'Y',null);
            go
            insert into pub_form_property(pk_form_property,areaid,classid,code,colnum,color,creationtime,creator,datatype,dataval,defaultvalue,defaultvar,define1,define2,define3,disabled,dr,editformula,hyperlinkflag,iscode,isdefined,ismultiselectedenabled,isnextrow,isrevise,istotal,itemtype,label,maxlength,metadataproperty,metaid,metapath,modifiedtime,modifier,position,proid,refcode,refname,relatemeta,required,resid,showformula,textrows,ts,validateformula,visible,width)
            values('0001ZZZZ0e359110f094','0001ZZZZ31a069ad8ac8','68b5e7d1-5e0e-4845-9f36-9490ebcfcb1e','dutydept','1','#111111',null,'~',204,'' , null,null,null,null,null,'N',0,null,'N','N','N',null,'N','N','N','refer',null,28,'uap.dept.name','','dutydept',null,'~',13,'257d2cdc-ecb3-4075-b5fd-b51465d37c08','uapbd/refer/org/DeptTreeRef/index','部门',null,'N','app_91H10545_00095',null,null,'2020-05-20 15:32:57',null,'Y',null);
            go
            insert into pub_form_property(pk_form_property,areaid,classid,code,colnum,color,creationtime,creator,datatype,dataval,defaultvalue,defaultvar,define1,define2,define3,disabled,dr,editformula,hyperlinkflag,iscode,isdefined,ismultiselectedenabled,isnextrow,isrevise,istotal,itemtype,label,maxlength,metadataproperty,metaid,metapath,modifiedtime,modifier,position,proid,refcode,refname,relatemeta,required,resid,showformula,textrows,ts,validateformula,visible,width)
            values('0001ZZZZ0e359110f095','0001ZZZZ31a069ad8ac8','68b5e7d1-5e0e-4845-9f36-9490ebcfcb1e','milepost','1','#111111',null,'~',1,null, null,null,null,null,null,'N',0,null,'N','N','N',null,'N','N','N','input',null,28,NULL,'','milepost',null,'~',11,'674c6a58-4a6d-486f-9ea7-77a6e6ae01fa','/common-ref/','-99',null,'N','app_91H10545_00096',null,null,'2020-05-20 15:32:57',null,'Y',null);
            go
            insert into pub_form_property(pk_form_property,areaid,classid,code,colnum,color,creationtime,creator,datatype,dataval,defaultvalue,defaultvar,define1,define2,define3,disabled,dr,editformula,hyperlinkflag,iscode,isdefined,ismultiselectedenabled,isnextrow,isrevise,istotal,itemtype,label,maxlength,metadataproperty,metaid,metapath,modifiedtime,modifier,position,proid,refcode,refname,relatemeta,required,resid,showformula,textrows,ts,validateformula,visible,width)
            values('0001ZZZZ0e359110f096','0001ZZZZ31a069ad8ac8','68b5e7d1-5e0e-4845-9f36-9490ebcfcb1e','pk_group','1','#111111',null,'~',204,'' , null,null,null,null,null,'N',0,null,'N','N','N',null,'N','N','N','refer',null,28,'uap.group.name','','pk_group',null,'~',15,'07069ca7-6c94-4554-8fbf-0cc93df478be','uap/refer/riart/groupTreeRef/index','集团',null,'N','app_91H10545_00097',null,null,'2020-05-20 15:32:57',null,'Y',null);
            go
            insert into pub_form_property(pk_form_property,areaid,classid,code,colnum,color,creationtime,creator,datatype,dataval,defaultvalue,defaultvar,define1,define2,define3,disabled,dr,editformula,hyperlinkflag,iscode,isdefined,ismultiselectedenabled,isnextrow,isrevise,istotal,itemtype,label,maxlength,metadataproperty,metaid,metapath,modifiedtime,modifier,position,proid,refcode,refname,relatemeta,required,resid,showformula,textrows,ts,validateformula,visible,width)
            values('0001ZZZZ0e359110f097','0001ZZZZ31a069ad8ac8','68b5e7d1-5e0e-4845-9f36-9490ebcfcb1e','projectname','1','#111111',null,'~',1,null, null,null,null,null,null,'N',0,null,'N','N','N',null,'N','N','N','input',null,28,NULL,'','projectname',null,'~',2,'79be9095-31f4-4609-befa-5d76d794f868','/common-ref/','-99',null,'N','app_91H10545_00098',null,null,'2020-05-20 15:32:57',null,'Y',null);
            go



















            insert into pub_form_property(pk_form_property,areaid,classid,code,colnum,color,creationtime,creator,datatype,dataval,defaultvalue,defaultvar,define1,define2,define3,disabled,dr,editformula,hyperlinkflag,iscode,isdefined,ismultiselectedenabled,isnextrow,isrevise,istotal,itemtype,label,maxlength,metadataproperty,metaid,metapath,modifiedtime,modifier,position,proid,refcode,refname,relatemeta,required,resid,showformula,textrows,ts,validateformula,visible,width)
            values('0001ZZZZ03b1e3e6c001','0001ZZZZ7272914aa164','68b5e7d1-5e0e-4845-9f36-9490ebcfcb1e','pk_busitype','1','#111111',null,'~',204,null, null,null,null,null,null,'N',0,null,'N','N','N',null,'N','N','N','refer',null,28,'uap.BusitypeVO.businame','','pk_busitype',null,'~',21,'1b5df003-2940-410e-901a-6077aecfec17','uap/refer/riart/busitype/index','业务流程',null,'N',null,null,null,'2020-05-20 15:32:57',null,'Y',null);
            go
            insert into pub_form_property(pk_form_property,areaid,classid,code,colnum,color,creationtime,creator,datatype,dataval,defaultvalue,defaultvar,define1,define2,define3,disabled,dr,editformula,hyperlinkflag,iscode,isdefined,ismultiselectedenabled,isnextrow,isrevise,istotal,itemtype,label,maxlength,metadataproperty,metaid,metapath,modifiedtime,modifier,position,proid,refcode,refname,relatemeta,required,resid,showformula,textrows,ts,validateformula,visible,width)
            values('0001ZZZZ03b1e3e6c002','0001ZZZZ7272914aa164','68b5e7d1-5e0e-4845-9f36-9490ebcfcb1e','pk_transtype','1','#111111',null,'~',204,null, null,null,null,null,null,'N',0,null,'N','N','N',null,'N','N','N','refer',null,28,'uap.BilltypeVO.billtypename','','pk_transtype',null,'~',25,'375843cb-22e1-4d17-96c8-c6078a79f2e6','uap/refer/riart/transtype/index','影响因素交 易类型',null,'N',null,null,null,'2020-05-20 15:32:57',null,'Y',null);
            go
            insert into pub_form_property(pk_form_property,areaid,classid,code,colnum,color,creationtime,creator,datatype,dataval,defaultvalue,defaultvar,define1,define2,define3,disabled,dr,editformula,hyperlinkflag,iscode,isdefined,ismultiselectedenabled,isnextrow,isrevise,istotal,itemtype,label,maxlength,metadataproperty,metaid,metapath,modifiedtime,modifier,position,proid,refcode,refname,relatemeta,required,resid,showformula,textrows,ts,validateformula,visible,width)
            values('0001ZZZZ03b1e3e6c003','0001ZZZZ7272914aa164','68b5e7d1-5e0e-4845-9f36-9490ebcfcb1e','transtypecode','1','#111111',null,'~',1,null, null,null,null,null,null,'N',0,null,'N','N','N',null,'N','N','N','input',null,28,NULL,'','transtypecode',null,'~',24,'fd808c31-2791-43a8-b48b-e9c47513e8a2','/common-ref/','-99',null,'N',null,null,null,'2020-05-20 15:32:57',null,'Y',null);
            go
            insert into pub_form_property(pk_form_property,areaid,classid,code,colnum,color,creationtime,creator,datatype,dataval,defaultvalue,defaultvar,define1,define2,define3,disabled,dr,editformula,hyperlinkflag,iscode,isdefined,ismultiselectedenabled,isnextrow,isrevise,istotal,itemtype,label,maxlength,metadataproperty,metaid,metapath,modifiedtime,modifier,position,proid,refcode,refname,relatemeta,required,resid,showformula,textrows,ts,validateformula,visible,width)
            values('0001ZZZZ03b1e3e6c004','0001ZZZZ7272914aa164','68b5e7d1-5e0e-4845-9f36-9490ebcfcb1e','missionname','1','#111111',null,'~',1,null, null,null,null,null,null,'N',0,null,'N','N','N',null,'N','N','N','input',null,28,NULL,'','missionname',null,'~',5,'c653b92e-bd3f-4eac-ab5f-360229c30bdf','/common-ref/','-99',null,'N',null,null,null,'2020-05-20 15:32:57',null,'Y',null);
            go
            insert into pub_form_property(pk_form_property,areaid,classid,code,colnum,color,creationtime,creator,datatype,dataval,defaultvalue,defaultvar,define1,define2,define3,disabled,dr,editformula,hyperlinkflag,iscode,isdefined,ismultiselectedenabled,isnextrow,isrevise,istotal,itemtype,label,maxlength,metadataproperty,metaid,metapath,modifiedtime,modifier,position,proid,refcode,refname,relatemeta,required,resid,showformula,textrows,ts,validateformula,visible,width)
            values('0001ZZZZ03b1e3e6c005','0001ZZZZ7272914aa164','68b5e7d1-5e0e-4845-9f36-9490ebcfcb1e','missiondetail','1','#111111',null,'~',1,null, null,null,null,null,null,'N',0,null,'N','N','N',null,'N','N','N','input',null,28,NULL,'','missiondetail',null,'~',9,'49a81aff-dc3e-4bb7-840e-2e8e26b43955','/common-ref/','-99',null,'N',null,null,null,'2020-05-20 15:32:57',null,'Y',null);
            go
            insert into pub_form_property(pk_form_property,areaid,classid,code,colnum,color,creationtime,creator,datatype,dataval,defaultvalue,defaultvar,define1,define2,define3,disabled,dr,editformula,hyperlinkflag,iscode,isdefined,ismultiselectedenabled,isnextrow,isrevise,istotal,itemtype,label,maxlength,metadataproperty,metaid,metapath,modifiedtime,modifier,position,proid,refcode,refname,relatemeta,required,resid,showformula,textrows,ts,validateformula,visible,width)
            values('0001ZZZZ03b1e3e6c006','0001ZZZZ7272914aa164','68b5e7d1-5e0e-4845-9f36-9490ebcfcb1e','missioncode','1','#111111',null,'~',1,null, null,null,null,null,null,'N',0,null,'N','N','N',null,'N','N','N','input',null,28,NULL,'','missioncode',null,'~',4,'b7e62c4d-6e5a-46fa-b16e-35a952436018','/common-ref/','-99',null,'N',null,null,null,'2020-05-20 15:32:57',null,'Y',null);
            go
            insert into pub_form_property(pk_form_property,areaid,classid,code,colnum,color,creationtime,creator,datatype,dataval,defaultvalue,defaultvar,define1,define2,define3,disabled,dr,editformula,hyperlinkflag,iscode,isdefined,ismultiselectedenabled,isnextrow,isrevise,istotal,itemtype,label,maxlength,metadataproperty,metaid,metapath,modifiedtime,modifier,position,proid,refcode,refname,relatemeta,required,resid,showformula,textrows,ts,validateformula,visible,width)
            values('0001ZZZZ84d800c02bcb','0001ZZZZ42085cb58976','68b5e7d1-5e0e-4845-9f36-9490ebcfcb1e','modifier','1','#111111',null,'~',204,null, null,null,null,null,null,'N',0,null,'N','N','N',null,'N','N','N','refer',null,28,'uap.user.user_name','','modifier',null,'~',30,'6a36e64a-31a3-4aee-bedc-ede9b4dc5fb5','uap/refer/riart/userDefaultRefer/index','用户',null,'N',null,null,null,'2020-05-20 15:32:57',null,'Y',null);
            go
            insert into pub_form_property(pk_form_property,areaid,classid,code,colnum,color,creationtime,creator,datatype,dataval,defaultvalue,defaultvar,define1,define2,define3,disabled,dr,editformula,hyperlinkflag,iscode,isdefined,ismultiselectedenabled,isnextrow,isrevise,istotal,itemtype,label,maxlength,metadataproperty,metaid,metapath,modifiedtime,modifier,position,proid,refcode,refname,relatemeta,required,resid,showformula,textrows,ts,validateformula,visible,width)
            values('0001ZZZZ46ecf836d8b1','0001ZZZZ42085cb58976','68b5e7d1-5e0e-4845-9f36-9490ebcfcb1e','modifiedtime','1','#111111',null,'~',34,null, null,null,null,null,null,'N',0,null,'N','N','N',null,'N','N','N','datetimepicker',null,28,NULL,'','modifiedtime',null,'~',31,'d8ab4fd0-265c-451e-bf41-d3973b0d3067','/common-ref/','-99',null,'N',null,null,null,'2020-05-20 15:32:57',null,'Y',null);
            go
            insert into pub_form_property(pk_form_property,areaid,classid,code,colnum,color,creationtime,creator,datatype,dataval,defaultvalue,defaultvar,define1,define2,define3,disabled,dr,editformula,hyperlinkflag,iscode,isdefined,ismultiselectedenabled,isnextrow,isrevise,istotal,itemtype,label,maxlength,metadataproperty,metaid,metapath,modifiedtime,modifier,position,proid,refcode,refname,relatemeta,required,resid,showformula,textrows,ts,validateformula,visible,width)
            values('0001ZZZZ81a13b82fade','0001ZZZZ42085cb58976','68b5e7d1-5e0e-4845-9f36-9490ebcfcb1e','creator','1','#111111',null,'~',204,null, null,null,null,null,null,'N',0,null,'N','N','N',null,'N','N','N','refer',null,28,'uap.user.user_name','','creator',null,'~',28,'02f60078-8acc-400f-95ef-38a32849d252','uap/refer/riart/userDefaultRefer/index','用户',null,'N',null,null,null,'2020-05-20 15:32:57',null,'Y',null);
            go
            insert into pub_form_property(pk_form_property,areaid,classid,code,colnum,color,creationtime,creator,datatype,dataval,defaultvalue,defaultvar,define1,define2,define3,disabled,dr,editformula,hyperlinkflag,iscode,isdefined,ismultiselectedenabled,isnextrow,isrevise,istotal,itemtype,label,maxlength,metadataproperty,metaid,metapath,modifiedtime,modifier,position,proid,refcode,refname,relatemeta,required,resid,showformula,textrows,ts,validateformula,visible,width)
            values('0001ZZZZ7bbb211433d1','0001ZZZZ42085cb58976','68b5e7d1-5e0e-4845-9f36-9490ebcfcb1e','creationtime','1','#111111',null,'~',34,null, null,null,null,null,null,'N',0,null,'N','N','N',null,'N','N','N','datetimepicker',null,28,NULL,'','creationtime',null,'~',29,'3d9fe5d5-a40b-47d9-b92c-4d4414a7af02','/common-ref/','-99',null,'N',null,null,null,'2020-05-20 15:32:57',null,'Y',null);
            go
            insert into pub_form_property(pk_form_property,areaid,classid,code,colnum,color,creationtime,creator,datatype,dataval,defaultvalue,defaultvar,define1,define2,define3,disabled,dr,editformula,hyperlinkflag,iscode,isdefined,ismultiselectedenabled,isnextrow,isrevise,istotal,itemtype,label,maxlength,metadataproperty,metaid,metapath,modifiedtime,modifier,position,proid,refcode,refname,relatemeta,required,resid,showformula,textrows,ts,validateformula,visible,width)
            values('0001ZZZZ03b1e3e6c011','0001ZZZZ7272914aa164','68b5e7d1-5e0e-4845-9f36-9490ebcfcb1e','billmaker','1','#111111',null,'~',204,null, null,null,null,null,null,'N',0,null,'N','N','N',null,'N','N','N','refer',null,28,'uap.user.user_name','','billmaker',null,'~',26,'027f5ec2-a8ff-4da4-93ed-0e168ca6e44e','uap/refer/riart/userDefaultRefer/index','用户',null,'N',null,null,null,'2020-05-20 15:32:57',null,'Y',null);
            go
            insert into pub_form_property(pk_form_property,areaid,classid,code,colnum,color,creationtime,creator,datatype,dataval,defaultvalue,defaultvar,define1,define2,define3,disabled,dr,editformula,hyperlinkflag,iscode,isdefined,ismultiselectedenabled,isnextrow,isrevise,istotal,itemtype,label,maxlength,metadataproperty,metaid,metapath,modifiedtime,modifier,position,proid,refcode,refname,relatemeta,required,resid,showformula,textrows,ts,validateformula,visible,width)
            values('0001ZZZZ03b1e3e6c012','0001ZZZZ7272914aa164','68b5e7d1-5e0e-4845-9f36-9490ebcfcb1e','maketime','1','#111111',null,'~',33,null, null,null,null,null,null,'N',0,null,'N','N','N',null,'N','N','N','datepicker',null,28,NULL,'','maketime',null,'~',27,'e208e1b9-7e71-48f1-adb3-44a98d9d2239','/common-ref/','-99',null,'N',null,null,null,'2020-05-20 15:32:57',null,'Y',null);
            go
            insert into pub_form_property(pk_form_property,areaid,classid,code,colnum,color,creationtime,creator,datatype,dataval,defaultvalue,defaultvar,define1,define2,define3,disabled,dr,editformula,hyperlinkflag,iscode,isdefined,ismultiselectedenabled,isnextrow,isrevise,istotal,itemtype,label,maxlength,metadataproperty,metaid,metapath,modifiedtime,modifier,position,proid,refcode,refname,relatemeta,required,resid,showformula,textrows,ts,validateformula,visible,width)
            values('0001ZZZZ03b1e3e6c013','0001ZZZZ7272914aa164','68b5e7d1-5e0e-4845-9f36-9490ebcfcb1e','advanceplan','1','#111111',null,'~',1,null, null,null,null,null,null,'N',0,null,'N','N','N',null,'N','N','N','input',null,28,NULL,'','advanceplan',null,'~',10,'8dcbb09c-8938-4883-9da1-fab968511eeb','/common-ref/','-99',null,'N',null,null,null,'2020-05-20 15:32:57',null,'Y',null);
            go
            insert into pub_form_property(pk_form_property,areaid,classid,code,colnum,color,creationtime,creator,datatype,dataval,defaultvalue,defaultvar,define1,define2,define3,disabled,dr,editformula,hyperlinkflag,iscode,isdefined,ismultiselectedenabled,isnextrow,isrevise,istotal,itemtype,label,maxlength,metadataproperty,metaid,metapath,modifiedtime,modifier,position,proid,refcode,refname,relatemeta,required,resid,showformula,textrows,ts,validateformula,visible,width)
            values('0001ZZZZ03b1e3e6c014','0001ZZZZ7272914aa164','68b5e7d1-5e0e-4845-9f36-9490ebcfcb1e','billno','1','#111111',null,'~',1,null, null,null,null,null,null,'Y',0,null,'N','N','N',null,'N','N','N','input',null,28,NULL,'','billno',null,'~',20,'4eefcb5a-1f42-4ca2-acda-625c542ebd70','/common-ref/','-99',null,'N',null,null,null,'2020-05-20 15:32:57',null,'Y',null);
            go
            insert into pub_form_property(pk_form_property,areaid,classid,code,colnum,color,creationtime,creator,datatype,dataval,defaultvalue,defaultvar,define1,define2,define3,disabled,dr,editformula,hyperlinkflag,iscode,isdefined,ismultiselectedenabled,isnextrow,isrevise,istotal,itemtype,label,maxlength,metadataproperty,metaid,metapath,modifiedtime,modifier,position,proid,refcode,refname,relatemeta,required,resid,showformula,textrows,ts,validateformula,visible,width)
            values('0001ZZZZ03b1e3e6c015','0001ZZZZ7272914aa164','68b5e7d1-5e0e-4845-9f36-9490ebcfcb1e','dbilldate','1','#111111',null,'~',33,null, null,null,null,null,null,'N',0,null,'N','N','N',null,'N','N','N','datepicker',null,28,NULL,'','dbilldate',null,'~',18,'9b90eae1-8c8a-4f83-8bd9-f143846bf831','/common-ref/','-99',null,'N',null,null,null,'2020-05-20 15:32:57',null,'Y',null);
            go
            insert into pub_form_property(pk_form_property,areaid,classid,code,colnum,color,creationtime,creator,datatype,dataval,defaultvalue,defaultvar,define1,define2,define3,disabled,dr,editformula,hyperlinkflag,iscode,isdefined,ismultiselectedenabled,isnextrow,isrevise,istotal,itemtype,label,maxlength,metadataproperty,metaid,metapath,modifiedtime,modifier,position,proid,refcode,refname,relatemeta,required,resid,showformula,textrows,ts,validateformula,visible,width)
            values('0001ZZZZ03b1e3e6c016','0001ZZZZ7272914aa164','68b5e7d1-5e0e-4845-9f36-9490ebcfcb1e','billstatus','1','#111111',null,'~',203,'自由=-1,审批未通过=0,审批通过=1,审批进行中=2,提交=3','-1',null,null,null,null,'Y',0,null,'N','N','N',null,'N','N','N','select',null,28,NULL,'','billstatus',null,'~',19,'05d5763a-a788-44b3-8e49-631ceaac9a09','/common-ref/','-99',null,'N',null,null,null,'2020-05-20 15:32:57',null,'Y',null);
            go
            insert into pub_form_property(pk_form_property,areaid,classid,code,colnum,color,creationtime,creator,datatype,dataval,defaultvalue,defaultvar,define1,define2,define3,disabled,dr,editformula,hyperlinkflag,iscode,isdefined,ismultiselectedenabled,isnextrow,isrevise,istotal,itemtype,label,maxlength,metadataproperty,metaid,metapath,modifiedtime,modifier,position,proid,refcode,refname,relatemeta,required,resid,showformula,textrows,ts,validateformula,visible,width)
            values('0001ZZZZ03b1e3e6c017','0001ZZZZ7272914aa164','68b5e7d1-5e0e-4845-9f36-9490ebcfcb1e','pk_billtypeid','1','#111111',null,'~',204,null, null,null,null,null,null,'N',0,null,'N','N','N',null,'N','N','N','refer',null,28,'uap.BilltypeVO.billtypename','','pk_billtypeid',null,'~',22,'9b55842f-231e-456c-ba7d-86446cf50a23','uap/refer/riart/billtype/index','影响因素单据类型',null,'N',null,null,null,'2020-05-20 15:32:57',null,'Y',null);
            go
            insert into pub_form_property(pk_form_property,areaid,classid,code,colnum,color,creationtime,creator,datatype,dataval,defaultvalue,defaultvar,define1,define2,define3,disabled,dr,editformula,hyperlinkflag,iscode,isdefined,ismultiselectedenabled,isnextrow,isrevise,istotal,itemtype,label,maxlength,metadataproperty,metaid,metapath,modifiedtime,modifier,position,proid,refcode,refname,relatemeta,required,resid,showformula,textrows,ts,validateformula,visible,width)
            values('0001ZZZZ03b1e3e6c018','0001ZZZZ7272914aa164','68b5e7d1-5e0e-4845-9f36-9490ebcfcb1e','billtype','1','#111111',null,'~',1,null, null,null,null,null,null,'N',0,null,'N','N','N',null,'N','N','N','input',null,28,NULL,'','billtype',null,'~',23,'f36d3e0b-07ed-4a17-9d40-51debe42b437','/common-ref/','-99',null,'N',null,null,null,'2020-05-20 15:32:57',null,'Y',null);
            go
            insert into pub_form_property(pk_form_property,areaid,classid,code,colnum,color,creationtime,creator,datatype,dataval,defaultvalue,defaultvar,define1,define2,define3,disabled,dr,editformula,hyperlinkflag,iscode,isdefined,ismultiselectedenabled,isnextrow,isrevise,istotal,itemtype,label,maxlength,metadataproperty,metaid,metapath,modifiedtime,modifier,position,proid,refcode,refname,relatemeta,required,resid,showformula,textrows,ts,validateformula,visible,width)
            values('0001ZZZZe0def118612d','0001ZZZZ42085cb58976','68b5e7d1-5e0e-4845-9f36-9490ebcfcb1e','approver','1','#111111',null,'~',204,null, null,null,null,null,null,'N',0,null,'N','N','N',null,'N','N','N','refer',null,28,'uap.user.user_name','','approver',null,'~',32,'99c4c9f4-3233-4bec-be9f-d22ff45111f1','uap/refer/riart/userDefaultRefer/index','用户',null,'N',null,null,null,'2020-05-20 15:32:57',null,'Y',null);
            go
            insert into pub_form_property(pk_form_property,areaid,classid,code,colnum,color,creationtime,creator,datatype,dataval,defaultvalue,defaultvar,define1,define2,define3,disabled,dr,editformula,hyperlinkflag,iscode,isdefined,ismultiselectedenabled,isnextrow,isrevise,istotal,itemtype,label,maxlength,metadataproperty,metaid,metapath,modifiedtime,modifier,position,proid,refcode,refname,relatemeta,required,resid,showformula,textrows,ts,validateformula,visible,width)
            values('0001ZZZZ2c4fb0b5d187','0001ZZZZ42085cb58976','68b5e7d1-5e0e-4845-9f36-9490ebcfcb1e','approvenote','1','#111111',null,'~',1,null, null,null,null,null,null,'N',0,null,'N','N','N',null,'N','N','N','input',null,28,NULL,'','approvenote',null,'~',34,'79644755-5860-498e-8d45-857ecd083c87','/common-ref/','-99',null,'N',null,null,null,'2020-05-20 15:32:57',null,'Y',null);
            go
            insert into pub_form_property(pk_form_property,areaid,classid,code,colnum,color,creationtime,creator,datatype,dataval,defaultvalue,defaultvar,define1,define2,define3,disabled,dr,editformula,hyperlinkflag,iscode,isdefined,ismultiselectedenabled,isnextrow,isrevise,istotal,itemtype,label,maxlength,metadataproperty,metaid,metapath,modifiedtime,modifier,position,proid,refcode,refname,relatemeta,required,resid,showformula,textrows,ts,validateformula,visible,width)
            values('0001ZZZZ83c551598dff','0001ZZZZ42085cb58976','68b5e7d1-5e0e-4845-9f36-9490ebcfcb1e','approvedate','1','#111111',null,'~',34,null, null,null,null,null,null,'N',0,null,'N','N','N',null,'N','N','N','datetimepicker',null,28,NULL,'','approvedate',null,'~',14,'7bc5408d-2ad5-46ee-9a84-c56fbec1e123','/common-ref/','-99',null,'N',null,null,null,'2020-05-20 15:32:57',null,'Y',null);
            go
            insert into pub_form_property(pk_form_property,areaid,classid,code,colnum,color,creationtime,creator,datatype,dataval,defaultvalue,defaultvar,define1,define2,define3,disabled,dr,editformula,hyperlinkflag,iscode,isdefined,ismultiselectedenabled,isnextrow,isrevise,istotal,itemtype,label,maxlength,metadataproperty,metaid,metapath,modifiedtime,modifier,position,proid,refcode,refname,relatemeta,required,resid,showformula,textrows,ts,validateformula,visible,width)
            values('0001ZZZZ03b1e3e6c023','0001ZZZZ7272914aa164','68b5e7d1-5e0e-4845-9f36-9490ebcfcb1e','approvestatus','1','#111111',null,'~',203,'自由=-1,审批未通过=0,审批通过=1,审批进行中=2,提交=3', null,null,null,null,null,'N',0,null,'N','N','N',null,'N','N','N','select',null,28,NULL,'','approvestatus',null,'~',33,'a8af2aec-5c44-4991-a6c0-ca7dd1e03f76','/common-ref/','-99',null,'N',null,null,null,'2020-05-20 15:32:57',null,'Y',null);
            go
            insert into pub_form_property(pk_form_property,areaid,classid,code,colnum,color,creationtime,creator,datatype,dataval,defaultvalue,defaultvar,define1,define2,define3,disabled,dr,editformula,hyperlinkflag,iscode,isdefined,ismultiselectedenabled,isnextrow,isrevise,istotal,itemtype,label,maxlength,metadataproperty,metaid,metapath,modifiedtime,modifier,position,proid,refcode,refname,relatemeta,required,resid,showformula,textrows,ts,validateformula,visible,width)
            values('0001ZZZZ03b1e3e6c037','0001ZZZZ7272914aa164','68b5e7d1-5e0e-4845-9f36-9490ebcfcb1e','pk_org','1','#111111',null,'~',204,null, null,null,null,null,null,'N',0,null,'N','N','N',null,'N','N','N','refer',null,28,'uap.org.name','','pk_org',null,'~',16,'834d784c-1c6b-420f-8fbb-1441f3e54fdb','uapbd/refer/org/BusinessUnitAndDeptTreeRef/index','业务单元及部门',null,'N',null,null,null,'2020-05-20 15:32:57',null,'Y',null);
            go
            insert into pub_form_property(pk_form_property,areaid,classid,code,colnum,color,creationtime,creator,datatype,dataval,defaultvalue,defaultvar,define1,define2,define3,disabled,dr,editformula,hyperlinkflag,iscode,isdefined,ismultiselectedenabled,isnextrow,isrevise,istotal,itemtype,label,maxlength,metadataproperty,metaid,metapath,modifiedtime,modifier,position,proid,refcode,refname,relatemeta,required,resid,showformula,textrows,ts,validateformula,visible,width)
            values('0001ZZZZ03b1e3e6c038','0001ZZZZ7272914aa164','68b5e7d1-5e0e-4845-9f36-9490ebcfcb1e','pk_org_v','1','#111111',null,'~',204,null, null,null,null,null,null,'N',0,null,'N','N','N',null,'N','N','N','refer',null,28,'uap.org_v.name','','pk_org_v',null,'~',17,'baae7dcb-3543-47bc-be85-acfc0c22c306','uapbd/refer/orgv/BusinessUnitVersionDefaultAllTreeRef/index','业务单元版本(所有)',null,'N',null,null,null,'2020-05-20 15:32:57',null,'N',null);
            go
            insert into pub_form_property(pk_form_property,areaid,classid,code,colnum,color,creationtime,creator,datatype,dataval,defaultvalue,defaultvar,define1,define2,define3,disabled,dr,editformula,hyperlinkflag,iscode,isdefined,ismultiselectedenabled,isnextrow,isrevise,istotal,itemtype,label,maxlength,metadataproperty,metaid,metapath,modifiedtime,modifier,position,proid,refcode,refname,relatemeta,required,resid,showformula,textrows,ts,validateformula,visible,width)
            values('0001ZZZZ03b1e3e6c089','0001ZZZZ7272914aa164','68b5e7d1-5e0e-4845-9f36-9490ebcfcb1e','planname','1','#111111',null,'~',1,null, null,null,null,null,null,'N',0,null,'N','N','N',null,'N','N','N','input',null,28,NULL,'','planname',null,'~',3,'588b5732-d98b-41ef-bc68-911c51a12411','/common-ref/','-99',null,'N',null,null,null,'2020-05-20 15:32:57',null,'Y',null);
            go
            insert into pub_form_property(pk_form_property,areaid,classid,code,colnum,color,creationtime,creator,datatype,dataval,defaultvalue,defaultvar,define1,define2,define3,disabled,dr,editformula,hyperlinkflag,iscode,isdefined,ismultiselectedenabled,isnextrow,isrevise,istotal,itemtype,label,maxlength,metadataproperty,metaid,metapath,modifiedtime,modifier,position,proid,refcode,refname,relatemeta,required,resid,showformula,textrows,ts,validateformula,visible,width)
            values('0001ZZZZ03b1e3e6c090','0001ZZZZ7272914aa164','68b5e7d1-5e0e-4845-9f36-9490ebcfcb1e','planduration','1','#111111',null,'~',1,null, null,null,null,null,null,'N',0,null,'N','N','N',null,'N','N','N','input',null,28,NULL,'','planduration',null,'~',8,'51c3ad3a-2897-43d4-87a1-1d4d61116296','/common-ref/','-99',null,'N',null,null,null,'2020-05-20 15:32:57',null,'Y',null);
            go
            insert into pub_form_property(pk_form_property,areaid,classid,code,colnum,color,creationtime,creator,datatype,dataval,defaultvalue,defaultvar,define1,define2,define3,disabled,dr,editformula,hyperlinkflag,iscode,isdefined,ismultiselectedenabled,isnextrow,isrevise,istotal,itemtype,label,maxlength,metadataproperty,metaid,metapath,modifiedtime,modifier,position,proid,refcode,refname,relatemeta,required,resid,showformula,textrows,ts,validateformula,visible,width)
            values('0001ZZZZ03b1e3e6c091','0001ZZZZ7272914aa164','68b5e7d1-5e0e-4845-9f36-9490ebcfcb1e','projectstartdate','1','#111111',null,'~',33,null, null,null,null,null,null,'N',0,null,'N','N','N',null,'N','N','N','datepicker',null,28,NULL,'','projectstartdate',null,'~',6,'2340b670-95a8-473d-b988-302dc2b6dfe8','/common-ref/','-99',null,'N',null,null,null,'2020-05-20 15:32:57',null,'Y',null);
            go
            insert into pub_form_property(pk_form_property,areaid,classid,code,colnum,color,creationtime,creator,datatype,dataval,defaultvalue,defaultvar,define1,define2,define3,disabled,dr,editformula,hyperlinkflag,iscode,isdefined,ismultiselectedenabled,isnextrow,isrevise,istotal,itemtype,label,maxlength,metadataproperty,metaid,metapath,modifiedtime,modifier,position,proid,refcode,refname,relatemeta,required,resid,showformula,textrows,ts,validateformula,visible,width)
            values('0001ZZZZ03b1e3e6c092','0001ZZZZ7272914aa164','68b5e7d1-5e0e-4845-9f36-9490ebcfcb1e','projectdeaddate','1','#111111',null,'~',33,null, null,null,null,null,null,'N',0,null,'N','N','N',null,'N','N','N','datepicker',null,28,NULL,'','projectdeaddate',null,'~',7,'0b863626-7adb-4380-bc51-64bb63d8cbbe','/common-ref/','-99',null,'N',null,null,null,'2020-05-20 15:32:57',null,'Y',null);
            go
            insert into pub_form_property(pk_form_property,areaid,classid,code,colnum,color,creationtime,creator,datatype,dataval,defaultvalue,defaultvar,define1,define2,define3,disabled,dr,editformula,hyperlinkflag,iscode,isdefined,ismultiselectedenabled,isnextrow,isrevise,istotal,itemtype,label,maxlength,metadataproperty,metaid,metapath,modifiedtime,modifier,position,proid,refcode,refname,relatemeta,required,resid,showformula,textrows,ts,validateformula,visible,width)
            values('0001ZZZZ03b1e3e6c093','0001ZZZZ7272914aa164','68b5e7d1-5e0e-4845-9f36-9490ebcfcb1e','dutyperson','1','#111111',null,'~',204,null, null,null,null,null,null,'N',0,null,'N','N','N',null,'N','N','N','refer',null,28,NULL,'','dutyperson',null,'~',12,'13fb3673-1635-473f-b78c-dfba976ab889','uapbd/refer/psninfo/PsndocRiartTreeGridRef/index','人员',null,'N',null,null,null,'2020-05-20 15:32:57',null,'Y',null);
            go
            insert into pub_form_property(pk_form_property,areaid,classid,code,colnum,color,creationtime,creator,datatype,dataval,defaultvalue,defaultvar,define1,define2,define3,disabled,dr,editformula,hyperlinkflag,iscode,isdefined,ismultiselectedenabled,isnextrow,isrevise,istotal,itemtype,label,maxlength,metadataproperty,metaid,metapath,modifiedtime,modifier,position,proid,refcode,refname,relatemeta,required,resid,showformula,textrows,ts,validateformula,visible,width)
            values('0001ZZZZ03b1e3e6c094','0001ZZZZ7272914aa164','68b5e7d1-5e0e-4845-9f36-9490ebcfcb1e','dutydept','1','#111111',null,'~',204,null, null,null,null,null,null,'N',0,null,'N','N','N',null,'N','N','N','refer',null,28,'uap.dept.name','','dutydept',null,'~',13,'275db745-de37-47ee-9999-2e874482a487','uapbd/refer/org/DeptTreeRef/index','部门',null,'N',null,null,null,'2020-05-20 15:32:57',null,'Y',null);
            go
            insert into pub_form_property(pk_form_property,areaid,classid,code,colnum,color,creationtime,creator,datatype,dataval,defaultvalue,defaultvar,define1,define2,define3,disabled,dr,editformula,hyperlinkflag,iscode,isdefined,ismultiselectedenabled,isnextrow,isrevise,istotal,itemtype,label,maxlength,metadataproperty,metaid,metapath,modifiedtime,modifier,position,proid,refcode,refname,relatemeta,required,resid,showformula,textrows,ts,validateformula,visible,width)
            values('0001ZZZZ03b1e3e6c095','0001ZZZZ7272914aa164','68b5e7d1-5e0e-4845-9f36-9490ebcfcb1e','milepost','1','#111111',null,'~',1,null, null,null,null,null,null,'N',0,null,'N','N','N',null,'N','N','N','input',null,28,NULL,'','milepost',null,'~',11,'ec4f895c-5c69-4366-b620-0e4dfa6b9810','/common-ref/','-99',null,'N',null,null,null,'2020-05-20 15:32:57',null,'Y',null);
            go
            insert into pub_form_property(pk_form_property,areaid,classid,code,colnum,color,creationtime,creator,datatype,dataval,defaultvalue,defaultvar,define1,define2,define3,disabled,dr,editformula,hyperlinkflag,iscode,isdefined,ismultiselectedenabled,isnextrow,isrevise,istotal,itemtype,label,maxlength,metadataproperty,metaid,metapath,modifiedtime,modifier,position,proid,refcode,refname,relatemeta,required,resid,showformula,textrows,ts,validateformula,visible,width)
            values('0001ZZZZ03b1e3e6c096','0001ZZZZ7272914aa164','68b5e7d1-5e0e-4845-9f36-9490ebcfcb1e','pk_group','1','#111111',null,'~',204,null, null,null,null,null,null,'N',0,null,'N','N','N',null,'N','N','N','refer',null,28,'uap.group.name','','pk_group',null,'~',15,'350086f4-5a02-4982-8ef2-4c3e800e20f2','uap/refer/riart/groupTreeRef/index','集团',null,'N',null,null,null,'2020-05-20 15:32:57',null,'Y',null);
            go
            insert into pub_form_property(pk_form_property,areaid,classid,code,colnum,color,creationtime,creator,datatype,dataval,defaultvalue,defaultvar,define1,define2,define3,disabled,dr,editformula,hyperlinkflag,iscode,isdefined,ismultiselectedenabled,isnextrow,isrevise,istotal,itemtype,label,maxlength,metadataproperty,metaid,metapath,modifiedtime,modifier,position,proid,refcode,refname,relatemeta,required,resid,showformula,textrows,ts,validateformula,visible,width)
            values('0001ZZZZ03b1e3e6c097','0001ZZZZ7272914aa164','68b5e7d1-5e0e-4845-9f36-9490ebcfcb1e','projectname','1','#111111',null,'~',1,null, null,null,null,null,null,'N',0,null,'N','N','N',null,'N','N','N','input',null,28,NULL,'','projectname',null,'~',2,'5362a96f-d8fa-444a-933e-b4f05bed894a','/common-ref/','-99',null,'N',null,null,null,'2020-05-20 15:32:57',null,'Y',null);
            go













            insert into pub_form_property(pk_form_property,areaid,classid,code,colnum,color,creationtime,creator,datatype,dataval,defaultvalue,defaultvar,define1,define2,define3,disabled,dr,editformula,hyperlinkflag,iscode,isdefined,ismultiselectedenabled,isnextrow,isrevise,istotal,itemtype,label,maxlength,metadataproperty,metaid,metapath,modifiedtime,modifier,position,proid,refcode,refname,relatemeta,required,resid,showformula,textrows,ts,validateformula,visible,width)
            values('0001ZZZZaeadc63a1001','0001ZZZZ5b5b0cdf9daa','68b5e7d1-5e0e-4845-9f36-9490ebcfcb1e','pk_busitype','1','#111111',null,'~',204,null, null,null,null,null,null,'N',0,null,'N','N','N',null,'N','N','N','refer','业务类型',28,'uap.BusitypeVO.businame','','pk_busitype',null,'~',21,'4979b7fb-c311-46d0-b40f-13c7349753ba','uap/refer/riart/busitype/index','业务流程',null,'N',null,null,null,'2020-05-20 15:32:57',null,'Y',null);
            go
            insert into pub_form_property(pk_form_property,areaid,classid,code,colnum,color,creationtime,creator,datatype,dataval,defaultvalue,defaultvar,define1,define2,define3,disabled,dr,editformula,hyperlinkflag,iscode,isdefined,ismultiselectedenabled,isnextrow,isrevise,istotal,itemtype,label,maxlength,metadataproperty,metaid,metapath,modifiedtime,modifier,position,proid,refcode,refname,relatemeta,required,resid,showformula,textrows,ts,validateformula,visible,width)
            values('0001ZZZZaeadc63a1002','0001ZZZZ5b5b0cdf9daa','68b5e7d1-5e0e-4845-9f36-9490ebcfcb1e','pk_transtype','1','#111111',null,'~',204,null, null,null,null,null,null,'N',0,null,'N','N','N',null,'N','N','N','refer','交易类型',28,'uap.BilltypeVO.billtypename','','pk_transtype',null,'~',25,'b5a42b4e-0061-4e2c-b0d4-a4ac5be2204e','uap/refer/riart/transtype/index','影响因素交 易类型',null,'N',null,null,null,'2020-05-20 15:32:57',null,'Y',null);
            go
            insert into pub_form_property(pk_form_property,areaid,classid,code,colnum,color,creationtime,creator,datatype,dataval,defaultvalue,defaultvar,define1,define2,define3,disabled,dr,editformula,hyperlinkflag,iscode,isdefined,ismultiselectedenabled,isnextrow,isrevise,istotal,itemtype,label,maxlength,metadataproperty,metaid,metapath,modifiedtime,modifier,position,proid,refcode,refname,relatemeta,required,resid,showformula,textrows,ts,validateformula,visible,width)
            values('0001ZZZZaeadc63a1003','0001ZZZZ5b5b0cdf9daa','68b5e7d1-5e0e-4845-9f36-9490ebcfcb1e','transtypecode','1','#111111',null,'~',1,null, null,null,null,null,null,'N',0,null,'N','N','N',null,'N','N','N','input','交易类型编码',28,NULL,'','transtypecode',null,'~',24,'f3500599-b5f2-48d8-ade7-3749a76bf65b','/common-ref/','-99',null,'N',null,null,null,'2020-05-20 15:32:57',null,'Y',null);
            go
            insert into pub_form_property(pk_form_property,areaid,classid,code,colnum,color,creationtime,creator,datatype,dataval,defaultvalue,defaultvar,define1,define2,define3,disabled,dr,editformula,hyperlinkflag,iscode,isdefined,ismultiselectedenabled,isnextrow,isrevise,istotal,itemtype,label,maxlength,metadataproperty,metaid,metapath,modifiedtime,modifier,position,proid,refcode,refname,relatemeta,required,resid,showformula,textrows,ts,validateformula,visible,width)
            values('0001ZZZZaeadc63a1004','0001ZZZZ5b5b0cdf9daa','68b5e7d1-5e0e-4845-9f36-9490ebcfcb1e','missionname','1','#111111',null,'~',1,null, null,null,null,null,null,'N',0,null,'N','N','N',null,'N','N','N','input','任务名称',28,NULL,'','missionname',null,'~',5,'197d9b7d-f054-431d-aba2-7431ccd04356','/common-ref/','-99',null,'N',null,null,null,'2020-05-20 15:32:57',null,'Y',null);
            go
            insert into pub_form_property(pk_form_property,areaid,classid,code,colnum,color,creationtime,creator,datatype,dataval,defaultvalue,defaultvar,define1,define2,define3,disabled,dr,editformula,hyperlinkflag,iscode,isdefined,ismultiselectedenabled,isnextrow,isrevise,istotal,itemtype,label,maxlength,metadataproperty,metaid,metapath,modifiedtime,modifier,position,proid,refcode,refname,relatemeta,required,resid,showformula,textrows,ts,validateformula,visible,width)
            values('0001ZZZZaeadc63a1005','0001ZZZZ5b5b0cdf9daa','68b5e7d1-5e0e-4845-9f36-9490ebcfcb1e','missiondetail','1','#111111',null,'~',1,null, null,null,null,null,null,'N',0,null,'N','N','N',null,'N','N','N','input','任务描述',28,NULL,'','missiondetail',null,'~',9,'875817e9-c09e-4b8b-a0ca-3a353786edbb','/common-ref/','-99',null,'N',null,null,null,'2020-05-20 15:32:57',null,'Y',null);
            go
            insert into pub_form_property(pk_form_property,areaid,classid,code,colnum,color,creationtime,creator,datatype,dataval,defaultvalue,defaultvar,define1,define2,define3,disabled,dr,editformula,hyperlinkflag,iscode,isdefined,ismultiselectedenabled,isnextrow,isrevise,istotal,itemtype,label,maxlength,metadataproperty,metaid,metapath,modifiedtime,modifier,position,proid,refcode,refname,relatemeta,required,resid,showformula,textrows,ts,validateformula,visible,width)
            values('0001ZZZZaeadc63a1006','0001ZZZZ5b5b0cdf9daa','68b5e7d1-5e0e-4845-9f36-9490ebcfcb1e','missioncode','1','#111111',null,'~',1,null, null,null,null,null,null,'N',0,null,'N','N','N',null,'N','N','N','input','任务编码',28,NULL,'','missioncode',null,'~',4,'13872540-3ba5-4f0c-a595-84e4a64d7eb9','/common-ref/','-99',null,'N',null,null,null,'2020-05-20 15:32:57',null,'Y',null);
            go
            insert into pub_form_property(pk_form_property,areaid,classid,code,colnum,color,creationtime,creator,datatype,dataval,defaultvalue,defaultvar,define1,define2,define3,disabled,dr,editformula,hyperlinkflag,iscode,isdefined,ismultiselectedenabled,isnextrow,isrevise,istotal,itemtype,label,maxlength,metadataproperty,metaid,metapath,modifiedtime,modifier,position,proid,refcode,refname,relatemeta,required,resid,showformula,textrows,ts,validateformula,visible,width)
            values('0001ZZZZfa62ab4a99d7','0001ZZZZ698382d24d57','68b5e7d1-5e0e-4845-9f36-9490ebcfcb1e','modifier','1','#111111',null,'~',204,null, null,null,null,null,null,'N',0,null,'N','N','N',null,'N','N','N','refer','修改人',28,'uap.user.user_name','','modifier',null,'~',30,'cfdbb389-8a4c-4ba7-9dd8-3eacee0c3150','uap/refer/riart/userDefaultRefer/index','用户',null,'N',null,null,null,'2020-05-20 15:32:57',null,'Y',null);
            go
            insert into pub_form_property(pk_form_property,areaid,classid,code,colnum,color,creationtime,creator,datatype,dataval,defaultvalue,defaultvar,define1,define2,define3,disabled,dr,editformula,hyperlinkflag,iscode,isdefined,ismultiselectedenabled,isnextrow,isrevise,istotal,itemtype,label,maxlength,metadataproperty,metaid,metapath,modifiedtime,modifier,position,proid,refcode,refname,relatemeta,required,resid,showformula,textrows,ts,validateformula,visible,width)
            values('0001ZZZZdfcd230de08f','0001ZZZZ698382d24d57','68b5e7d1-5e0e-4845-9f36-9490ebcfcb1e','modifiedtime','1','#111111',null,'~',34,null, null,null,null,null,null,'N',0,null,'N','N','N',null,'N','N','N','datetimepicker','修改时间',28,NULL,'','modifiedtime',null,'~',31,'3470ed06-9840-46df-8639-d0386a958311','/common-ref/','-99',null,'N',null,null,null,'2020-05-20 15:32:57',null,'Y',null);
            go
            insert into pub_form_property(pk_form_property,areaid,classid,code,colnum,color,creationtime,creator,datatype,dataval,defaultvalue,defaultvar,define1,define2,define3,disabled,dr,editformula,hyperlinkflag,iscode,isdefined,ismultiselectedenabled,isnextrow,isrevise,istotal,itemtype,label,maxlength,metadataproperty,metaid,metapath,modifiedtime,modifier,position,proid,refcode,refname,relatemeta,required,resid,showformula,textrows,ts,validateformula,visible,width)
            values('0001ZZZZ206b8dc1bc44','0001ZZZZ698382d24d57','68b5e7d1-5e0e-4845-9f36-9490ebcfcb1e','creator','1','#111111',null,'~',204,null, null,null,null,null,null,'N',0,null,'N','N','N',null,'N','N','N','refer','创建人',28,'uap.user.user_name','','creator',null,'~',28,'9c46a578-896e-478a-a899-bac364b2cedb','uap/refer/riart/userDefaultRefer/index','用户',null,'N',null,null,null,'2020-05-20 15:32:57',null,'Y',null);
            go
            insert into pub_form_property(pk_form_property,areaid,classid,code,colnum,color,creationtime,creator,datatype,dataval,defaultvalue,defaultvar,define1,define2,define3,disabled,dr,editformula,hyperlinkflag,iscode,isdefined,ismultiselectedenabled,isnextrow,isrevise,istotal,itemtype,label,maxlength,metadataproperty,metaid,metapath,modifiedtime,modifier,position,proid,refcode,refname,relatemeta,required,resid,showformula,textrows,ts,validateformula,visible,width)
            values('0001ZZZZ47dfd41deed6','0001ZZZZ698382d24d57','68b5e7d1-5e0e-4845-9f36-9490ebcfcb1e','creationtime','1','#111111',null,'~',34,null, null,null,null,null,null,'N',0,null,'N','N','N',null,'N','N','N','datetimepicker','创建时间',28,NULL,'','creationtime',null,'~',29,'cac05fb7-8e7e-47d7-bb75-c7069e24e18a','/common-ref/','-99',null,'N',null,null,null,'2020-05-20 15:32:57',null,'Y',null);
            go
            insert into pub_form_property(pk_form_property,areaid,classid,code,colnum,color,creationtime,creator,datatype,dataval,defaultvalue,defaultvar,define1,define2,define3,disabled,dr,editformula,hyperlinkflag,iscode,isdefined,ismultiselectedenabled,isnextrow,isrevise,istotal,itemtype,label,maxlength,metadataproperty,metaid,metapath,modifiedtime,modifier,position,proid,refcode,refname,relatemeta,required,resid,showformula,textrows,ts,validateformula,visible,width)
            values('0001ZZZZaeadc63a1011','0001ZZZZ5b5b0cdf9daa','68b5e7d1-5e0e-4845-9f36-9490ebcfcb1e','billmaker','1','#111111',null,'~',204,null, null,null,null,null,null,'N',0,null,'N','N','N',null,'N','N','N','refer','制单人',28,'uap.user.user_name','','billmaker',null,'~',26,'64dec124-2eea-416b-a7f3-101bc46ca743','uap/refer/riart/userDefaultRefer/index','用户',null,'N',null,null,null,'2020-05-20 15:32:57',null,'Y',null);
            go
            insert into pub_form_property(pk_form_property,areaid,classid,code,colnum,color,creationtime,creator,datatype,dataval,defaultvalue,defaultvar,define1,define2,define3,disabled,dr,editformula,hyperlinkflag,iscode,isdefined,ismultiselectedenabled,isnextrow,isrevise,istotal,itemtype,label,maxlength,metadataproperty,metaid,metapath,modifiedtime,modifier,position,proid,refcode,refname,relatemeta,required,resid,showformula,textrows,ts,validateformula,visible,width)
            values('0001ZZZZaeadc63a1012','0001ZZZZ5b5b0cdf9daa','68b5e7d1-5e0e-4845-9f36-9490ebcfcb1e','maketime','1','#111111',null,'~',33,null, null,null,null,null,null,'N',0,null,'N','N','N',null,'N','N','N','datepicker','制单时间',28,NULL,'','maketime',null,'~',27,'b30afd5d-78ac-443c-9a86-22f6c3b67d94','/common-ref/','-99',null,'N',null,null,null,'2020-05-20 15:32:57',null,'Y',null);
            go
            insert into pub_form_property(pk_form_property,areaid,classid,code,colnum,color,creationtime,creator,datatype,dataval,defaultvalue,defaultvar,define1,define2,define3,disabled,dr,editformula,hyperlinkflag,iscode,isdefined,ismultiselectedenabled,isnextrow,isrevise,istotal,itemtype,label,maxlength,metadataproperty,metaid,metapath,modifiedtime,modifier,position,proid,refcode,refname,relatemeta,required,resid,showformula,textrows,ts,validateformula,visible,width)
            values('0001ZZZZaeadc63a1013','0001ZZZZ5b5b0cdf9daa','68b5e7d1-5e0e-4845-9f36-9490ebcfcb1e','advanceplan','1','#111111',null,'~',1,null, null,null,null,null,null,'N',0,null,'N','N','N',null,'N','N','N','input','前置计划',28,NULL,'','advanceplan',null,'~',10,'12d42fd7-f7f0-43f6-8d97-04a7d87d707f','/common-ref/','-99',null,'N',null,null,null,'2020-05-20 15:32:57',null,'Y',null);
            go
            insert into pub_form_property(pk_form_property,areaid,classid,code,colnum,color,creationtime,creator,datatype,dataval,defaultvalue,defaultvar,define1,define2,define3,disabled,dr,editformula,hyperlinkflag,iscode,isdefined,ismultiselectedenabled,isnextrow,isrevise,istotal,itemtype,label,maxlength,metadataproperty,metaid,metapath,modifiedtime,modifier,position,proid,refcode,refname,relatemeta,required,resid,showformula,textrows,ts,validateformula,visible,width)
            values('0001ZZZZaeadc63a1014','0001ZZZZ5b5b0cdf9daa','68b5e7d1-5e0e-4845-9f36-9490ebcfcb1e','billno','1','#111111',null,'~',1,null, null,null,null,null,null,'Y',0,null,'N','N','N',null,'N','N','N','input','单据号',28,NULL,'','billno',null,'~',20,'cbec48fa-21d4-4a47-a4b7-d79b3afb0f52','/common-ref/','-99',null,'N',null,null,null,'2020-05-20 15:32:57',null,'Y',null);
            go
            insert into pub_form_property(pk_form_property,areaid,classid,code,colnum,color,creationtime,creator,datatype,dataval,defaultvalue,defaultvar,define1,define2,define3,disabled,dr,editformula,hyperlinkflag,iscode,isdefined,ismultiselectedenabled,isnextrow,isrevise,istotal,itemtype,label,maxlength,metadataproperty,metaid,metapath,modifiedtime,modifier,position,proid,refcode,refname,relatemeta,required,resid,showformula,textrows,ts,validateformula,visible,width)
            values('0001ZZZZaeadc63a1015','0001ZZZZ5b5b0cdf9daa','68b5e7d1-5e0e-4845-9f36-9490ebcfcb1e','dbilldate','1','#111111',null,'~',33,null, null,null,null,null,null,'N',0,null,'N','N','N',null,'N','N','N','datepicker','单据日期',28,NULL,'','dbilldate',null,'~',18,'c6ad1536-51ea-4193-be72-86aa9f7bf93d','/common-ref/','-99',null,'N',null,null,null,'2020-05-20 15:32:57',null,'Y',null);
            go
            insert into pub_form_property(pk_form_property,areaid,classid,code,colnum,color,creationtime,creator,datatype,dataval,defaultvalue,defaultvar,define1,define2,define3,disabled,dr,editformula,hyperlinkflag,iscode,isdefined,ismultiselectedenabled,isnextrow,isrevise,istotal,itemtype,label,maxlength,metadataproperty,metaid,metapath,modifiedtime,modifier,position,proid,refcode,refname,relatemeta,required,resid,showformula,textrows,ts,validateformula,visible,width)
            values('0001ZZZZaeadc63a1016','0001ZZZZ5b5b0cdf9daa','68b5e7d1-5e0e-4845-9f36-9490ebcfcb1e','billstatus','1','#111111',null,'~',203,'自由=-1,审批未通过=0,审批通过=1,审批进行中=2,提交=3','-1',null,null,null,null,'Y',0,null,'N','N','N',null,'N','N','N','select','单据状态',28,NULL,'','billstatus',null,'~',19,'aa7fab6f-4361-4bcb-8fd5-848b96d907f1','/common-ref/','-99',null,'N',null,null,null,'2020-05-20 15:32:57',null,'Y',null);
            go
            insert into pub_form_property(pk_form_property,areaid,classid,code,colnum,color,creationtime,creator,datatype,dataval,defaultvalue,defaultvar,define1,define2,define3,disabled,dr,editformula,hyperlinkflag,iscode,isdefined,ismultiselectedenabled,isnextrow,isrevise,istotal,itemtype,label,maxlength,metadataproperty,metaid,metapath,modifiedtime,modifier,position,proid,refcode,refname,relatemeta,required,resid,showformula,textrows,ts,validateformula,visible,width)
            values('0001ZZZZaeadc63a1017','0001ZZZZ5b5b0cdf9daa','68b5e7d1-5e0e-4845-9f36-9490ebcfcb1e','pk_billtypeid','1','#111111',null,'~',204,null, null,null,null,null,null,'N',0,null,'N','N','N',null,'N','N','N','refer','单据类型',28,'uap.BilltypeVO.billtypename','','pk_billtypeid',null,'~',22,'a88dfbd3-b4f6-4ce5-9b76-c63e6ea91f44','uap/refer/riart/billtype/index','影响因素单据类型',null,'N',null,null,null,'2020-05-20 15:32:57',null,'Y',null);
            go
            insert into pub_form_property(pk_form_property,areaid,classid,code,colnum,color,creationtime,creator,datatype,dataval,defaultvalue,defaultvar,define1,define2,define3,disabled,dr,editformula,hyperlinkflag,iscode,isdefined,ismultiselectedenabled,isnextrow,isrevise,istotal,itemtype,label,maxlength,metadataproperty,metaid,metapath,modifiedtime,modifier,position,proid,refcode,refname,relatemeta,required,resid,showformula,textrows,ts,validateformula,visible,width)
            values('0001ZZZZaeadc63a1018','0001ZZZZ5b5b0cdf9daa','68b5e7d1-5e0e-4845-9f36-9490ebcfcb1e','billtype','1','#111111',null,'~',1,null, null,null,null,null,null,'N',0,null,'N','N','N',null,'N','N','N','input','单据类型编码',28,NULL,'','billtype',null,'~',23,'d14abe39-57a0-41e8-b5e8-ffef075947f7','/common-ref/','-99',null,'N',null,null,null,'2020-05-20 15:32:57',null,'Y',null);
            go
            insert into pub_form_property(pk_form_property,areaid,classid,code,colnum,color,creationtime,creator,datatype,dataval,defaultvalue,defaultvar,define1,define2,define3,disabled,dr,editformula,hyperlinkflag,iscode,isdefined,ismultiselectedenabled,isnextrow,isrevise,istotal,itemtype,label,maxlength,metadataproperty,metaid,metapath,modifiedtime,modifier,position,proid,refcode,refname,relatemeta,required,resid,showformula,textrows,ts,validateformula,visible,width)
            values('0001ZZZZ3fd405651820','0001ZZZZ698382d24d57','68b5e7d1-5e0e-4845-9f36-9490ebcfcb1e','approver','1','#111111',null,'~',204,null, null,null,null,null,null,'N',0,null,'N','N','N',null,'N','N','N','refer','审批人',28,'uap.user.user_name','','approver',null,'~',32,'12948e34-1415-486f-8ba8-8c6c68a939bb','uap/refer/riart/userDefaultRefer/index','用户',null,'N',null,null,null,'2020-05-20 15:32:57',null,'Y',null);
            go
            insert into pub_form_property(pk_form_property,areaid,classid,code,colnum,color,creationtime,creator,datatype,dataval,defaultvalue,defaultvar,define1,define2,define3,disabled,dr,editformula,hyperlinkflag,iscode,isdefined,ismultiselectedenabled,isnextrow,isrevise,istotal,itemtype,label,maxlength,metadataproperty,metaid,metapath,modifiedtime,modifier,position,proid,refcode,refname,relatemeta,required,resid,showformula,textrows,ts,validateformula,visible,width)
            values('0001ZZZZ7a357b41775c','0001ZZZZ698382d24d57','68b5e7d1-5e0e-4845-9f36-9490ebcfcb1e','approvenote','1','#111111',null,'~',1,null, null,null,null,null,null,'N',0,null,'N','N','N',null,'N','N','N','input','审批批语',28,NULL,'','approvenote',null,'~',34,'14e792ec-16cc-443f-8881-ac3b66c7b061','/common-ref/','-99',null,'N',null,null,null,'2020-05-20 15:32:57',null,'Y',null);
            go
            insert into pub_form_property(pk_form_property,areaid,classid,code,colnum,color,creationtime,creator,datatype,dataval,defaultvalue,defaultvar,define1,define2,define3,disabled,dr,editformula,hyperlinkflag,iscode,isdefined,ismultiselectedenabled,isnextrow,isrevise,istotal,itemtype,label,maxlength,metadataproperty,metaid,metapath,modifiedtime,modifier,position,proid,refcode,refname,relatemeta,required,resid,showformula,textrows,ts,validateformula,visible,width)
            values('0001ZZZZ2ba6eff79822','0001ZZZZ698382d24d57','68b5e7d1-5e0e-4845-9f36-9490ebcfcb1e','approvedate','1','#111111',null,'~',34,null, null,null,null,null,null,'N',0,null,'N','N','N',null,'N','N','N','datetimepicker','审批时间',28,NULL,'','approvedate',null,'~',14,'af337fe8-e00e-488b-bc96-961d7daad987','/common-ref/','-99',null,'N',null,null,null,'2020-05-20 15:32:57',null,'Y',null);
            go
            insert into pub_form_property(pk_form_property,areaid,classid,code,colnum,color,creationtime,creator,datatype,dataval,defaultvalue,defaultvar,define1,define2,define3,disabled,dr,editformula,hyperlinkflag,iscode,isdefined,ismultiselectedenabled,isnextrow,isrevise,istotal,itemtype,label,maxlength,metadataproperty,metaid,metapath,modifiedtime,modifier,position,proid,refcode,refname,relatemeta,required,resid,showformula,textrows,ts,validateformula,visible,width)
            values('0001ZZZZaeadc63a1023','0001ZZZZ5b5b0cdf9daa','68b5e7d1-5e0e-4845-9f36-9490ebcfcb1e','approvestatus','1','#111111',null,'~',203,'自由=-1,审批未通过=0,审批通过=1,审批进行中=2,提交=3', null,null,null,null,null,'N',0,null,'N','N','N',null,'N','N','N','select','审批状态',28,NULL,'','approvestatus',null,'~',33,'803e6492-84c1-44d0-8178-71e23a601001','/common-ref/','-99',null,'N',null,null,null,'2020-05-20 15:32:57',null,'Y',null);
            go
            insert into pub_form_property(pk_form_property,areaid,classid,code,colnum,color,creationtime,creator,datatype,dataval,defaultvalue,defaultvar,define1,define2,define3,disabled,dr,editformula,hyperlinkflag,iscode,isdefined,ismultiselectedenabled,isnextrow,isrevise,istotal,itemtype,label,maxlength,metadataproperty,metaid,metapath,modifiedtime,modifier,position,proid,refcode,refname,relatemeta,required,resid,showformula,textrows,ts,validateformula,visible,width)
            values('0001ZZZZaeadc63a1037','0001ZZZZ5b5b0cdf9daa','68b5e7d1-5e0e-4845-9f36-9490ebcfcb1e','pk_org','1','#111111',null,'~',204,null, null,null,null,null,null,'N',0,null,'N','N','N',null,'N','N','N','refer','组织',28,'uap.org.name','','pk_org',null,'~',16,'6db2ca6f-7e51-42d6-b38d-96fc42fc8562','uapbd/refer/org/BusinessUnitAndDeptTreeRef/index','业务单元及部门',null,'N',null,null,null,'2020-05-20 15:32:57',null,'Y',null);
            go
            insert into pub_form_property(pk_form_property,areaid,classid,code,colnum,color,creationtime,creator,datatype,dataval,defaultvalue,defaultvar,define1,define2,define3,disabled,dr,editformula,hyperlinkflag,iscode,isdefined,ismultiselectedenabled,isnextrow,isrevise,istotal,itemtype,label,maxlength,metadataproperty,metaid,metapath,modifiedtime,modifier,position,proid,refcode,refname,relatemeta,required,resid,showformula,textrows,ts,validateformula,visible,width)
            values('0001ZZZZaeadc63a1038','0001ZZZZ5b5b0cdf9daa','68b5e7d1-5e0e-4845-9f36-9490ebcfcb1e','pk_org_v','1','#111111',null,'~',204,null, null,null,null,null,null,'N',0,null,'N','N','N',null,'N','N','N','refer','组织版本',28,'uap.org_v.name','','pk_org_v',null,'~',17,'f8c2174d-e109-4f23-b066-d9dcaa4c8700','uapbd/refer/orgv/BusinessUnitVersionDefaultAllTreeRef/index','业务单元版本(所有)',null,'N',null,null,null,'2020-05-20 15:32:57',null,'N',null);
            go
            insert into pub_form_property(pk_form_property,areaid,classid,code,colnum,color,creationtime,creator,datatype,dataval,defaultvalue,defaultvar,define1,define2,define3,disabled,dr,editformula,hyperlinkflag,iscode,isdefined,ismultiselectedenabled,isnextrow,isrevise,istotal,itemtype,label,maxlength,metadataproperty,metaid,metapath,modifiedtime,modifier,position,proid,refcode,refname,relatemeta,required,resid,showformula,textrows,ts,validateformula,visible,width)
            values('0001ZZZZaeadc63a1089','0001ZZZZ5b5b0cdf9daa','68b5e7d1-5e0e-4845-9f36-9490ebcfcb1e','planname','1','#111111',null,'~',1,null, null,null,null,null,null,'N',0,null,'N','N','N',null,'N','N','N','input','计划名称',28,NULL,'','planname',null,'~',3,'561b7e74-7547-48d0-a90a-3a2eb07dab36','/common-ref/','-99',null,'N',null,null,null,'2020-05-20 15:32:57',null,'Y',null);
            go
            insert into pub_form_property(pk_form_property,areaid,classid,code,colnum,color,creationtime,creator,datatype,dataval,defaultvalue,defaultvar,define1,define2,define3,disabled,dr,editformula,hyperlinkflag,iscode,isdefined,ismultiselectedenabled,isnextrow,isrevise,istotal,itemtype,label,maxlength,metadataproperty,metaid,metapath,modifiedtime,modifier,position,proid,refcode,refname,relatemeta,required,resid,showformula,textrows,ts,validateformula,visible,width)
            values('0001ZZZZaeadc63a1090','0001ZZZZ5b5b0cdf9daa','68b5e7d1-5e0e-4845-9f36-9490ebcfcb1e','planduration','1','#111111',null,'~',1,null, null,null,null,null,null,'N',0,null,'N','N','N',null,'N','N','N','input','计划工期',28,NULL,'','planduration',null,'~',8,'aad8b0de-c907-4862-847e-51f6979829ac','/common-ref/','-99',null,'N',null,null,null,'2020-05-20 15:32:57',null,'Y',null);
            go
            insert into pub_form_property(pk_form_property,areaid,classid,code,colnum,color,creationtime,creator,datatype,dataval,defaultvalue,defaultvar,define1,define2,define3,disabled,dr,editformula,hyperlinkflag,iscode,isdefined,ismultiselectedenabled,isnextrow,isrevise,istotal,itemtype,label,maxlength,metadataproperty,metaid,metapath,modifiedtime,modifier,position,proid,refcode,refname,relatemeta,required,resid,showformula,textrows,ts,validateformula,visible,width)
            values('0001ZZZZaeadc63a1091','0001ZZZZ5b5b0cdf9daa','68b5e7d1-5e0e-4845-9f36-9490ebcfcb1e','projectstartdate','1','#111111',null,'~',33,null, null,null,null,null,null,'N',0,null,'N','N','N',null,'N','N','N','datepicker','计划开始日期',28,NULL,'','projectstartdate',null,'~',6,'19a0dfb3-d8e6-49df-9fed-9998db19ac11','/common-ref/','-99',null,'N',null,null,null,'2020-05-20 15:32:57',null,'Y',null);
            go
            insert into pub_form_property(pk_form_property,areaid,classid,code,colnum,color,creationtime,creator,datatype,dataval,defaultvalue,defaultvar,define1,define2,define3,disabled,dr,editformula,hyperlinkflag,iscode,isdefined,ismultiselectedenabled,isnextrow,isrevise,istotal,itemtype,label,maxlength,metadataproperty,metaid,metapath,modifiedtime,modifier,position,proid,refcode,refname,relatemeta,required,resid,showformula,textrows,ts,validateformula,visible,width)
            values('0001ZZZZaeadc63a1092','0001ZZZZ5b5b0cdf9daa','68b5e7d1-5e0e-4845-9f36-9490ebcfcb1e','projectdeaddate','1','#111111',null,'~',33,null, null,null,null,null,null,'N',0,null,'N','N','N',null,'N','N','N','datepicker','计划截止日期',28,NULL,'','projectdeaddate',null,'~',7,'0481c8d5-a43d-424e-8cc6-f38a38e406f5','/common-ref/','-99',null,'N',null,null,null,'2020-05-20 15:32:57',null,'Y',null);
            go
            insert into pub_form_property(pk_form_property,areaid,classid,code,colnum,color,creationtime,creator,datatype,dataval,defaultvalue,defaultvar,define1,define2,define3,disabled,dr,editformula,hyperlinkflag,iscode,isdefined,ismultiselectedenabled,isnextrow,isrevise,istotal,itemtype,label,maxlength,metadataproperty,metaid,metapath,modifiedtime,modifier,position,proid,refcode,refname,relatemeta,required,resid,showformula,textrows,ts,validateformula,visible,width)
            values('0001ZZZZaeadc63a1093','0001ZZZZ5b5b0cdf9daa','68b5e7d1-5e0e-4845-9f36-9490ebcfcb1e','dutyperson','1','#111111',null,'~',204,null, null,null,null,null,null,'N',0,null,'N','N','N',null,'N','N','N','refer','责任人',28,NULL,'','dutyperson',null,'~',12,'ab17bed2-d72d-4002-897e-debef17771f6','uapbd/refer/psninfo/PsndocRiartTreeGridRef/index','人员',null,'N',null,null,null,'2020-05-20 15:32:57',null,'Y',null);
            go
            insert into pub_form_property(pk_form_property,areaid,classid,code,colnum,color,creationtime,creator,datatype,dataval,defaultvalue,defaultvar,define1,define2,define3,disabled,dr,editformula,hyperlinkflag,iscode,isdefined,ismultiselectedenabled,isnextrow,isrevise,istotal,itemtype,label,maxlength,metadataproperty,metaid,metapath,modifiedtime,modifier,position,proid,refcode,refname,relatemeta,required,resid,showformula,textrows,ts,validateformula,visible,width)
            values('0001ZZZZaeadc63a1094','0001ZZZZ5b5b0cdf9daa','68b5e7d1-5e0e-4845-9f36-9490ebcfcb1e','dutydept','1','#111111',null,'~',204,null, null,null,null,null,null,'N',0,null,'N','N','N',null,'N','N','N','refer','责任部门',28,'uap.dept.name','','dutydept',null,'~',13,'29d850c7-cd91-44c0-b1a4-3d80c9c13458','uapbd/refer/org/DeptTreeRef/index','部门',null,'N',null,null,null,'2020-05-20 15:32:57',null,'Y',null);
            go
            insert into pub_form_property(pk_form_property,areaid,classid,code,colnum,color,creationtime,creator,datatype,dataval,defaultvalue,defaultvar,define1,define2,define3,disabled,dr,editformula,hyperlinkflag,iscode,isdefined,ismultiselectedenabled,isnextrow,isrevise,istotal,itemtype,label,maxlength,metadataproperty,metaid,metapath,modifiedtime,modifier,position,proid,refcode,refname,relatemeta,required,resid,showformula,textrows,ts,validateformula,visible,width)
            values('0001ZZZZaeadc63a1095','0001ZZZZ5b5b0cdf9daa','68b5e7d1-5e0e-4845-9f36-9490ebcfcb1e','milepost','1','#111111',null,'~',1,null, null,null,null,null,null,'N',0,null,'N','N','N',null,'N','N','N','input','里程碑',28,NULL,'','milepost',null,'~',11,'1952b321-79b0-4874-bf03-0d108f1fb200','/common-ref/','-99',null,'N',null,null,null,'2020-05-20 15:32:57',null,'Y',null);
            go
            insert into pub_form_property(pk_form_property,areaid,classid,code,colnum,color,creationtime,creator,datatype,dataval,defaultvalue,defaultvar,define1,define2,define3,disabled,dr,editformula,hyperlinkflag,iscode,isdefined,ismultiselectedenabled,isnextrow,isrevise,istotal,itemtype,label,maxlength,metadataproperty,metaid,metapath,modifiedtime,modifier,position,proid,refcode,refname,relatemeta,required,resid,showformula,textrows,ts,validateformula,visible,width)
            values('0001ZZZZaeadc63a1096','0001ZZZZ5b5b0cdf9daa','68b5e7d1-5e0e-4845-9f36-9490ebcfcb1e','pk_group','1','#111111',null,'~',204,null, null,null,null,null,null,'N',0,null,'N','N','N',null,'N','N','N','refer','集团',28,'uap.group.name','','pk_group',null,'~',15,'c89a7c6c-1419-4b93-a523-5af0bb187f15','uap/refer/riart/groupTreeRef/index','集团',null,'N',null,null,null,'2020-05-20 15:32:57',null,'Y',null);
            go
            insert into pub_form_property(pk_form_property,areaid,classid,code,colnum,color,creationtime,creator,datatype,dataval,defaultvalue,defaultvar,define1,define2,define3,disabled,dr,editformula,hyperlinkflag,iscode,isdefined,ismultiselectedenabled,isnextrow,isrevise,istotal,itemtype,label,maxlength,metadataproperty,metaid,metapath,modifiedtime,modifier,position,proid,refcode,refname,relatemeta,required,resid,showformula,textrows,ts,validateformula,visible,width)
            values('0001ZZZZaeadc63a1097','0001ZZZZ5b5b0cdf9daa','68b5e7d1-5e0e-4845-9f36-9490ebcfcb1e','projectname','1','#111111',null,'~',1,null, null,null,null,null,null,'N',0,null,'N','N','N',null,'N','N','N','input','项目名称',28,NULL,'','projectname',null,'~',2,'830d1341-9353-4b4f-9578-9e64303c6018','/common-ref/','-99',null,'N',null,null,null,'2020-05-20 15:32:57',null,'Y',null);
            go






