insert into pub_page_templet(pk_page_templet,appcode,clazz,code,creationtime,creator,dr,headcode,isdefault,metaid,modifiedtime,modifier,name,pagecode,parentid,pk_group,pk_org,resid,resmodule,templetdesc,ts)
values('0001ZZZZ30f93e3dac01','91H10550','nc.vo.adprepare.tendaysprojectplan.AggTendaysprojplanHVO','91H10550_LIST',null,'~',0,'list_head','Y',null,null,'~','项目旬计划列表','91H10550_LIST','root',null,null,null,null,'项目旬计划列表页面','2020-05-20 15:57:12');
go

insert into pub_page_templet(pk_page_templet,appcode,clazz,code,creationtime,creator,dr,headcode,isdefault,metaid,modifiedtime,modifier,name,pagecode,parentid,pk_group,pk_org,resid,resmodule,templetdesc,ts)
values('0001ZZZZ085f5b0ee546','91H10550','nc.vo.adprepare.tendaysprojectplan.AggTendaysprojplanHVO','91H10550_CARD',null,'~',0,'card_head','N',null,null,'~','项目旬计划卡片','91H10550_CARD','root',null,null,null,null,'项目旬计划卡片页面','2020-05-20 15:57:12');
go

insert into pub_page_templet(pk_page_templet,appcode,clazz,code,creationtime,creator,dr,headcode,isdefault,metaid,modifiedtime,modifier,name,pagecode,parentid,pk_group,pk_org,resid,resmodule,templetdesc,ts)
values('0001ZZZZ78528bc186d9','91H10550','nc.vo.adprepare.tendaysprojectplan.AggTendaysprojplanHVO','91H10550L_CARD',null,'~',0,'card_head','N',null,null,'~','项目旬计划联查卡片','91H10550L_CARD','root',null,null,null,null,'项目旬计划联查卡片页面','2020-05-20 15:57:12');
go

insert into pub_page_templet(pk_page_templet,appcode,clazz,code,creationtime,creator,dr,headcode,isdefault,metaid,modifiedtime,modifier,name,pagecode,parentid,pk_group,pk_org,resid,resmodule,templetdesc,ts)
values('0001ZZZZ530ca0de286e','91H10550A','nc.vo.adprepare.tendaysprojectplan.AggTendaysprojplanHVO','91H10550A_CARD',null,'~',0,'card_head','N',null,null,'~','项目旬计划审批卡片','91H10550A_CARD','root',null,null,null,null,'项目旬计划审批卡片页面','2020-05-20 15:57:12');
go







insert into pub_area(pk_area,areadesc,areastatus,areatype,clazz,code,creationtime,creator,dr,isunfold,metaid,metaname,metaspace,modifiedtime,modifier,name,pagination,position,relationcode,resid,templetid,ts)
values('0001ZZZZe54d46100750',null,'browse',0,'nc.vo.adprepare.tendaysprojectplan.TendaysprojplanHVO','list_query',null,'~',0,null,'23375c27-0c5a-4405-91eb-dca16fe2a3b3','项目旬计划主实体',null,null,'~','查询区',null,2,null,'','0001ZZZZ30f93e3dac01','2020-05-20 15:57:12');
go
insert into pub_area(pk_area,areadesc,areastatus,areatype,clazz,code,creationtime,creator,dr,isunfold,metaid,metaname,metaspace,modifiedtime,modifier,name,pagination,position,relationcode,resid,templetid,ts)
values('0001ZZZZ3bb13815b95a',null,'browse',2,'nc.vo.adprepare.tendaysprojectplan.TendaysprojplanHVO','list_head',null,'~',0,null,'23375c27-0c5a-4405-91eb-dca16fe2a3b3','项目旬计划主实体',null,null,'~','表头',null,1,null,'','0001ZZZZ30f93e3dac01','2020-05-20 15:57:12');
go




insert into pub_area(pk_area,areadesc,areastatus,areatype,clazz,code,creationtime,creator,dr,isunfold,metaid,metaname,metaspace,modifiedtime,modifier,name,pagination,position,relationcode,resid,templetid,ts)
values('0001ZZZZ0ec3525dc269',null,'browse',1,'nc.vo.adprepare.tendaysprojectplan.TendaysprojplanHVO','card_head',null,'~',0,null,'23375c27-0c5a-4405-91eb-dca16fe2a3b3','项目旬计划主实体','adprepare.tendaysprojectplan',null,'~','项目旬计划主实体',null,1,null,null,'0001ZZZZ085f5b0ee546','2020-05-20 15:57:12');
go
insert into pub_area(pk_area,areadesc,areastatus,areatype,clazz,code,creationtime,creator,dr,isunfold,metaid,metaname,metaspace,modifiedtime,modifier,name,pagination,position,relationcode,resid,templetid,ts)
values('0001ZZZZ458f41edf229',null,'browse',1,'nc.vo.adprepare.tendaysprojectplan.TendaysprojplanHVO','card_operate',null,'~',0,null,'23375c27-0c5a-4405-91eb-dca16fe2a3b3','项目旬计划主实体','adprepare.tendaysprojectplan',null,'~','操作信息',null,2,'card_head',null,'0001ZZZZ085f5b0ee546','2020-05-20 15:57:12');
go
insert into pub_area(pk_area,areadesc,areastatus,areatype,clazz,code,creationtime,creator,dr,isunfold,metaid,metaname,metaspace,modifiedtime,modifier,name,pagination,position,relationcode,resid,templetid,ts)
values('0001ZZZZ81c618d97859',null,'browse',2,'nc.vo.adprepare.tendaysprojectplan.TendaysprojplanBVO','card_body',null,'~',0,null,'23375c27-0c5a-4405-91eb-dca16fe2a3b3','项目旬计划主实体','adprepare.tendaysprojectplan',null,'~','项目旬计划子实体',null,3,null,null,'0001ZZZZ085f5b0ee546','2020-05-20 15:57:12');
go
insert into pub_area(pk_area,areadesc,areastatus,areatype,clazz,code,creationtime,creator,dr,isunfold,metaid,metaname,metaspace,modifiedtime,modifier,name,pagination,position,relationcode,resid,templetid,ts)
values('0001ZZZZ97ccfdab13c8',null,'edit',1,'nc.vo.adprepare.tendaysprojectplan.TendaysprojplanBVO','card_body_edit',null,'~',0,null,'23375c27-0c5a-4405-91eb-dca16fe2a3b3','项目旬计划主实体','adprepare.tendaysprojectplan',null,'~','项目旬计划子实体',null,4,'card_body',null,'0001ZZZZ085f5b0ee546','2020-05-20 15:57:12');
go
insert into pub_area(pk_area,areadesc,areastatus,areatype,clazz,code,creationtime,creator,dr,isunfold,metaid,metaname,metaspace,modifiedtime,modifier,name,pagination,position,relationcode,resid,templetid,ts)
values('0001ZZZZb9bc10b52a89',null,'browse',1,'nc.vo.adprepare.tendaysprojectplan.TendaysprojplanBVO','card_body_browse',null,'~',0,null,'23375c27-0c5a-4405-91eb-dca16fe2a3b3','项目旬计划主实体','adprepare.tendaysprojectplan',null,'~','项目旬计划子实体',null,5,'card_body',null,'0001ZZZZ085f5b0ee546','2020-05-20 15:57:12');
go


insert into pub_area(pk_area,areadesc,areastatus,areatype,clazz,code,creationtime,creator,dr,isunfold,metaid,metaname,metaspace,modifiedtime,modifier,name,pagination,position,relationcode,resid,templetid,ts)
values('0001ZZZZ54be6ea834d7',null,'browse',1,'nc.vo.adprepare.tendaysprojectplan.TendaysprojplanHVO','card_head',null,'~',0,null,'23375c27-0c5a-4405-91eb-dca16fe2a3b3','项目旬计划主实体','adprepare.tendaysprojectplan',null,'~','项目旬计划主实体',null,1,null,null,'0001ZZZZ78528bc186d9','2020-05-20 15:57:12');
go
insert into pub_area(pk_area,areadesc,areastatus,areatype,clazz,code,creationtime,creator,dr,isunfold,metaid,metaname,metaspace,modifiedtime,modifier,name,pagination,position,relationcode,resid,templetid,ts)
values('0001ZZZZ0ba8a7a9e15a',null,'browse',1,'nc.vo.adprepare.tendaysprojectplan.TendaysprojplanHVO','card_operate',null,'~',0,null,'23375c27-0c5a-4405-91eb-dca16fe2a3b3','项目旬计划主实体','adprepare.tendaysprojectplan',null,'~','操作信息',null,2,'card_head',null,'0001ZZZZ78528bc186d9','2020-05-20 15:57:12');
go
insert into pub_area(pk_area,areadesc,areastatus,areatype,clazz,code,creationtime,creator,dr,isunfold,metaid,metaname,metaspace,modifiedtime,modifier,name,pagination,position,relationcode,resid,templetid,ts)
values('0001ZZZZ49291847c85e',null,'browse',2,'nc.vo.adprepare.tendaysprojectplan.TendaysprojplanBVO','card_body',null,'~',0,null,'23375c27-0c5a-4405-91eb-dca16fe2a3b3','项目旬计划主实体','adprepare.tendaysprojectplan',null,'~','项目旬计划子实体',null,3,null,null,'0001ZZZZ78528bc186d9','2020-05-20 15:57:12');
go
insert into pub_area(pk_area,areadesc,areastatus,areatype,clazz,code,creationtime,creator,dr,isunfold,metaid,metaname,metaspace,modifiedtime,modifier,name,pagination,position,relationcode,resid,templetid,ts)
values('0001ZZZZded5645e25b5',null,'edit',1,'nc.vo.adprepare.tendaysprojectplan.TendaysprojplanBVO','card_body_edit',null,'~',0,null,'23375c27-0c5a-4405-91eb-dca16fe2a3b3','项目旬计划主实体','adprepare.tendaysprojectplan',null,'~','项目旬计划子实体',null,4,'card_body',null,'0001ZZZZ78528bc186d9','2020-05-20 15:57:12');
go
insert into pub_area(pk_area,areadesc,areastatus,areatype,clazz,code,creationtime,creator,dr,isunfold,metaid,metaname,metaspace,modifiedtime,modifier,name,pagination,position,relationcode,resid,templetid,ts)
values('0001ZZZZ1fc7e12f2ca5',null,'browse',1,'nc.vo.adprepare.tendaysprojectplan.TendaysprojplanBVO','card_body_browse',null,'~',0,null,'23375c27-0c5a-4405-91eb-dca16fe2a3b3','项目旬计划主实体','adprepare.tendaysprojectplan',null,'~','项目旬计划子实体',null,5,'card_body',null,'0001ZZZZ78528bc186d9','2020-05-20 15:57:12');
go

insert into pub_area(pk_area,areadesc,areastatus,areatype,clazz,code,creationtime,creator,dr,isunfold,metaid,metaname,metaspace,modifiedtime,modifier,name,pagination,position,relationcode,resid,templetid,ts)
values('0001ZZZZf9594f0cd749',null,'browse',1,'nc.vo.adprepare.tendaysprojectplan.TendaysprojplanHVO','card_head',null,'~',0,null,'23375c27-0c5a-4405-91eb-dca16fe2a3b3','项目旬计划主实体','adprepare.tendaysprojectplan',null,'~','项目旬计划主实体',null,1,null,null,'0001ZZZZ530ca0de286e','2020-05-20 15:57:12');
go
insert into pub_area(pk_area,areadesc,areastatus,areatype,clazz,code,creationtime,creator,dr,isunfold,metaid,metaname,metaspace,modifiedtime,modifier,name,pagination,position,relationcode,resid,templetid,ts)
values('0001ZZZZcdff77aede47',null,'browse',1,'nc.vo.adprepare.tendaysprojectplan.TendaysprojplanHVO','card_operate',null,'~',0,null,'23375c27-0c5a-4405-91eb-dca16fe2a3b3','项目旬计划主实体','adprepare.tendaysprojectplan',null,'~','操作信息',null,2,'card_head',null,'0001ZZZZ530ca0de286e','2020-05-20 15:57:12');
go
insert into pub_area(pk_area,areadesc,areastatus,areatype,clazz,code,creationtime,creator,dr,isunfold,metaid,metaname,metaspace,modifiedtime,modifier,name,pagination,position,relationcode,resid,templetid,ts)
values('0001ZZZZa962bb65d7af',null,'browse',2,'nc.vo.adprepare.tendaysprojectplan.TendaysprojplanBVO','card_body',null,'~',0,null,'23375c27-0c5a-4405-91eb-dca16fe2a3b3','项目旬计划主实体','adprepare.tendaysprojectplan',null,'~','项目旬计划子实体',null,3,null,null,'0001ZZZZ530ca0de286e','2020-05-20 15:57:12');
go
insert into pub_area(pk_area,areadesc,areastatus,areatype,clazz,code,creationtime,creator,dr,isunfold,metaid,metaname,metaspace,modifiedtime,modifier,name,pagination,position,relationcode,resid,templetid,ts)
values('0001ZZZZ5c973ec17664',null,'edit',1,'nc.vo.adprepare.tendaysprojectplan.TendaysprojplanBVO','card_body_edit',null,'~',0,null,'23375c27-0c5a-4405-91eb-dca16fe2a3b3','项目旬计划主实体','adprepare.tendaysprojectplan',null,'~','项目旬计划子实体',null,4,'card_body',null,'0001ZZZZ530ca0de286e','2020-05-20 15:57:12');
go
insert into pub_area(pk_area,areadesc,areastatus,areatype,clazz,code,creationtime,creator,dr,isunfold,metaid,metaname,metaspace,modifiedtime,modifier,name,pagination,position,relationcode,resid,templetid,ts)
values('0001ZZZZ24b0fe703158',null,'browse',1,'nc.vo.adprepare.tendaysprojectplan.TendaysprojplanBVO','card_body_browse',null,'~',0,null,'23375c27-0c5a-4405-91eb-dca16fe2a3b3','项目旬计划主实体','adprepare.tendaysprojectplan',null,'~','项目旬计划子实体',null,5,'card_body',null,'0001ZZZZ530ca0de286e','2020-05-20 15:57:12');
go




            insert into pub_query_property(pk_query_property,areaid,classid,code,containlower,creationtime,creator,datatype,dataval,defaultvalue,define1,define2,define3,define4,define5,disabled,dr,isbeyondorg,ischeck,isdefined,isfixedcondition,ismultiselectedenabled,isnotmeta,isquerycondition,isuse,itemtype,label,maxlength,metadataproperty,metapath,opersign,opersignname,position,proid,querytablename,refcode,refname,required,resid,returntype,showtype,tablecode,ts,usefunc,visible,visibleposition,width)
            values('0001ZZZZ58086553e746','0001ZZZZe54d46100750','23375c27-0c5a-4405-91eb-dca16fe2a3b3','pk_busitype',null,null,'~',204,'','','','','','','','N',0,'N','N','N','N','N','N','Y','Y','refer','业务类型',20,'uap.BusitypeVO.businame','pk_busitype','=@','等于@',21,'a655c75e-6a2a-4dd3-b9c6-f92923053f09','','uap/refer/riart/busitype/index','业务流程','N','','refpk',1,'','2020-05-20 15:57:12','N','Y',null,1);
            go
            insert into pub_query_property(pk_query_property,areaid,classid,code,containlower,creationtime,creator,datatype,dataval,defaultvalue,define1,define2,define3,define4,define5,disabled,dr,isbeyondorg,ischeck,isdefined,isfixedcondition,ismultiselectedenabled,isnotmeta,isquerycondition,isuse,itemtype,label,maxlength,metadataproperty,metapath,opersign,opersignname,position,proid,querytablename,refcode,refname,required,resid,returntype,showtype,tablecode,ts,usefunc,visible,visibleposition,width)
            values('0001ZZZZ32f1fed0c6c9','0001ZZZZe54d46100750','23375c27-0c5a-4405-91eb-dca16fe2a3b3','pk_transtype',null,null,'~',204,'','','','','','','','N',0,'N','N','N','N','N','N','Y','Y','refer','交易类型',20,'uap.BilltypeVO.billtypename','pk_transtype','=@','等于@',25,'631df2c8-709c-45fe-a571-b1d847735cf9','','uap/refer/riart/transtype/index','影响因素交 易类型','N','','refpk',1,'','2020-05-20 15:57:12','N','Y',null,1);
            go
            insert into pub_query_property(pk_query_property,areaid,classid,code,containlower,creationtime,creator,datatype,dataval,defaultvalue,define1,define2,define3,define4,define5,disabled,dr,isbeyondorg,ischeck,isdefined,isfixedcondition,ismultiselectedenabled,isnotmeta,isquerycondition,isuse,itemtype,label,maxlength,metadataproperty,metapath,opersign,opersignname,position,proid,querytablename,refcode,refname,required,resid,returntype,showtype,tablecode,ts,usefunc,visible,visibleposition,width)
            values('0001ZZZZ961f0c972bb6','0001ZZZZe54d46100750','23375c27-0c5a-4405-91eb-dca16fe2a3b3','transtypecode',null,null,'~',1,'','','','','','','','N',0,'N','N','N','N','N','N','Y','Y','input','交易类型编码',50,NULL,'transtypecode','=@','等于@',24,'d5692f11-a294-4fff-895d-44d42ef01448','','/common-ref/','-99','N','','refpk',1,'','2020-05-20 15:57:12','N','Y',null,1);
            go
            insert into pub_query_property(pk_query_property,areaid,classid,code,containlower,creationtime,creator,datatype,dataval,defaultvalue,define1,define2,define3,define4,define5,disabled,dr,isbeyondorg,ischeck,isdefined,isfixedcondition,ismultiselectedenabled,isnotmeta,isquerycondition,isuse,itemtype,label,maxlength,metadataproperty,metapath,opersign,opersignname,position,proid,querytablename,refcode,refname,required,resid,returntype,showtype,tablecode,ts,usefunc,visible,visibleposition,width)
            values('0001ZZZZa410879bbdba','0001ZZZZe54d46100750','23375c27-0c5a-4405-91eb-dca16fe2a3b3','missionname',null,null,'~',1,'','','','','','','','N',0,'N','N','N','N','N','N','Y','Y','input','任务名称',50,NULL,'missionname','=@','等于@',5,'2a4c1065-c766-4be7-81e0-2039565c3084','','/common-ref/','-99','N','','refpk',1,'','2020-05-20 15:57:12','N','Y',null,1);
            go
            insert into pub_query_property(pk_query_property,areaid,classid,code,containlower,creationtime,creator,datatype,dataval,defaultvalue,define1,define2,define3,define4,define5,disabled,dr,isbeyondorg,ischeck,isdefined,isfixedcondition,ismultiselectedenabled,isnotmeta,isquerycondition,isuse,itemtype,label,maxlength,metadataproperty,metapath,opersign,opersignname,position,proid,querytablename,refcode,refname,required,resid,returntype,showtype,tablecode,ts,usefunc,visible,visibleposition,width)
            values('0001ZZZZ1e8764b89429','0001ZZZZe54d46100750','23375c27-0c5a-4405-91eb-dca16fe2a3b3','missiondetail',null,null,'~',1,'','','','','','','','N',0,'N','N','N','N','N','N','Y','Y','input','任务描述',50,NULL,'missiondetail','=@','等于@',9,'f905b5db-ebdf-4712-8bf1-b1e80000315c','','/common-ref/','-99','N','','refpk',1,'','2020-05-20 15:57:12','N','Y',null,1);
            go
            insert into pub_query_property(pk_query_property,areaid,classid,code,containlower,creationtime,creator,datatype,dataval,defaultvalue,define1,define2,define3,define4,define5,disabled,dr,isbeyondorg,ischeck,isdefined,isfixedcondition,ismultiselectedenabled,isnotmeta,isquerycondition,isuse,itemtype,label,maxlength,metadataproperty,metapath,opersign,opersignname,position,proid,querytablename,refcode,refname,required,resid,returntype,showtype,tablecode,ts,usefunc,visible,visibleposition,width)
            values('0001ZZZZ9bfc51cc2660','0001ZZZZe54d46100750','23375c27-0c5a-4405-91eb-dca16fe2a3b3','missioncode',null,null,'~',1,'','','','','','','','N',0,'N','N','N','N','N','N','Y','Y','input','任务编码',50,NULL,'missioncode','=@','等于@',4,'0690d9c2-be21-46ed-b8f0-76666adb9d16','','/common-ref/','-99','N','','refpk',1,'','2020-05-20 15:57:12','N','Y',null,1);
            go
            insert into pub_query_property(pk_query_property,areaid,classid,code,containlower,creationtime,creator,datatype,dataval,defaultvalue,define1,define2,define3,define4,define5,disabled,dr,isbeyondorg,ischeck,isdefined,isfixedcondition,ismultiselectedenabled,isnotmeta,isquerycondition,isuse,itemtype,label,maxlength,metadataproperty,metapath,opersign,opersignname,position,proid,querytablename,refcode,refname,required,resid,returntype,showtype,tablecode,ts,usefunc,visible,visibleposition,width)
            values('0001ZZZZ545fdd45579e','0001ZZZZe54d46100750','23375c27-0c5a-4405-91eb-dca16fe2a3b3','modifier',null,null,'~',204,'','','','','','','','N',0,'N','N','N','N','N','N','Y','Y','refer','修改人',20,'uap.user.user_name','modifier','=@','等于@',30,'77d38124-fb58-4393-ad92-78d218734221','','uap/refer/riart/userDefaultRefer/index','用户','N','','refpk',1,'','2020-05-20 15:57:12','N','Y',null,1);
            go
            insert into pub_query_property(pk_query_property,areaid,classid,code,containlower,creationtime,creator,datatype,dataval,defaultvalue,define1,define2,define3,define4,define5,disabled,dr,isbeyondorg,ischeck,isdefined,isfixedcondition,ismultiselectedenabled,isnotmeta,isquerycondition,isuse,itemtype,label,maxlength,metadataproperty,metapath,opersign,opersignname,position,proid,querytablename,refcode,refname,required,resid,returntype,showtype,tablecode,ts,usefunc,visible,visibleposition,width)
            values('0001ZZZZ77cb4959f424','0001ZZZZe54d46100750','23375c27-0c5a-4405-91eb-dca16fe2a3b3','modifiedtime',null,null,'~',34,'','','','','','','','N',0,'N','N','N','N','N','N','Y','Y','datetimepicker','修改时间',19,NULL,'modifiedtime','=@','等于@',31,'7822393d-8ed5-4f12-91b5-eab07d20c89e','','/common-ref/','-99','N','','refpk',1,'','2020-05-20 15:57:12','N','Y',null,1);
            go
            insert into pub_query_property(pk_query_property,areaid,classid,code,containlower,creationtime,creator,datatype,dataval,defaultvalue,define1,define2,define3,define4,define5,disabled,dr,isbeyondorg,ischeck,isdefined,isfixedcondition,ismultiselectedenabled,isnotmeta,isquerycondition,isuse,itemtype,label,maxlength,metadataproperty,metapath,opersign,opersignname,position,proid,querytablename,refcode,refname,required,resid,returntype,showtype,tablecode,ts,usefunc,visible,visibleposition,width)
            values('0001ZZZZd9a1d81b017d','0001ZZZZe54d46100750','23375c27-0c5a-4405-91eb-dca16fe2a3b3','creator',null,null,'~',204,'','','','','','','','N',0,'N','N','N','N','N','N','Y','Y','refer','创建人',20,'uap.user.user_name','creator','=@','等于@',28,'8247e80c-e893-440e-a106-61d88071f725','','uap/refer/riart/userDefaultRefer/index','用户','N','','refpk',1,'','2020-05-20 15:57:12','N','Y',null,1);
            go
            insert into pub_query_property(pk_query_property,areaid,classid,code,containlower,creationtime,creator,datatype,dataval,defaultvalue,define1,define2,define3,define4,define5,disabled,dr,isbeyondorg,ischeck,isdefined,isfixedcondition,ismultiselectedenabled,isnotmeta,isquerycondition,isuse,itemtype,label,maxlength,metadataproperty,metapath,opersign,opersignname,position,proid,querytablename,refcode,refname,required,resid,returntype,showtype,tablecode,ts,usefunc,visible,visibleposition,width)
            values('0001ZZZZcda2183a44d4','0001ZZZZe54d46100750','23375c27-0c5a-4405-91eb-dca16fe2a3b3','creationtime',null,null,'~',34,'','','','','','','','N',0,'N','N','N','N','N','N','Y','Y','datetimepicker','创建时间',19,NULL,'creationtime','=@','等于@',29,'e2923a5d-8160-44b9-bed6-f555da7f369a','','/common-ref/','-99','N','','refpk',1,'','2020-05-20 15:57:12','N','Y',null,1);
            go
            insert into pub_query_property(pk_query_property,areaid,classid,code,containlower,creationtime,creator,datatype,dataval,defaultvalue,define1,define2,define3,define4,define5,disabled,dr,isbeyondorg,ischeck,isdefined,isfixedcondition,ismultiselectedenabled,isnotmeta,isquerycondition,isuse,itemtype,label,maxlength,metadataproperty,metapath,opersign,opersignname,position,proid,querytablename,refcode,refname,required,resid,returntype,showtype,tablecode,ts,usefunc,visible,visibleposition,width)
            values('0001ZZZZ0070ce745bb7','0001ZZZZe54d46100750','23375c27-0c5a-4405-91eb-dca16fe2a3b3','billmaker',null,null,'~',204,'','','','','','','','N',0,'N','N','N','N','N','N','Y','Y','refer','制单人',20,'uap.user.user_name','billmaker','=@','等于@',26,'da2e8e06-3a0e-436e-b572-0dca52b366e6','','uap/refer/riart/userDefaultRefer/index','用户','N','','refpk',1,'','2020-05-20 15:57:12','N','Y',null,1);
            go
            insert into pub_query_property(pk_query_property,areaid,classid,code,containlower,creationtime,creator,datatype,dataval,defaultvalue,define1,define2,define3,define4,define5,disabled,dr,isbeyondorg,ischeck,isdefined,isfixedcondition,ismultiselectedenabled,isnotmeta,isquerycondition,isuse,itemtype,label,maxlength,metadataproperty,metapath,opersign,opersignname,position,proid,querytablename,refcode,refname,required,resid,returntype,showtype,tablecode,ts,usefunc,visible,visibleposition,width)
            values('0001ZZZZ8483091c4570','0001ZZZZe54d46100750','23375c27-0c5a-4405-91eb-dca16fe2a3b3','maketime',null,null,'~',33,'','','','','','','','N',0,'N','N','N','N','N','N','Y','Y','datepicker','制单时间',19,NULL,'maketime','=@','等于@',27,'a7059b58-fef9-4b34-8373-82ede8882284','','/common-ref/','-99','N','','refpk',1,'','2020-05-20 15:57:12','N','Y',null,1);
            go
            insert into pub_query_property(pk_query_property,areaid,classid,code,containlower,creationtime,creator,datatype,dataval,defaultvalue,define1,define2,define3,define4,define5,disabled,dr,isbeyondorg,ischeck,isdefined,isfixedcondition,ismultiselectedenabled,isnotmeta,isquerycondition,isuse,itemtype,label,maxlength,metadataproperty,metapath,opersign,opersignname,position,proid,querytablename,refcode,refname,required,resid,returntype,showtype,tablecode,ts,usefunc,visible,visibleposition,width)
            values('0001ZZZZd2a84579f132','0001ZZZZe54d46100750','23375c27-0c5a-4405-91eb-dca16fe2a3b3','advanceplan',null,null,'~',1,'','','','','','','','N',0,'N','N','N','N','N','N','Y','Y','input','前置计划',50,NULL,'advanceplan','=@','等于@',10,'2b5d57d3-a11d-444a-9ab3-ffabcbc39cea','','/common-ref/','-99','N','','refpk',1,'','2020-05-20 15:57:12','N','Y',null,1);
            go
            insert into pub_query_property(pk_query_property,areaid,classid,code,containlower,creationtime,creator,datatype,dataval,defaultvalue,define1,define2,define3,define4,define5,disabled,dr,isbeyondorg,ischeck,isdefined,isfixedcondition,ismultiselectedenabled,isnotmeta,isquerycondition,isuse,itemtype,label,maxlength,metadataproperty,metapath,opersign,opersignname,position,proid,querytablename,refcode,refname,required,resid,returntype,showtype,tablecode,ts,usefunc,visible,visibleposition,width)
            values('0001ZZZZ07ebf53a8733','0001ZZZZe54d46100750','23375c27-0c5a-4405-91eb-dca16fe2a3b3','dbilldate',null,null,'~',33,'','','','','','','','N',0,'N','N','N','N','N','N','Y','Y','datepicker','单据日期',19,NULL,'dbilldate','=@','等于@',18,'97586870-4413-4bec-9079-0c385e829515','','/common-ref/','-99','N','','refpk',1,'','2020-05-20 15:57:12','N','Y',null,1);
            go
            insert into pub_query_property(pk_query_property,areaid,classid,code,containlower,creationtime,creator,datatype,dataval,defaultvalue,define1,define2,define3,define4,define5,disabled,dr,isbeyondorg,ischeck,isdefined,isfixedcondition,ismultiselectedenabled,isnotmeta,isquerycondition,isuse,itemtype,label,maxlength,metadataproperty,metapath,opersign,opersignname,position,proid,querytablename,refcode,refname,required,resid,returntype,showtype,tablecode,ts,usefunc,visible,visibleposition,width)
            values('0001ZZZZcedb0058be5e','0001ZZZZe54d46100750','23375c27-0c5a-4405-91eb-dca16fe2a3b3','billstatus',null,null,'~',203,'自由=-1,审批未通过=0,审批通过=1,审批进行中=2,提交=3','','','','','','','N',0,'N','N','N','N','N','N','Y','Y','select','单据状态',50,NULL,'billstatus','=@','等于@',19,'1a78ad21-b584-44e4-9dcc-98a923da1dde','','/common-ref/','-99','N','','refpk',1,'','2020-05-20 15:57:12','N','Y',null,1);
            go
            insert into pub_query_property(pk_query_property,areaid,classid,code,containlower,creationtime,creator,datatype,dataval,defaultvalue,define1,define2,define3,define4,define5,disabled,dr,isbeyondorg,ischeck,isdefined,isfixedcondition,ismultiselectedenabled,isnotmeta,isquerycondition,isuse,itemtype,label,maxlength,metadataproperty,metapath,opersign,opersignname,position,proid,querytablename,refcode,refname,required,resid,returntype,showtype,tablecode,ts,usefunc,visible,visibleposition,width)
            values('0001ZZZZ2351537fd3e2','0001ZZZZe54d46100750','23375c27-0c5a-4405-91eb-dca16fe2a3b3','pk_billtypeid',null,null,'~',204,'','','','','','','','N',0,'N','N','N','N','N','N','Y','Y','refer','单据类型',20,'uap.BilltypeVO.billtypename','pk_billtypeid','=@','等于@',22,'bd2772e9-b351-46ae-bc0a-6b1e17199a79','','uap/refer/riart/billtype/index','影响因素单据类型','N','','refpk',1,'','2020-05-20 15:57:12','N','Y',null,1);
            go
            insert into pub_query_property(pk_query_property,areaid,classid,code,containlower,creationtime,creator,datatype,dataval,defaultvalue,define1,define2,define3,define4,define5,disabled,dr,isbeyondorg,ischeck,isdefined,isfixedcondition,ismultiselectedenabled,isnotmeta,isquerycondition,isuse,itemtype,label,maxlength,metadataproperty,metapath,opersign,opersignname,position,proid,querytablename,refcode,refname,required,resid,returntype,showtype,tablecode,ts,usefunc,visible,visibleposition,width)
            values('0001ZZZZa58854059982','0001ZZZZe54d46100750','23375c27-0c5a-4405-91eb-dca16fe2a3b3','billtype',null,null,'~',1,'','','','','','','','N',0,'N','N','N','N','N','N','Y','Y','input','单据类型编码',50,NULL,'billtype','=@','等于@',23,'e3b91959-5e42-4627-a72e-5b0895f465db','','/common-ref/','-99','N','','refpk',1,'','2020-05-20 15:57:12','N','Y',null,1);
            go
            insert into pub_query_property(pk_query_property,areaid,classid,code,containlower,creationtime,creator,datatype,dataval,defaultvalue,define1,define2,define3,define4,define5,disabled,dr,isbeyondorg,ischeck,isdefined,isfixedcondition,ismultiselectedenabled,isnotmeta,isquerycondition,isuse,itemtype,label,maxlength,metadataproperty,metapath,opersign,opersignname,position,proid,querytablename,refcode,refname,required,resid,returntype,showtype,tablecode,ts,usefunc,visible,visibleposition,width)
            values('0001ZZZZ737023ca5701','0001ZZZZe54d46100750','23375c27-0c5a-4405-91eb-dca16fe2a3b3','approver',null,null,'~',204,'','','','','','','','N',0,'N','N','N','N','N','N','Y','Y','refer','审批人',20,'uap.user.user_name','approver','=@','等于@',32,'13638738-8e05-4833-aa45-ed8ae2ba6b74','','uap/refer/riart/userDefaultRefer/index','用户','N','','refpk',1,'','2020-05-20 15:57:12','N','Y',null,1);
            go
            insert into pub_query_property(pk_query_property,areaid,classid,code,containlower,creationtime,creator,datatype,dataval,defaultvalue,define1,define2,define3,define4,define5,disabled,dr,isbeyondorg,ischeck,isdefined,isfixedcondition,ismultiselectedenabled,isnotmeta,isquerycondition,isuse,itemtype,label,maxlength,metadataproperty,metapath,opersign,opersignname,position,proid,querytablename,refcode,refname,required,resid,returntype,showtype,tablecode,ts,usefunc,visible,visibleposition,width)
            values('0001ZZZZ407387fc1616','0001ZZZZe54d46100750','23375c27-0c5a-4405-91eb-dca16fe2a3b3','approvedate',null,null,'~',34,'','','','','','','','N',0,'N','N','N','N','N','N','Y','Y','datetimepicker','审批时间',19,NULL,'approvedate','=@','等于@',14,'8a2177e6-b36c-4229-943f-f3a682ab7d2d','','/common-ref/','-99','N','','refpk',1,'','2020-05-20 15:57:12','N','Y',null,1);
            go
            insert into pub_query_property(pk_query_property,areaid,classid,code,containlower,creationtime,creator,datatype,dataval,defaultvalue,define1,define2,define3,define4,define5,disabled,dr,isbeyondorg,ischeck,isdefined,isfixedcondition,ismultiselectedenabled,isnotmeta,isquerycondition,isuse,itemtype,label,maxlength,metadataproperty,metapath,opersign,opersignname,position,proid,querytablename,refcode,refname,required,resid,returntype,showtype,tablecode,ts,usefunc,visible,visibleposition,width)
            values('0001ZZZZ66620e2634ae','0001ZZZZe54d46100750','23375c27-0c5a-4405-91eb-dca16fe2a3b3','approvestatus',null,null,'~',203,'自由=-1,审批未通过=0,审批通过=1,审批进行中=2,提交=3','','','','','','','N',0,'N','N','N','N','N','N','Y','Y','select','审批状态',50,NULL,'approvestatus','=@','等于@',33,'b589f99c-1321-46d9-a07e-5784d63142a5','','/common-ref/','-99','N','','refpk',1,'','2020-05-20 15:57:12','N','Y',null,1);
            go
            insert into pub_query_property(pk_query_property,areaid,classid,code,containlower,creationtime,creator,datatype,dataval,defaultvalue,define1,define2,define3,define4,define5,disabled,dr,isbeyondorg,ischeck,isdefined,isfixedcondition,ismultiselectedenabled,isnotmeta,isquerycondition,isuse,itemtype,label,maxlength,metadataproperty,metapath,opersign,opersignname,position,proid,querytablename,refcode,refname,required,resid,returntype,showtype,tablecode,ts,usefunc,visible,visibleposition,width)
            values('0001ZZZZ901e405434ef','0001ZZZZe54d46100750','23375c27-0c5a-4405-91eb-dca16fe2a3b3','pk_org',null,null,'~',204,'','','','','','','','N',0,'N','N','N','N','N','N','Y','Y','refer','组织',20,'uap.org.name','pk_org','=@','等于@',16,'b6e50669-dc7b-43ef-8d1c-02cf177a4f58','','uapbd/refer/org/BusinessUnitAndDeptTreeRef/index','业务单元及部门','N','','refpk',1,'','2020-05-20 15:57:12','N','Y',null,1);
            go
            insert into pub_query_property(pk_query_property,areaid,classid,code,containlower,creationtime,creator,datatype,dataval,defaultvalue,define1,define2,define3,define4,define5,disabled,dr,isbeyondorg,ischeck,isdefined,isfixedcondition,ismultiselectedenabled,isnotmeta,isquerycondition,isuse,itemtype,label,maxlength,metadataproperty,metapath,opersign,opersignname,position,proid,querytablename,refcode,refname,required,resid,returntype,showtype,tablecode,ts,usefunc,visible,visibleposition,width)
            values('0001ZZZZ7d077e6796e6','0001ZZZZe54d46100750','23375c27-0c5a-4405-91eb-dca16fe2a3b3','pk_org_v',null,null,'~',204,'','','','','','','','N',0,'N','N','N','N','N','N','Y','Y','refer','组织版本',20,'uap.org_v.name','pk_org_v','=@','等于@',17,'71e54dbd-6758-4dfd-98e4-551ef35495b9','','uapbd/refer/orgv/BusinessUnitVersionDefaultAllTreeRef/index','业务单元版本(所有)','N','','refpk',1,'','2020-05-20 15:57:12','N','N',null,1);
            go
            insert into pub_query_property(pk_query_property,areaid,classid,code,containlower,creationtime,creator,datatype,dataval,defaultvalue,define1,define2,define3,define4,define5,disabled,dr,isbeyondorg,ischeck,isdefined,isfixedcondition,ismultiselectedenabled,isnotmeta,isquerycondition,isuse,itemtype,label,maxlength,metadataproperty,metapath,opersign,opersignname,position,proid,querytablename,refcode,refname,required,resid,returntype,showtype,tablecode,ts,usefunc,visible,visibleposition,width)
            values('0001ZZZZaa3901373271','0001ZZZZe54d46100750','23375c27-0c5a-4405-91eb-dca16fe2a3b3','planname',null,null,'~',1,'','','','','','','','N',0,'N','N','N','N','N','N','Y','Y','input','计划名称',50,NULL,'planname','=@','等于@',3,'784388ad-f896-40d7-9ebe-9b7a3a8bec49','','/common-ref/','-99','N','','refpk',1,'','2020-05-20 15:57:12','N','Y',null,1);
            go
            insert into pub_query_property(pk_query_property,areaid,classid,code,containlower,creationtime,creator,datatype,dataval,defaultvalue,define1,define2,define3,define4,define5,disabled,dr,isbeyondorg,ischeck,isdefined,isfixedcondition,ismultiselectedenabled,isnotmeta,isquerycondition,isuse,itemtype,label,maxlength,metadataproperty,metapath,opersign,opersignname,position,proid,querytablename,refcode,refname,required,resid,returntype,showtype,tablecode,ts,usefunc,visible,visibleposition,width)
            values('0001ZZZZ31bdceb6992a','0001ZZZZe54d46100750','23375c27-0c5a-4405-91eb-dca16fe2a3b3','planduration',null,null,'~',1,'','','','','','','','N',0,'N','N','N','N','N','N','Y','Y','input','计划工期',50,NULL,'planduration','=@','等于@',8,'54dce2f2-cdba-43f7-b7aa-f1b2240dd45e','','/common-ref/','-99','N','','refpk',1,'','2020-05-20 15:57:12','N','Y',null,1);
            go
            insert into pub_query_property(pk_query_property,areaid,classid,code,containlower,creationtime,creator,datatype,dataval,defaultvalue,define1,define2,define3,define4,define5,disabled,dr,isbeyondorg,ischeck,isdefined,isfixedcondition,ismultiselectedenabled,isnotmeta,isquerycondition,isuse,itemtype,label,maxlength,metadataproperty,metapath,opersign,opersignname,position,proid,querytablename,refcode,refname,required,resid,returntype,showtype,tablecode,ts,usefunc,visible,visibleposition,width)
            values('0001ZZZZ7a5967edfba2','0001ZZZZe54d46100750','23375c27-0c5a-4405-91eb-dca16fe2a3b3','projectstartdate',null,null,'~',33,'','','','','','','','N',0,'N','N','N','N','N','N','Y','Y','datepicker','计划开始日期',19,NULL,'projectstartdate','=@','等于@',6,'724a36d3-0e55-4835-bed1-570680c1ec13','','/common-ref/','-99','N','','refpk',1,'','2020-05-20 15:57:12','N','Y',null,1);
            go
            insert into pub_query_property(pk_query_property,areaid,classid,code,containlower,creationtime,creator,datatype,dataval,defaultvalue,define1,define2,define3,define4,define5,disabled,dr,isbeyondorg,ischeck,isdefined,isfixedcondition,ismultiselectedenabled,isnotmeta,isquerycondition,isuse,itemtype,label,maxlength,metadataproperty,metapath,opersign,opersignname,position,proid,querytablename,refcode,refname,required,resid,returntype,showtype,tablecode,ts,usefunc,visible,visibleposition,width)
            values('0001ZZZZb0193e6c7e48','0001ZZZZe54d46100750','23375c27-0c5a-4405-91eb-dca16fe2a3b3','projectdeaddate',null,null,'~',33,'','','','','','','','N',0,'N','N','N','N','N','N','Y','Y','datepicker','计划截止日期',19,NULL,'projectdeaddate','=@','等于@',7,'0311ab45-e7e0-4638-99ac-4155aa7275ae','','/common-ref/','-99','N','','refpk',1,'','2020-05-20 15:57:12','N','Y',null,1);
            go
            insert into pub_query_property(pk_query_property,areaid,classid,code,containlower,creationtime,creator,datatype,dataval,defaultvalue,define1,define2,define3,define4,define5,disabled,dr,isbeyondorg,ischeck,isdefined,isfixedcondition,ismultiselectedenabled,isnotmeta,isquerycondition,isuse,itemtype,label,maxlength,metadataproperty,metapath,opersign,opersignname,position,proid,querytablename,refcode,refname,required,resid,returntype,showtype,tablecode,ts,usefunc,visible,visibleposition,width)
            values('0001ZZZZacb862a7201e','0001ZZZZe54d46100750','23375c27-0c5a-4405-91eb-dca16fe2a3b3','dutyperson',null,null,'~',204,'','','','','','','','N',0,'N','N','N','N','N','N','Y','Y','refer','责任人',20,NULL,'dutyperson','=@','等于@',12,'1ff0ee21-25bc-47b8-be5f-5c705ffdcb0f','','uapbd/refer/psninfo/PsndocRiartTreeGridRef/index','人员','N','','refpk',1,'','2020-05-20 15:57:12','N','Y',null,1);
            go
            insert into pub_query_property(pk_query_property,areaid,classid,code,containlower,creationtime,creator,datatype,dataval,defaultvalue,define1,define2,define3,define4,define5,disabled,dr,isbeyondorg,ischeck,isdefined,isfixedcondition,ismultiselectedenabled,isnotmeta,isquerycondition,isuse,itemtype,label,maxlength,metadataproperty,metapath,opersign,opersignname,position,proid,querytablename,refcode,refname,required,resid,returntype,showtype,tablecode,ts,usefunc,visible,visibleposition,width)
            values('0001ZZZZa4f9e96c1951','0001ZZZZe54d46100750','23375c27-0c5a-4405-91eb-dca16fe2a3b3','dutydept',null,null,'~',204,'','','','','','','','N',0,'N','N','N','N','N','N','Y','Y','refer','责任部门',20,'uap.dept.name','dutydept','=@','等于@',13,'15f9b235-120e-4286-9922-26c0f84bcc7a','','uapbd/refer/org/DeptTreeRef/index','部门','N','','refpk',1,'','2020-05-20 15:57:12','N','Y',null,1);
            go
            insert into pub_query_property(pk_query_property,areaid,classid,code,containlower,creationtime,creator,datatype,dataval,defaultvalue,define1,define2,define3,define4,define5,disabled,dr,isbeyondorg,ischeck,isdefined,isfixedcondition,ismultiselectedenabled,isnotmeta,isquerycondition,isuse,itemtype,label,maxlength,metadataproperty,metapath,opersign,opersignname,position,proid,querytablename,refcode,refname,required,resid,returntype,showtype,tablecode,ts,usefunc,visible,visibleposition,width)
            values('0001ZZZZ3d9866f413dd','0001ZZZZe54d46100750','23375c27-0c5a-4405-91eb-dca16fe2a3b3','milepost',null,null,'~',1,'','','','','','','','N',0,'N','N','N','N','N','N','Y','Y','input','里程碑',50,NULL,'milepost','=@','等于@',11,'3427532b-1e6b-4b75-baa3-91c1a9223e23','','/common-ref/','-99','N','','refpk',1,'','2020-05-20 15:57:12','N','Y',null,1);
            go
            insert into pub_query_property(pk_query_property,areaid,classid,code,containlower,creationtime,creator,datatype,dataval,defaultvalue,define1,define2,define3,define4,define5,disabled,dr,isbeyondorg,ischeck,isdefined,isfixedcondition,ismultiselectedenabled,isnotmeta,isquerycondition,isuse,itemtype,label,maxlength,metadataproperty,metapath,opersign,opersignname,position,proid,querytablename,refcode,refname,required,resid,returntype,showtype,tablecode,ts,usefunc,visible,visibleposition,width)
            values('0001ZZZZ2d68f72dc5e0','0001ZZZZe54d46100750','23375c27-0c5a-4405-91eb-dca16fe2a3b3','pk_group',null,null,'~',204,'','','','','','','','N',0,'N','N','N','N','N','N','Y','Y','refer','集团',20,'uap.group.name','pk_group','=@','等于@',15,'c579057f-e482-479d-8d92-7f63fd4bf022','','uap/refer/riart/groupTreeRef/index','集团','N','','refpk',1,'','2020-05-20 15:57:12','N','Y',null,1);
            go
            insert into pub_query_property(pk_query_property,areaid,classid,code,containlower,creationtime,creator,datatype,dataval,defaultvalue,define1,define2,define3,define4,define5,disabled,dr,isbeyondorg,ischeck,isdefined,isfixedcondition,ismultiselectedenabled,isnotmeta,isquerycondition,isuse,itemtype,label,maxlength,metadataproperty,metapath,opersign,opersignname,position,proid,querytablename,refcode,refname,required,resid,returntype,showtype,tablecode,ts,usefunc,visible,visibleposition,width)
            values('0001ZZZZ8ff16ee3f14a','0001ZZZZe54d46100750','23375c27-0c5a-4405-91eb-dca16fe2a3b3','projectname',null,null,'~',1,'','','','','','','','N',0,'N','N','N','N','N','N','Y','Y','input','项目名称',50,NULL,'projectname','=@','等于@',2,'3c083515-43a0-4e33-b498-c3d85f3eaa83','','/common-ref/','-99','N','','refpk',1,'','2020-05-20 15:57:12','N','Y',null,1);
            go


        insert into pub_form_property(pk_form_property,areaid,classid,code,colnum,color,creationtime,creator,datatype,dataval,defaultvalue,defaultvar,define1,define2,define3,disabled,dr,editformula,hyperlinkflag,iscode,isdefined,ismultiselectedenabled,isnextrow,isrevise,istotal,itemtype,label,maxlength,metadataproperty,metaid,metapath,modifiedtime,modifier,position,proid,refcode,refname,relatemeta,required,resid,showformula,textrows,ts,validateformula,visible,width)
        values('0001ZZZZ04390fb22001','0001ZZZZ3bb13815b95a','23375c27-0c5a-4405-91eb-dca16fe2a3b3','pk_busitype',null,'#111111',null,'~',204, '', null,null,null,null,null,'N',0,null,'N','N','N',null,'N','N','N','refer',null,28,'uap.BusitypeVO.businame','7717f1a3-b777-454e-abb5-ef8705a0f0c2','pk_busitype',null,'~',21,'216372b9-7269-467d-82bb-31d1331f0595','uap/refer/riart/busitype/index','业务流程',null,'N','app_91H10550_00002',null,null,'2020-05-20 15:57:12',null,'Y',null);
        go

        insert into pub_form_property(pk_form_property,areaid,classid,code,colnum,color,creationtime,creator,datatype,dataval,defaultvalue,defaultvar,define1,define2,define3,disabled,dr,editformula,hyperlinkflag,iscode,isdefined,ismultiselectedenabled,isnextrow,isrevise,istotal,itemtype,label,maxlength,metadataproperty,metaid,metapath,modifiedtime,modifier,position,proid,refcode,refname,relatemeta,required,resid,showformula,textrows,ts,validateformula,visible,width)
        values('0001ZZZZ04390fb22002','0001ZZZZ3bb13815b95a','23375c27-0c5a-4405-91eb-dca16fe2a3b3','pk_transtype',null,'#111111',null,'~',204, '', null,null,null,null,null,'N',0,null,'N','N','N',null,'N','N','N','refer',null,28,'uap.BilltypeVO.billtypename','b0fa41cd-a649-4309-b685-d341a5d1b0ed','pk_transtype',null,'~',25,'09fe9781-dc39-4598-8a6d-a0f5ba9a0f65','uap/refer/riart/transtype/index','影响因素交 易类型',null,'N','app_91H10550_00003',null,null,'2020-05-20 15:57:12',null,'Y',null);
        go

        insert into pub_form_property(pk_form_property,areaid,classid,code,colnum,color,creationtime,creator,datatype,dataval,defaultvalue,defaultvar,define1,define2,define3,disabled,dr,editformula,hyperlinkflag,iscode,isdefined,ismultiselectedenabled,isnextrow,isrevise,istotal,itemtype,label,maxlength,metadataproperty,metaid,metapath,modifiedtime,modifier,position,proid,refcode,refname,relatemeta,required,resid,showformula,textrows,ts,validateformula,visible,width)
        values('0001ZZZZ04390fb22003','0001ZZZZ3bb13815b95a','23375c27-0c5a-4405-91eb-dca16fe2a3b3','transtypecode',null,'#111111',null,'~',1, null, null,null,null,null,null,'N',0,null,'N','N','N',null,'N','N','N','input',null,28,NULL,'','transtypecode',null,'~',24,'ca73022e-b55c-4a27-9d7d-1c7a39b39306','/common-ref/','-99',null,'N','app_91H10550_00004',null,null,'2020-05-20 15:57:12',null,'Y',null);
        go

        insert into pub_form_property(pk_form_property,areaid,classid,code,colnum,color,creationtime,creator,datatype,dataval,defaultvalue,defaultvar,define1,define2,define3,disabled,dr,editformula,hyperlinkflag,iscode,isdefined,ismultiselectedenabled,isnextrow,isrevise,istotal,itemtype,label,maxlength,metadataproperty,metaid,metapath,modifiedtime,modifier,position,proid,refcode,refname,relatemeta,required,resid,showformula,textrows,ts,validateformula,visible,width)
        values('0001ZZZZ04390fb22004','0001ZZZZ3bb13815b95a','23375c27-0c5a-4405-91eb-dca16fe2a3b3','missionname',null,'#111111',null,'~',1, null, null,null,null,null,null,'N',0,null,'N','N','N',null,'N','N','N','input',null,28,NULL,'','missionname',null,'~',5,'82c1eb6d-83e6-4bfa-a9ed-1c33e58720de','/common-ref/','-99',null,'N','app_91H10550_00005',null,null,'2020-05-20 15:57:12',null,'Y',null);
        go

        insert into pub_form_property(pk_form_property,areaid,classid,code,colnum,color,creationtime,creator,datatype,dataval,defaultvalue,defaultvar,define1,define2,define3,disabled,dr,editformula,hyperlinkflag,iscode,isdefined,ismultiselectedenabled,isnextrow,isrevise,istotal,itemtype,label,maxlength,metadataproperty,metaid,metapath,modifiedtime,modifier,position,proid,refcode,refname,relatemeta,required,resid,showformula,textrows,ts,validateformula,visible,width)
        values('0001ZZZZ04390fb22005','0001ZZZZ3bb13815b95a','23375c27-0c5a-4405-91eb-dca16fe2a3b3','missiondetail',null,'#111111',null,'~',1, null, null,null,null,null,null,'N',0,null,'N','N','N',null,'N','N','N','input',null,28,NULL,'','missiondetail',null,'~',9,'088de53f-9734-4462-a839-257bb3276115','/common-ref/','-99',null,'N','app_91H10550_00006',null,null,'2020-05-20 15:57:12',null,'Y',null);
        go

        insert into pub_form_property(pk_form_property,areaid,classid,code,colnum,color,creationtime,creator,datatype,dataval,defaultvalue,defaultvar,define1,define2,define3,disabled,dr,editformula,hyperlinkflag,iscode,isdefined,ismultiselectedenabled,isnextrow,isrevise,istotal,itemtype,label,maxlength,metadataproperty,metaid,metapath,modifiedtime,modifier,position,proid,refcode,refname,relatemeta,required,resid,showformula,textrows,ts,validateformula,visible,width)
        values('0001ZZZZ04390fb22006','0001ZZZZ3bb13815b95a','23375c27-0c5a-4405-91eb-dca16fe2a3b3','missioncode',null,'#111111',null,'~',1, null, null,null,null,null,null,'N',0,null,'N','N','N',null,'N','N','N','input',null,28,NULL,'','missioncode',null,'~',4,'5d20bd89-c38d-4a2c-b03a-f0415dd6f2d4','/common-ref/','-99',null,'N','app_91H10550_00007',null,null,'2020-05-20 15:57:12',null,'Y',null);
        go

        insert into pub_form_property(pk_form_property,areaid,classid,code,colnum,color,creationtime,creator,datatype,dataval,defaultvalue,defaultvar,define1,define2,define3,disabled,dr,editformula,hyperlinkflag,iscode,isdefined,ismultiselectedenabled,isnextrow,isrevise,istotal,itemtype,label,maxlength,metadataproperty,metaid,metapath,modifiedtime,modifier,position,proid,refcode,refname,relatemeta,required,resid,showformula,textrows,ts,validateformula,visible,width)
        values('0001ZZZZ04390fb22007','0001ZZZZ3bb13815b95a','23375c27-0c5a-4405-91eb-dca16fe2a3b3','modifier',null,'#111111',null,'~',204, '', null,null,null,null,null,'N',0,null,'N','N','N',null,'N','N','N','refer',null,28,'uap.user.user_name','f6f9a473-56c0-432f-8bc7-fbf8fde54fee','modifier',null,'~',30,'46be84a4-7f99-4f06-8775-58d0d12a8595','uap/refer/riart/userDefaultRefer/index','用户',null,'N','app_91H10550_00008',null,null,'2020-05-20 15:57:12',null,'Y',null);
        go

        insert into pub_form_property(pk_form_property,areaid,classid,code,colnum,color,creationtime,creator,datatype,dataval,defaultvalue,defaultvar,define1,define2,define3,disabled,dr,editformula,hyperlinkflag,iscode,isdefined,ismultiselectedenabled,isnextrow,isrevise,istotal,itemtype,label,maxlength,metadataproperty,metaid,metapath,modifiedtime,modifier,position,proid,refcode,refname,relatemeta,required,resid,showformula,textrows,ts,validateformula,visible,width)
        values('0001ZZZZ04390fb22008','0001ZZZZ3bb13815b95a','23375c27-0c5a-4405-91eb-dca16fe2a3b3','modifiedtime',null,'#111111',null,'~',34, null, null,null,null,null,null,'N',0,null,'N','N','N',null,'N','N','N','datetimepicker',null,28,NULL,'','modifiedtime',null,'~',31,'89d68d66-1cc2-4596-875d-2227cbdf0ef2','/common-ref/','-99',null,'N','app_91H10550_00009',null,null,'2020-05-20 15:57:12',null,'Y',null);
        go

        insert into pub_form_property(pk_form_property,areaid,classid,code,colnum,color,creationtime,creator,datatype,dataval,defaultvalue,defaultvar,define1,define2,define3,disabled,dr,editformula,hyperlinkflag,iscode,isdefined,ismultiselectedenabled,isnextrow,isrevise,istotal,itemtype,label,maxlength,metadataproperty,metaid,metapath,modifiedtime,modifier,position,proid,refcode,refname,relatemeta,required,resid,showformula,textrows,ts,validateformula,visible,width)
        values('0001ZZZZ04390fb22009','0001ZZZZ3bb13815b95a','23375c27-0c5a-4405-91eb-dca16fe2a3b3','creator',null,'#111111',null,'~',204, '', null,null,null,null,null,'N',0,null,'N','N','N',null,'N','N','N','refer',null,28,'uap.user.user_name','f6f9a473-56c0-432f-8bc7-fbf8fde54fee','creator',null,'~',28,'8de92c7d-6883-4f5c-a387-0a00fce9f13d','uap/refer/riart/userDefaultRefer/index','用户',null,'N','app_91H10550_00010',null,null,'2020-05-20 15:57:12',null,'Y',null);
        go

        insert into pub_form_property(pk_form_property,areaid,classid,code,colnum,color,creationtime,creator,datatype,dataval,defaultvalue,defaultvar,define1,define2,define3,disabled,dr,editformula,hyperlinkflag,iscode,isdefined,ismultiselectedenabled,isnextrow,isrevise,istotal,itemtype,label,maxlength,metadataproperty,metaid,metapath,modifiedtime,modifier,position,proid,refcode,refname,relatemeta,required,resid,showformula,textrows,ts,validateformula,visible,width)
        values('0001ZZZZ04390fb22010','0001ZZZZ3bb13815b95a','23375c27-0c5a-4405-91eb-dca16fe2a3b3','creationtime',null,'#111111',null,'~',34, null, null,null,null,null,null,'N',0,null,'N','N','N',null,'N','N','N','datetimepicker',null,28,NULL,'','creationtime',null,'~',29,'2af2fa0a-9ca0-4af2-8a65-8fbac3f68c8d','/common-ref/','-99',null,'N','app_91H10550_00011',null,null,'2020-05-20 15:57:12',null,'Y',null);
        go

        insert into pub_form_property(pk_form_property,areaid,classid,code,colnum,color,creationtime,creator,datatype,dataval,defaultvalue,defaultvar,define1,define2,define3,disabled,dr,editformula,hyperlinkflag,iscode,isdefined,ismultiselectedenabled,isnextrow,isrevise,istotal,itemtype,label,maxlength,metadataproperty,metaid,metapath,modifiedtime,modifier,position,proid,refcode,refname,relatemeta,required,resid,showformula,textrows,ts,validateformula,visible,width)
        values('0001ZZZZ04390fb22011','0001ZZZZ3bb13815b95a','23375c27-0c5a-4405-91eb-dca16fe2a3b3','billmaker',null,'#111111',null,'~',204, '', null,null,null,null,null,'N',0,null,'N','N','N',null,'N','N','N','refer',null,28,'uap.user.user_name','f6f9a473-56c0-432f-8bc7-fbf8fde54fee','billmaker',null,'~',26,'b24a6aa0-e985-4008-a869-90e7d4cd20b3','uap/refer/riart/userDefaultRefer/index','用户',null,'N','app_91H10550_00012',null,null,'2020-05-20 15:57:12',null,'Y',null);
        go

        insert into pub_form_property(pk_form_property,areaid,classid,code,colnum,color,creationtime,creator,datatype,dataval,defaultvalue,defaultvar,define1,define2,define3,disabled,dr,editformula,hyperlinkflag,iscode,isdefined,ismultiselectedenabled,isnextrow,isrevise,istotal,itemtype,label,maxlength,metadataproperty,metaid,metapath,modifiedtime,modifier,position,proid,refcode,refname,relatemeta,required,resid,showformula,textrows,ts,validateformula,visible,width)
        values('0001ZZZZ04390fb22012','0001ZZZZ3bb13815b95a','23375c27-0c5a-4405-91eb-dca16fe2a3b3','maketime',null,'#111111',null,'~',33, null, null,null,null,null,null,'N',0,null,'N','N','N',null,'N','N','N','datepicker',null,28,NULL,'','maketime',null,'~',27,'12b655a1-f1fb-4eff-8da0-8b1595e7abd5','/common-ref/','-99',null,'N','app_91H10550_00013',null,null,'2020-05-20 15:57:12',null,'Y',null);
        go

        insert into pub_form_property(pk_form_property,areaid,classid,code,colnum,color,creationtime,creator,datatype,dataval,defaultvalue,defaultvar,define1,define2,define3,disabled,dr,editformula,hyperlinkflag,iscode,isdefined,ismultiselectedenabled,isnextrow,isrevise,istotal,itemtype,label,maxlength,metadataproperty,metaid,metapath,modifiedtime,modifier,position,proid,refcode,refname,relatemeta,required,resid,showformula,textrows,ts,validateformula,visible,width)
        values('0001ZZZZ04390fb22013','0001ZZZZ3bb13815b95a','23375c27-0c5a-4405-91eb-dca16fe2a3b3','advanceplan',null,'#111111',null,'~',1, null, null,null,null,null,null,'N',0,null,'N','N','N',null,'N','N','N','input',null,28,NULL,'','advanceplan',null,'~',10,'9ff34d81-2bc3-4ce6-aedc-f5ad727fc404','/common-ref/','-99',null,'N','app_91H10550_00014',null,null,'2020-05-20 15:57:12',null,'Y',null);
        go

        insert into pub_form_property(pk_form_property,areaid,classid,code,colnum,color,creationtime,creator,datatype,dataval,defaultvalue,defaultvar,define1,define2,define3,disabled,dr,editformula,hyperlinkflag,iscode,isdefined,ismultiselectedenabled,isnextrow,isrevise,istotal,itemtype,label,maxlength,metadataproperty,metaid,metapath,modifiedtime,modifier,position,proid,refcode,refname,relatemeta,required,resid,showformula,textrows,ts,validateformula,visible,width)
        values('0001ZZZZ04390fb22014','0001ZZZZ3bb13815b95a','23375c27-0c5a-4405-91eb-dca16fe2a3b3','billno',null,'#111111',null,'~',1, null, null,null,null,null,null,'Y',0,null,'N','N','N',null,'N','N','N','input',null,28,NULL,'','billno',null,'~',20,'97c274f9-5f72-4150-a486-8393e9249e12','/common-ref/','-99',null,'N','app_91H10550_00015',null,null,'2020-05-20 15:57:12',null,'Y',null);
        go

        insert into pub_form_property(pk_form_property,areaid,classid,code,colnum,color,creationtime,creator,datatype,dataval,defaultvalue,defaultvar,define1,define2,define3,disabled,dr,editformula,hyperlinkflag,iscode,isdefined,ismultiselectedenabled,isnextrow,isrevise,istotal,itemtype,label,maxlength,metadataproperty,metaid,metapath,modifiedtime,modifier,position,proid,refcode,refname,relatemeta,required,resid,showformula,textrows,ts,validateformula,visible,width)
        values('0001ZZZZ04390fb22015','0001ZZZZ3bb13815b95a','23375c27-0c5a-4405-91eb-dca16fe2a3b3','dbilldate',null,'#111111',null,'~',33, null, null,null,null,null,null,'N',0,null,'N','N','N',null,'N','N','N','datepicker',null,28,NULL,'','dbilldate',null,'~',18,'96817350-6812-43ef-8bca-53502a226e1e','/common-ref/','-99',null,'N','app_91H10550_00016',null,null,'2020-05-20 15:57:12',null,'Y',null);
        go

        insert into pub_form_property(pk_form_property,areaid,classid,code,colnum,color,creationtime,creator,datatype,dataval,defaultvalue,defaultvar,define1,define2,define3,disabled,dr,editformula,hyperlinkflag,iscode,isdefined,ismultiselectedenabled,isnextrow,isrevise,istotal,itemtype,label,maxlength,metadataproperty,metaid,metapath,modifiedtime,modifier,position,proid,refcode,refname,relatemeta,required,resid,showformula,textrows,ts,validateformula,visible,width)
        values('0001ZZZZ04390fb22016','0001ZZZZ3bb13815b95a','23375c27-0c5a-4405-91eb-dca16fe2a3b3','billstatus',null,'#111111',null,'~',203, '自由=-1,审批未通过=0,审批通过=1,审批进行中=2,提交=3','-1',null,null,null,null,'N',0,null,'N','N','N',null,'N','N','N','select',null,28,NULL,'','billstatus',null,'~',19,'a102bd1d-7b84-475d-94d5-d9e770e7134f','/common-ref/','-99',null,'N','app_91H10550_00017',null,null,'2020-05-20 15:57:12',null,'Y',null);
        go

        insert into pub_form_property(pk_form_property,areaid,classid,code,colnum,color,creationtime,creator,datatype,dataval,defaultvalue,defaultvar,define1,define2,define3,disabled,dr,editformula,hyperlinkflag,iscode,isdefined,ismultiselectedenabled,isnextrow,isrevise,istotal,itemtype,label,maxlength,metadataproperty,metaid,metapath,modifiedtime,modifier,position,proid,refcode,refname,relatemeta,required,resid,showformula,textrows,ts,validateformula,visible,width)
        values('0001ZZZZ04390fb22017','0001ZZZZ3bb13815b95a','23375c27-0c5a-4405-91eb-dca16fe2a3b3','pk_billtypeid',null,'#111111',null,'~',204, '', null,null,null,null,null,'N',0,null,'N','N','N',null,'N','N','N','refer',null,28,'uap.BilltypeVO.billtypename','b0fa41cd-a649-4309-b685-d341a5d1b0ed','pk_billtypeid',null,'~',22,'52deb6f8-3a03-4015-b10e-c7d9b64f5a56','uap/refer/riart/billtype/index','影响因素单据类型',null,'N','app_91H10550_00018',null,null,'2020-05-20 15:57:12',null,'Y',null);
        go

        insert into pub_form_property(pk_form_property,areaid,classid,code,colnum,color,creationtime,creator,datatype,dataval,defaultvalue,defaultvar,define1,define2,define3,disabled,dr,editformula,hyperlinkflag,iscode,isdefined,ismultiselectedenabled,isnextrow,isrevise,istotal,itemtype,label,maxlength,metadataproperty,metaid,metapath,modifiedtime,modifier,position,proid,refcode,refname,relatemeta,required,resid,showformula,textrows,ts,validateformula,visible,width)
        values('0001ZZZZ04390fb22018','0001ZZZZ3bb13815b95a','23375c27-0c5a-4405-91eb-dca16fe2a3b3','billtype',null,'#111111',null,'~',1, null, null,null,null,null,null,'N',0,null,'N','N','N',null,'N','N','N','input',null,28,NULL,'','billtype',null,'~',23,'add850dc-1e5f-4139-9819-9483e4413607','/common-ref/','-99',null,'N','app_91H10550_00019',null,null,'2020-05-20 15:57:12',null,'Y',null);
        go

        insert into pub_form_property(pk_form_property,areaid,classid,code,colnum,color,creationtime,creator,datatype,dataval,defaultvalue,defaultvar,define1,define2,define3,disabled,dr,editformula,hyperlinkflag,iscode,isdefined,ismultiselectedenabled,isnextrow,isrevise,istotal,itemtype,label,maxlength,metadataproperty,metaid,metapath,modifiedtime,modifier,position,proid,refcode,refname,relatemeta,required,resid,showformula,textrows,ts,validateformula,visible,width)
        values('0001ZZZZ04390fb22020','0001ZZZZ3bb13815b95a','23375c27-0c5a-4405-91eb-dca16fe2a3b3','approver',null,'#111111',null,'~',204, '', null,null,null,null,null,'N',0,null,'N','N','N',null,'N','N','N','refer',null,28,'uap.user.user_name','f6f9a473-56c0-432f-8bc7-fbf8fde54fee','approver',null,'~',32,'292c4b34-08e7-4bfe-a260-dbcea902a6fe','uap/refer/riart/userDefaultRefer/index','用户',null,'N','app_91H10550_00021',null,null,'2020-05-20 15:57:12',null,'Y',null);
        go

        insert into pub_form_property(pk_form_property,areaid,classid,code,colnum,color,creationtime,creator,datatype,dataval,defaultvalue,defaultvar,define1,define2,define3,disabled,dr,editformula,hyperlinkflag,iscode,isdefined,ismultiselectedenabled,isnextrow,isrevise,istotal,itemtype,label,maxlength,metadataproperty,metaid,metapath,modifiedtime,modifier,position,proid,refcode,refname,relatemeta,required,resid,showformula,textrows,ts,validateformula,visible,width)
        values('0001ZZZZ04390fb22022','0001ZZZZ3bb13815b95a','23375c27-0c5a-4405-91eb-dca16fe2a3b3','approvedate',null,'#111111',null,'~',34, null, null,null,null,null,null,'N',0,null,'N','N','N',null,'N','N','N','datetimepicker',null,28,NULL,'','approvedate',null,'~',14,'aeea9e63-7fe3-416f-a45f-fc251b2cc212','/common-ref/','-99',null,'N','app_91H10550_00023',null,null,'2020-05-20 15:57:12',null,'Y',null);
        go

        insert into pub_form_property(pk_form_property,areaid,classid,code,colnum,color,creationtime,creator,datatype,dataval,defaultvalue,defaultvar,define1,define2,define3,disabled,dr,editformula,hyperlinkflag,iscode,isdefined,ismultiselectedenabled,isnextrow,isrevise,istotal,itemtype,label,maxlength,metadataproperty,metaid,metapath,modifiedtime,modifier,position,proid,refcode,refname,relatemeta,required,resid,showformula,textrows,ts,validateformula,visible,width)
        values('0001ZZZZ04390fb22023','0001ZZZZ3bb13815b95a','23375c27-0c5a-4405-91eb-dca16fe2a3b3','approvestatus',null,'#111111',null,'~',203, '自由=-1,审批未通过=0,审批通过=1,审批进行中=2,提交=3', null,null,null,null,null,'N',0,null,'N','N','N',null,'N','N','N','select',null,28,NULL,'','approvestatus',null,'~',33,'f7b3f6e5-6a17-4cf3-b151-e80f705b3131','/common-ref/','-99',null,'N','app_91H10550_00024',null,null,'2020-05-20 15:57:12',null,'Y',null);
        go

        insert into pub_form_property(pk_form_property,areaid,classid,code,colnum,color,creationtime,creator,datatype,dataval,defaultvalue,defaultvar,define1,define2,define3,disabled,dr,editformula,hyperlinkflag,iscode,isdefined,ismultiselectedenabled,isnextrow,isrevise,istotal,itemtype,label,maxlength,metadataproperty,metaid,metapath,modifiedtime,modifier,position,proid,refcode,refname,relatemeta,required,resid,showformula,textrows,ts,validateformula,visible,width)
        values('0001ZZZZ04390fb22037','0001ZZZZ3bb13815b95a','23375c27-0c5a-4405-91eb-dca16fe2a3b3','pk_org',null,'#111111',null,'~',204, '', null,null,null,null,null,'N',0,null,'N','N','N',null,'N','N','N','refer',null,28,'uap.org.name','985be8a4-3a36-4778-8afe-2d8ed3902659','pk_org',null,'~',16,'8068a916-6966-49a7-9a72-2197327c137b','uapbd/refer/org/BusinessUnitAndDeptTreeRef/index','业务单元及部门',null,'N','app_91H10550_00038',null,null,'2020-05-20 15:57:12',null,'Y',null);
        go

        insert into pub_form_property(pk_form_property,areaid,classid,code,colnum,color,creationtime,creator,datatype,dataval,defaultvalue,defaultvar,define1,define2,define3,disabled,dr,editformula,hyperlinkflag,iscode,isdefined,ismultiselectedenabled,isnextrow,isrevise,istotal,itemtype,label,maxlength,metadataproperty,metaid,metapath,modifiedtime,modifier,position,proid,refcode,refname,relatemeta,required,resid,showformula,textrows,ts,validateformula,visible,width)
        values('0001ZZZZ04390fb22038','0001ZZZZ3bb13815b95a','23375c27-0c5a-4405-91eb-dca16fe2a3b3','pk_org_v',null,'#111111',null,'~',204, '', null,null,null,null,null,'N',0,null,'N','N','N',null,'N','N','N','refer',null,28,'uap.org_v.name','da7bba89-9a59-42d6-a262-c13ef459dbd9','pk_org_v',null,'~',17,'218864be-90e0-47f4-aeb4-77a076cd8d24','uapbd/refer/orgv/BusinessUnitVersionDefaultAllTreeRef/index','业务单元版本(所有)',null,'N','app_91H10550_00039',null,null,'2020-05-20 15:57:12',null,'N',null);
        go

        insert into pub_form_property(pk_form_property,areaid,classid,code,colnum,color,creationtime,creator,datatype,dataval,defaultvalue,defaultvar,define1,define2,define3,disabled,dr,editformula,hyperlinkflag,iscode,isdefined,ismultiselectedenabled,isnextrow,isrevise,istotal,itemtype,label,maxlength,metadataproperty,metaid,metapath,modifiedtime,modifier,position,proid,refcode,refname,relatemeta,required,resid,showformula,textrows,ts,validateformula,visible,width)
        values('0001ZZZZ04390fb22089','0001ZZZZ3bb13815b95a','23375c27-0c5a-4405-91eb-dca16fe2a3b3','planname',null,'#111111',null,'~',1, null, null,null,null,null,null,'N',0,null,'N','N','N',null,'N','N','N','input',null,28,NULL,'','planname',null,'~',3,'384fddbe-c02b-4bdd-b36c-10c7d16f2a44','/common-ref/','-99',null,'N','app_91H10550_00090',null,null,'2020-05-20 15:57:12',null,'Y',null);
        go

        insert into pub_form_property(pk_form_property,areaid,classid,code,colnum,color,creationtime,creator,datatype,dataval,defaultvalue,defaultvar,define1,define2,define3,disabled,dr,editformula,hyperlinkflag,iscode,isdefined,ismultiselectedenabled,isnextrow,isrevise,istotal,itemtype,label,maxlength,metadataproperty,metaid,metapath,modifiedtime,modifier,position,proid,refcode,refname,relatemeta,required,resid,showformula,textrows,ts,validateformula,visible,width)
        values('0001ZZZZ04390fb22090','0001ZZZZ3bb13815b95a','23375c27-0c5a-4405-91eb-dca16fe2a3b3','planduration',null,'#111111',null,'~',1, null, null,null,null,null,null,'N',0,null,'N','N','N',null,'N','N','N','input',null,28,NULL,'','planduration',null,'~',8,'2bacc4aa-9ebd-4d2b-8729-6a3e9b1d7456','/common-ref/','-99',null,'N','app_91H10550_00091',null,null,'2020-05-20 15:57:12',null,'Y',null);
        go

        insert into pub_form_property(pk_form_property,areaid,classid,code,colnum,color,creationtime,creator,datatype,dataval,defaultvalue,defaultvar,define1,define2,define3,disabled,dr,editformula,hyperlinkflag,iscode,isdefined,ismultiselectedenabled,isnextrow,isrevise,istotal,itemtype,label,maxlength,metadataproperty,metaid,metapath,modifiedtime,modifier,position,proid,refcode,refname,relatemeta,required,resid,showformula,textrows,ts,validateformula,visible,width)
        values('0001ZZZZ04390fb22091','0001ZZZZ3bb13815b95a','23375c27-0c5a-4405-91eb-dca16fe2a3b3','projectstartdate',null,'#111111',null,'~',33, null, null,null,null,null,null,'N',0,null,'N','N','N',null,'N','N','N','datepicker',null,28,NULL,'','projectstartdate',null,'~',6,'fc7d9a0f-7a1e-44ed-b3d8-04aae91874cf','/common-ref/','-99',null,'N','app_91H10550_00092',null,null,'2020-05-20 15:57:12',null,'Y',null);
        go

        insert into pub_form_property(pk_form_property,areaid,classid,code,colnum,color,creationtime,creator,datatype,dataval,defaultvalue,defaultvar,define1,define2,define3,disabled,dr,editformula,hyperlinkflag,iscode,isdefined,ismultiselectedenabled,isnextrow,isrevise,istotal,itemtype,label,maxlength,metadataproperty,metaid,metapath,modifiedtime,modifier,position,proid,refcode,refname,relatemeta,required,resid,showformula,textrows,ts,validateformula,visible,width)
        values('0001ZZZZ04390fb22092','0001ZZZZ3bb13815b95a','23375c27-0c5a-4405-91eb-dca16fe2a3b3','projectdeaddate',null,'#111111',null,'~',33, null, null,null,null,null,null,'N',0,null,'N','N','N',null,'N','N','N','datepicker',null,28,NULL,'','projectdeaddate',null,'~',7,'a3f56661-9816-431c-a04d-adac44fc2755','/common-ref/','-99',null,'N','app_91H10550_00093',null,null,'2020-05-20 15:57:12',null,'Y',null);
        go

        insert into pub_form_property(pk_form_property,areaid,classid,code,colnum,color,creationtime,creator,datatype,dataval,defaultvalue,defaultvar,define1,define2,define3,disabled,dr,editformula,hyperlinkflag,iscode,isdefined,ismultiselectedenabled,isnextrow,isrevise,istotal,itemtype,label,maxlength,metadataproperty,metaid,metapath,modifiedtime,modifier,position,proid,refcode,refname,relatemeta,required,resid,showformula,textrows,ts,validateformula,visible,width)
        values('0001ZZZZ04390fb22093','0001ZZZZ3bb13815b95a','23375c27-0c5a-4405-91eb-dca16fe2a3b3','dutyperson',null,'#111111',null,'~',204, '', null,null,null,null,null,'N',0,null,'N','N','N',null,'N','N','N','refer',null,28,NULL,'40d39c26-a2b6-4f16-a018-45664cac1a1f','dutyperson',null,'~',12,'880e1b22-c621-4725-8f5f-a6ef17c1336e','uapbd/refer/psninfo/PsndocRiartTreeGridRef/index','人员',null,'N','app_91H10550_00094',null,null,'2020-05-20 15:57:12',null,'Y',null);
        go

        insert into pub_form_property(pk_form_property,areaid,classid,code,colnum,color,creationtime,creator,datatype,dataval,defaultvalue,defaultvar,define1,define2,define3,disabled,dr,editformula,hyperlinkflag,iscode,isdefined,ismultiselectedenabled,isnextrow,isrevise,istotal,itemtype,label,maxlength,metadataproperty,metaid,metapath,modifiedtime,modifier,position,proid,refcode,refname,relatemeta,required,resid,showformula,textrows,ts,validateformula,visible,width)
        values('0001ZZZZ04390fb22094','0001ZZZZ3bb13815b95a','23375c27-0c5a-4405-91eb-dca16fe2a3b3','dutydept',null,'#111111',null,'~',204, '', null,null,null,null,null,'N',0,null,'N','N','N',null,'N','N','N','refer',null,28,'uap.dept.name','b26fa3cb-4087-4027-a3b6-c83ab2a086a9','dutydept',null,'~',13,'9446574b-ab1c-4419-91d7-a1baf109b65d','uapbd/refer/org/DeptTreeRef/index','部门',null,'N','app_91H10550_00095',null,null,'2020-05-20 15:57:12',null,'Y',null);
        go

        insert into pub_form_property(pk_form_property,areaid,classid,code,colnum,color,creationtime,creator,datatype,dataval,defaultvalue,defaultvar,define1,define2,define3,disabled,dr,editformula,hyperlinkflag,iscode,isdefined,ismultiselectedenabled,isnextrow,isrevise,istotal,itemtype,label,maxlength,metadataproperty,metaid,metapath,modifiedtime,modifier,position,proid,refcode,refname,relatemeta,required,resid,showformula,textrows,ts,validateformula,visible,width)
        values('0001ZZZZ04390fb22095','0001ZZZZ3bb13815b95a','23375c27-0c5a-4405-91eb-dca16fe2a3b3','milepost',null,'#111111',null,'~',1, null, null,null,null,null,null,'N',0,null,'N','N','N',null,'N','N','N','input',null,28,NULL,'','milepost',null,'~',11,'abc8b09c-667e-4c41-b52f-27069ad8beb8','/common-ref/','-99',null,'N','app_91H10550_00096',null,null,'2020-05-20 15:57:12',null,'Y',null);
        go

        insert into pub_form_property(pk_form_property,areaid,classid,code,colnum,color,creationtime,creator,datatype,dataval,defaultvalue,defaultvar,define1,define2,define3,disabled,dr,editformula,hyperlinkflag,iscode,isdefined,ismultiselectedenabled,isnextrow,isrevise,istotal,itemtype,label,maxlength,metadataproperty,metaid,metapath,modifiedtime,modifier,position,proid,refcode,refname,relatemeta,required,resid,showformula,textrows,ts,validateformula,visible,width)
        values('0001ZZZZ04390fb22096','0001ZZZZ3bb13815b95a','23375c27-0c5a-4405-91eb-dca16fe2a3b3','pk_group',null,'#111111',null,'~',204, '', null,null,null,null,null,'N',0,null,'N','N','N',null,'N','N','N','refer',null,28,'uap.group.name','3b6dd171-2900-47f3-bfbe-41e4483a2a65','pk_group',null,'~',15,'4f76d3bd-cbc3-498d-af52-a9576a76c2b4','uap/refer/riart/groupTreeRef/index','集团',null,'N','app_91H10550_00097',null,null,'2020-05-20 15:57:12',null,'Y',null);
        go

        insert into pub_form_property(pk_form_property,areaid,classid,code,colnum,color,creationtime,creator,datatype,dataval,defaultvalue,defaultvar,define1,define2,define3,disabled,dr,editformula,hyperlinkflag,iscode,isdefined,ismultiselectedenabled,isnextrow,isrevise,istotal,itemtype,label,maxlength,metadataproperty,metaid,metapath,modifiedtime,modifier,position,proid,refcode,refname,relatemeta,required,resid,showformula,textrows,ts,validateformula,visible,width)
        values('0001ZZZZ04390fb22097','0001ZZZZ3bb13815b95a','23375c27-0c5a-4405-91eb-dca16fe2a3b3','projectname',null,'#111111',null,'~',1, null, null,null,null,null,null,'N',0,null,'N','N','N',null,'N','N','N','input',null,28,NULL,'','projectname',null,'~',2,'46a2aa76-19a8-4397-8eec-592aed2dd6fb','/common-ref/','-99',null,'N','app_91H10550_00098',null,null,'2020-05-20 15:57:12',null,'Y',null);
        go








            insert into pub_form_property(pk_form_property,areaid,classid,code,colnum,color,creationtime,creator,datatype,dataval,defaultvalue,defaultvar,define1,define2,define3,disabled,dr,editformula,hyperlinkflag,iscode,isdefined,ismultiselectedenabled,isnextrow,isrevise,istotal,itemtype,label,maxlength,metadataproperty,metaid,metapath,modifiedtime,modifier,position,proid,refcode,refname,relatemeta,required,resid,showformula,textrows,ts,validateformula,visible,width)
            values('0001ZZZZ0a94666ef001','0001ZZZZ0ec3525dc269','23375c27-0c5a-4405-91eb-dca16fe2a3b3','pk_busitype','1','#111111',null,'~',204,'' , null,null,null,null,null,'N',0,null,'N','N','N',null,'N','N','N','refer',null,28,'uap.BusitypeVO.businame','','pk_busitype',null,'~',21,'58cfdc1b-98c6-4787-93a7-983f6c0293e4','uap/refer/riart/busitype/index','业务流程',null,'N','app_91H10550_00002',null,null,'2020-05-20 15:57:12',null,'Y',null);
            go
            insert into pub_form_property(pk_form_property,areaid,classid,code,colnum,color,creationtime,creator,datatype,dataval,defaultvalue,defaultvar,define1,define2,define3,disabled,dr,editformula,hyperlinkflag,iscode,isdefined,ismultiselectedenabled,isnextrow,isrevise,istotal,itemtype,label,maxlength,metadataproperty,metaid,metapath,modifiedtime,modifier,position,proid,refcode,refname,relatemeta,required,resid,showformula,textrows,ts,validateformula,visible,width)
            values('0001ZZZZ0a94666ef002','0001ZZZZ0ec3525dc269','23375c27-0c5a-4405-91eb-dca16fe2a3b3','pk_transtype','1','#111111',null,'~',204,'' , null,null,null,null,null,'N',0,null,'N','N','N',null,'N','N','N','refer',null,28,'uap.BilltypeVO.billtypename','','pk_transtype',null,'~',25,'078502e9-ddef-46d9-9c8c-4a438a8d4045','uap/refer/riart/transtype/index','影响因素交 易类型',null,'N','app_91H10550_00003',null,null,'2020-05-20 15:57:12',null,'Y',null);
            go
            insert into pub_form_property(pk_form_property,areaid,classid,code,colnum,color,creationtime,creator,datatype,dataval,defaultvalue,defaultvar,define1,define2,define3,disabled,dr,editformula,hyperlinkflag,iscode,isdefined,ismultiselectedenabled,isnextrow,isrevise,istotal,itemtype,label,maxlength,metadataproperty,metaid,metapath,modifiedtime,modifier,position,proid,refcode,refname,relatemeta,required,resid,showformula,textrows,ts,validateformula,visible,width)
            values('0001ZZZZ0a94666ef003','0001ZZZZ0ec3525dc269','23375c27-0c5a-4405-91eb-dca16fe2a3b3','transtypecode','1','#111111',null,'~',1,null, null,null,null,null,null,'N',0,null,'N','N','N',null,'N','N','N','input',null,28,NULL,'','transtypecode',null,'~',24,'51f25fba-3f5a-4cc0-934d-e53bdc1c5989','/common-ref/','-99',null,'N','app_91H10550_00004',null,null,'2020-05-20 15:57:12',null,'Y',null);
            go
            insert into pub_form_property(pk_form_property,areaid,classid,code,colnum,color,creationtime,creator,datatype,dataval,defaultvalue,defaultvar,define1,define2,define3,disabled,dr,editformula,hyperlinkflag,iscode,isdefined,ismultiselectedenabled,isnextrow,isrevise,istotal,itemtype,label,maxlength,metadataproperty,metaid,metapath,modifiedtime,modifier,position,proid,refcode,refname,relatemeta,required,resid,showformula,textrows,ts,validateformula,visible,width)
            values('0001ZZZZ0a94666ef004','0001ZZZZ0ec3525dc269','23375c27-0c5a-4405-91eb-dca16fe2a3b3','missionname','1','#111111',null,'~',1,null, null,null,null,null,null,'N',0,null,'N','N','N',null,'N','N','N','input',null,28,NULL,'','missionname',null,'~',5,'0437afe7-6bec-4302-be24-0b123b8735fe','/common-ref/','-99',null,'N','app_91H10550_00005',null,null,'2020-05-20 15:57:12',null,'Y',null);
            go
            insert into pub_form_property(pk_form_property,areaid,classid,code,colnum,color,creationtime,creator,datatype,dataval,defaultvalue,defaultvar,define1,define2,define3,disabled,dr,editformula,hyperlinkflag,iscode,isdefined,ismultiselectedenabled,isnextrow,isrevise,istotal,itemtype,label,maxlength,metadataproperty,metaid,metapath,modifiedtime,modifier,position,proid,refcode,refname,relatemeta,required,resid,showformula,textrows,ts,validateformula,visible,width)
            values('0001ZZZZ0a94666ef005','0001ZZZZ0ec3525dc269','23375c27-0c5a-4405-91eb-dca16fe2a3b3','missiondetail','1','#111111',null,'~',1,null, null,null,null,null,null,'N',0,null,'N','N','N',null,'N','N','N','input',null,28,NULL,'','missiondetail',null,'~',9,'5d3bfabb-f30f-4e05-938a-539c44e86fcd','/common-ref/','-99',null,'N','app_91H10550_00006',null,null,'2020-05-20 15:57:12',null,'Y',null);
            go
            insert into pub_form_property(pk_form_property,areaid,classid,code,colnum,color,creationtime,creator,datatype,dataval,defaultvalue,defaultvar,define1,define2,define3,disabled,dr,editformula,hyperlinkflag,iscode,isdefined,ismultiselectedenabled,isnextrow,isrevise,istotal,itemtype,label,maxlength,metadataproperty,metaid,metapath,modifiedtime,modifier,position,proid,refcode,refname,relatemeta,required,resid,showformula,textrows,ts,validateformula,visible,width)
            values('0001ZZZZ0a94666ef006','0001ZZZZ0ec3525dc269','23375c27-0c5a-4405-91eb-dca16fe2a3b3','missioncode','1','#111111',null,'~',1,null, null,null,null,null,null,'N',0,null,'N','N','N',null,'N','N','N','input',null,28,NULL,'','missioncode',null,'~',4,'0bf62bb2-a313-4489-b227-94b2a4bad3c8','/common-ref/','-99',null,'N','app_91H10550_00007',null,null,'2020-05-20 15:57:12',null,'Y',null);
            go
            insert into pub_form_property(pk_form_property,areaid,classid,code,colnum,color,creationtime,creator,datatype,dataval,defaultvalue,defaultvar,define1,define2,define3,disabled,dr,editformula,hyperlinkflag,iscode,isdefined,ismultiselectedenabled,isnextrow,isrevise,istotal,itemtype,label,maxlength,metadataproperty,metaid,metapath,modifiedtime,modifier,position,proid,refcode,refname,relatemeta,required,resid,showformula,textrows,ts,validateformula,visible,width)
            values('0001ZZZZeb535e9b5d5e','0001ZZZZ458f41edf229','23375c27-0c5a-4405-91eb-dca16fe2a3b3','modifier','1','#111111',null,'~',204,'', null,null,null,null,null,'N',0,null,'N','N','N',null,'N','N','N','refer',null,28,'uap.user.user_name','','modifier',null,'~',30,'ae0b8b13-0af1-4a95-8596-8fe756dedcd2','uap/refer/riart/userDefaultRefer/index','用户',null,'N','app_91H10550_00008',null,null,'2020-05-20 15:57:12',null,'Y',null);
            go
            insert into pub_form_property(pk_form_property,areaid,classid,code,colnum,color,creationtime,creator,datatype,dataval,defaultvalue,defaultvar,define1,define2,define3,disabled,dr,editformula,hyperlinkflag,iscode,isdefined,ismultiselectedenabled,isnextrow,isrevise,istotal,itemtype,label,maxlength,metadataproperty,metaid,metapath,modifiedtime,modifier,position,proid,refcode,refname,relatemeta,required,resid,showformula,textrows,ts,validateformula,visible,width)
            values('0001ZZZZb395752be3ba','0001ZZZZ458f41edf229','23375c27-0c5a-4405-91eb-dca16fe2a3b3','modifiedtime','1','#111111',null,'~',34,null, null,null,null,null,null,'N',0,null,'N','N','N',null,'N','N','N','datetimepicker',null,28,NULL,'','modifiedtime',null,'~',31,'f3413bcf-6da2-4726-a6b1-35321237cb1b','/common-ref/','-99',null,'N','app_91H10550_00009',null,null,'2020-05-20 15:57:12',null,'Y',null);
            go
            insert into pub_form_property(pk_form_property,areaid,classid,code,colnum,color,creationtime,creator,datatype,dataval,defaultvalue,defaultvar,define1,define2,define3,disabled,dr,editformula,hyperlinkflag,iscode,isdefined,ismultiselectedenabled,isnextrow,isrevise,istotal,itemtype,label,maxlength,metadataproperty,metaid,metapath,modifiedtime,modifier,position,proid,refcode,refname,relatemeta,required,resid,showformula,textrows,ts,validateformula,visible,width)
            values('0001ZZZZf6aeb1f2d87c','0001ZZZZ458f41edf229','23375c27-0c5a-4405-91eb-dca16fe2a3b3','creator','1','#111111',null,'~',204,'', null,null,null,null,null,'N',0,null,'N','N','N',null,'N','N','N','refer',null,28,'uap.user.user_name','','creator',null,'~',28,'d368aa00-38ca-4a87-b26d-8471665297c2','uap/refer/riart/userDefaultRefer/index','用户',null,'N','app_91H10550_00010',null,null,'2020-05-20 15:57:12',null,'Y',null);
            go
            insert into pub_form_property(pk_form_property,areaid,classid,code,colnum,color,creationtime,creator,datatype,dataval,defaultvalue,defaultvar,define1,define2,define3,disabled,dr,editformula,hyperlinkflag,iscode,isdefined,ismultiselectedenabled,isnextrow,isrevise,istotal,itemtype,label,maxlength,metadataproperty,metaid,metapath,modifiedtime,modifier,position,proid,refcode,refname,relatemeta,required,resid,showformula,textrows,ts,validateformula,visible,width)
            values('0001ZZZZd23fa65e9d3c','0001ZZZZ458f41edf229','23375c27-0c5a-4405-91eb-dca16fe2a3b3','creationtime','1','#111111',null,'~',34,null, null,null,null,null,null,'N',0,null,'N','N','N',null,'N','N','N','datetimepicker',null,28,NULL,'','creationtime',null,'~',29,'956ff007-5374-4065-976c-bc9f74232f27','/common-ref/','-99',null,'N','app_91H10550_00011',null,null,'2020-05-20 15:57:12',null,'Y',null);
            go
            insert into pub_form_property(pk_form_property,areaid,classid,code,colnum,color,creationtime,creator,datatype,dataval,defaultvalue,defaultvar,define1,define2,define3,disabled,dr,editformula,hyperlinkflag,iscode,isdefined,ismultiselectedenabled,isnextrow,isrevise,istotal,itemtype,label,maxlength,metadataproperty,metaid,metapath,modifiedtime,modifier,position,proid,refcode,refname,relatemeta,required,resid,showformula,textrows,ts,validateformula,visible,width)
            values('0001ZZZZ0a94666ef011','0001ZZZZ0ec3525dc269','23375c27-0c5a-4405-91eb-dca16fe2a3b3','billmaker','1','#111111',null,'~',204,'' , null,null,null,null,null,'N',0,null,'N','N','N',null,'N','N','N','refer',null,28,'uap.user.user_name','','billmaker',null,'~',26,'1174c31e-f40b-40c4-b32c-82b430ff8e4f','uap/refer/riart/userDefaultRefer/index','用户',null,'N','app_91H10550_00012',null,null,'2020-05-20 15:57:12',null,'Y',null);
            go
            insert into pub_form_property(pk_form_property,areaid,classid,code,colnum,color,creationtime,creator,datatype,dataval,defaultvalue,defaultvar,define1,define2,define3,disabled,dr,editformula,hyperlinkflag,iscode,isdefined,ismultiselectedenabled,isnextrow,isrevise,istotal,itemtype,label,maxlength,metadataproperty,metaid,metapath,modifiedtime,modifier,position,proid,refcode,refname,relatemeta,required,resid,showformula,textrows,ts,validateformula,visible,width)
            values('0001ZZZZ0a94666ef012','0001ZZZZ0ec3525dc269','23375c27-0c5a-4405-91eb-dca16fe2a3b3','maketime','1','#111111',null,'~',33,null, null,null,null,null,null,'N',0,null,'N','N','N',null,'N','N','N','datepicker',null,28,NULL,'','maketime',null,'~',27,'dfcd367c-785c-4883-a038-3718a3142a02','/common-ref/','-99',null,'N','app_91H10550_00013',null,null,'2020-05-20 15:57:12',null,'Y',null);
            go
            insert into pub_form_property(pk_form_property,areaid,classid,code,colnum,color,creationtime,creator,datatype,dataval,defaultvalue,defaultvar,define1,define2,define3,disabled,dr,editformula,hyperlinkflag,iscode,isdefined,ismultiselectedenabled,isnextrow,isrevise,istotal,itemtype,label,maxlength,metadataproperty,metaid,metapath,modifiedtime,modifier,position,proid,refcode,refname,relatemeta,required,resid,showformula,textrows,ts,validateformula,visible,width)
            values('0001ZZZZ0a94666ef013','0001ZZZZ0ec3525dc269','23375c27-0c5a-4405-91eb-dca16fe2a3b3','advanceplan','1','#111111',null,'~',1,null, null,null,null,null,null,'N',0,null,'N','N','N',null,'N','N','N','input',null,28,NULL,'','advanceplan',null,'~',10,'d69253db-71ba-4d92-96c5-4e4c28f08d66','/common-ref/','-99',null,'N','app_91H10550_00014',null,null,'2020-05-20 15:57:12',null,'Y',null);
            go
            insert into pub_form_property(pk_form_property,areaid,classid,code,colnum,color,creationtime,creator,datatype,dataval,defaultvalue,defaultvar,define1,define2,define3,disabled,dr,editformula,hyperlinkflag,iscode,isdefined,ismultiselectedenabled,isnextrow,isrevise,istotal,itemtype,label,maxlength,metadataproperty,metaid,metapath,modifiedtime,modifier,position,proid,refcode,refname,relatemeta,required,resid,showformula,textrows,ts,validateformula,visible,width)
            values('0001ZZZZ0a94666ef014','0001ZZZZ0ec3525dc269','23375c27-0c5a-4405-91eb-dca16fe2a3b3','billno','1','#111111',null,'~',1,null, null,null,null,null,null,'Y',0,null,'N','N','N',null,'N','N','N','input',null,28,NULL,'','billno',null,'~',20,'beddb7c3-0fc8-49c1-8402-6c7e19697f1a','/common-ref/','-99',null,'N','app_91H10550_00015',null,null,'2020-05-20 15:57:12',null,'Y',null);
            go
            insert into pub_form_property(pk_form_property,areaid,classid,code,colnum,color,creationtime,creator,datatype,dataval,defaultvalue,defaultvar,define1,define2,define3,disabled,dr,editformula,hyperlinkflag,iscode,isdefined,ismultiselectedenabled,isnextrow,isrevise,istotal,itemtype,label,maxlength,metadataproperty,metaid,metapath,modifiedtime,modifier,position,proid,refcode,refname,relatemeta,required,resid,showformula,textrows,ts,validateformula,visible,width)
            values('0001ZZZZ0a94666ef015','0001ZZZZ0ec3525dc269','23375c27-0c5a-4405-91eb-dca16fe2a3b3','dbilldate','1','#111111',null,'~',33,null, null,null,null,null,null,'N',0,null,'N','N','N',null,'N','N','N','datepicker',null,28,NULL,'','dbilldate',null,'~',18,'29d7220a-8b99-4625-a6fe-b5678202a8ae','/common-ref/','-99',null,'N','app_91H10550_00016',null,null,'2020-05-20 15:57:12',null,'Y',null);
            go
            insert into pub_form_property(pk_form_property,areaid,classid,code,colnum,color,creationtime,creator,datatype,dataval,defaultvalue,defaultvar,define1,define2,define3,disabled,dr,editformula,hyperlinkflag,iscode,isdefined,ismultiselectedenabled,isnextrow,isrevise,istotal,itemtype,label,maxlength,metadataproperty,metaid,metapath,modifiedtime,modifier,position,proid,refcode,refname,relatemeta,required,resid,showformula,textrows,ts,validateformula,visible,width)
            values('0001ZZZZ0a94666ef016','0001ZZZZ0ec3525dc269','23375c27-0c5a-4405-91eb-dca16fe2a3b3','billstatus','1','#111111',null,'~',203,'自由=-1,审批未通过=0,审批通过=1,审批进行中=2,提交=3','-1',null,null,null,null,'Y',0,null,'N','N','N',null,'N','N','N','select',null,28,NULL,'','billstatus',null,'~',19,'af897dbb-f727-4b2d-918b-0fe44f6571b3','/common-ref/','-99',null,'N','app_91H10550_00017',null,null,'2020-05-20 15:57:12',null,'Y',null);
            go
            insert into pub_form_property(pk_form_property,areaid,classid,code,colnum,color,creationtime,creator,datatype,dataval,defaultvalue,defaultvar,define1,define2,define3,disabled,dr,editformula,hyperlinkflag,iscode,isdefined,ismultiselectedenabled,isnextrow,isrevise,istotal,itemtype,label,maxlength,metadataproperty,metaid,metapath,modifiedtime,modifier,position,proid,refcode,refname,relatemeta,required,resid,showformula,textrows,ts,validateformula,visible,width)
            values('0001ZZZZ0a94666ef017','0001ZZZZ0ec3525dc269','23375c27-0c5a-4405-91eb-dca16fe2a3b3','pk_billtypeid','1','#111111',null,'~',204,'' , null,null,null,null,null,'N',0,null,'N','N','N',null,'N','N','N','refer',null,28,'uap.BilltypeVO.billtypename','','pk_billtypeid',null,'~',22,'1f6a61f5-da3c-4253-9378-b5ce1bb40e1c','uap/refer/riart/billtype/index','影响因素单据类型',null,'N','app_91H10550_00018',null,null,'2020-05-20 15:57:12',null,'Y',null);
            go
            insert into pub_form_property(pk_form_property,areaid,classid,code,colnum,color,creationtime,creator,datatype,dataval,defaultvalue,defaultvar,define1,define2,define3,disabled,dr,editformula,hyperlinkflag,iscode,isdefined,ismultiselectedenabled,isnextrow,isrevise,istotal,itemtype,label,maxlength,metadataproperty,metaid,metapath,modifiedtime,modifier,position,proid,refcode,refname,relatemeta,required,resid,showformula,textrows,ts,validateformula,visible,width)
            values('0001ZZZZ0a94666ef018','0001ZZZZ0ec3525dc269','23375c27-0c5a-4405-91eb-dca16fe2a3b3','billtype','1','#111111',null,'~',1,null, null,null,null,null,null,'N',0,null,'N','N','N',null,'N','N','N','input',null,28,NULL,'','billtype',null,'~',23,'a1a41ac2-8195-4108-9a2b-9045d7556f17','/common-ref/','-99',null,'N','app_91H10550_00019',null,null,'2020-05-20 15:57:12',null,'Y',null);
            go
            insert into pub_form_property(pk_form_property,areaid,classid,code,colnum,color,creationtime,creator,datatype,dataval,defaultvalue,defaultvar,define1,define2,define3,disabled,dr,editformula,hyperlinkflag,iscode,isdefined,ismultiselectedenabled,isnextrow,isrevise,istotal,itemtype,label,maxlength,metadataproperty,metaid,metapath,modifiedtime,modifier,position,proid,refcode,refname,relatemeta,required,resid,showformula,textrows,ts,validateformula,visible,width)
            values('0001ZZZZ2a43dece45c0','0001ZZZZ458f41edf229','23375c27-0c5a-4405-91eb-dca16fe2a3b3','approver','1','#111111',null,'~',204,'', null,null,null,null,null,'N',0,null,'N','N','N',null,'N','N','N','refer',null,28,'uap.user.user_name','','approver',null,'~',32,'388f2f26-1565-46d2-aece-d64685e6c510','uap/refer/riart/userDefaultRefer/index','用户',null,'N','app_91H10550_00021',null,null,'2020-05-20 15:57:12',null,'Y',null);
            go
            insert into pub_form_property(pk_form_property,areaid,classid,code,colnum,color,creationtime,creator,datatype,dataval,defaultvalue,defaultvar,define1,define2,define3,disabled,dr,editformula,hyperlinkflag,iscode,isdefined,ismultiselectedenabled,isnextrow,isrevise,istotal,itemtype,label,maxlength,metadataproperty,metaid,metapath,modifiedtime,modifier,position,proid,refcode,refname,relatemeta,required,resid,showformula,textrows,ts,validateformula,visible,width)
            values('0001ZZZZ87777da60a18','0001ZZZZ458f41edf229','23375c27-0c5a-4405-91eb-dca16fe2a3b3','approvedate','1','#111111',null,'~',34,null, null,null,null,null,null,'N',0,null,'N','N','N',null,'N','N','N','datetimepicker',null,28,NULL,'','approvedate',null,'~',14,'664ad0b9-eb2f-438c-bc49-9399d1a0c679','/common-ref/','-99',null,'N','app_91H10550_00023',null,null,'2020-05-20 15:57:12',null,'Y',null);
            go
            insert into pub_form_property(pk_form_property,areaid,classid,code,colnum,color,creationtime,creator,datatype,dataval,defaultvalue,defaultvar,define1,define2,define3,disabled,dr,editformula,hyperlinkflag,iscode,isdefined,ismultiselectedenabled,isnextrow,isrevise,istotal,itemtype,label,maxlength,metadataproperty,metaid,metapath,modifiedtime,modifier,position,proid,refcode,refname,relatemeta,required,resid,showformula,textrows,ts,validateformula,visible,width)
            values('0001ZZZZ0a94666ef023','0001ZZZZ0ec3525dc269','23375c27-0c5a-4405-91eb-dca16fe2a3b3','approvestatus','1','#111111',null,'~',203,'自由=-1,审批未通过=0,审批通过=1,审批进行中=2,提交=3', null,null,null,null,null,'N',0,null,'N','N','N',null,'N','N','N','select',null,28,NULL,'','approvestatus',null,'~',33,'67812f61-d7fd-4508-a2d4-23028bfbfa0e','/common-ref/','-99',null,'N','app_91H10550_00024',null,null,'2020-05-20 15:57:12',null,'Y',null);
            go
            insert into pub_form_property(pk_form_property,areaid,classid,code,colnum,color,creationtime,creator,datatype,dataval,defaultvalue,defaultvar,define1,define2,define3,disabled,dr,editformula,hyperlinkflag,iscode,isdefined,ismultiselectedenabled,isnextrow,isrevise,istotal,itemtype,label,maxlength,metadataproperty,metaid,metapath,modifiedtime,modifier,position,proid,refcode,refname,relatemeta,required,resid,showformula,textrows,ts,validateformula,visible,width)
            values('0001ZZZZ0a94666ef037','0001ZZZZ0ec3525dc269','23375c27-0c5a-4405-91eb-dca16fe2a3b3','pk_org','1','#111111',null,'~',204,'' , null,null,null,null,null,'N',0,null,'N','N','N',null,'N','N','N','refer',null,28,'uap.org.name','','pk_org',null,'~',16,'f5b0ddeb-0ca7-4c4d-bb01-6d4ba6491010','uapbd/refer/org/BusinessUnitAndDeptTreeRef/index','业务单元及部门',null,'N','app_91H10550_00038',null,null,'2020-05-20 15:57:12',null,'Y',null);
            go
            insert into pub_form_property(pk_form_property,areaid,classid,code,colnum,color,creationtime,creator,datatype,dataval,defaultvalue,defaultvar,define1,define2,define3,disabled,dr,editformula,hyperlinkflag,iscode,isdefined,ismultiselectedenabled,isnextrow,isrevise,istotal,itemtype,label,maxlength,metadataproperty,metaid,metapath,modifiedtime,modifier,position,proid,refcode,refname,relatemeta,required,resid,showformula,textrows,ts,validateformula,visible,width)
            values('0001ZZZZ0a94666ef038','0001ZZZZ0ec3525dc269','23375c27-0c5a-4405-91eb-dca16fe2a3b3','pk_org_v','1','#111111',null,'~',204,'' , null,null,null,null,null,'N',0,null,'N','N','N',null,'N','N','N','refer',null,28,'uap.org_v.name','','pk_org_v',null,'~',17,'7868ff33-a231-4490-ac69-380d5afd7212','uapbd/refer/orgv/BusinessUnitVersionDefaultAllTreeRef/index','业务单元版本(所有)',null,'N','app_91H10550_00039',null,null,'2020-05-20 15:57:12',null,'N',null);
            go
            insert into pub_form_property(pk_form_property,areaid,classid,code,colnum,color,creationtime,creator,datatype,dataval,defaultvalue,defaultvar,define1,define2,define3,disabled,dr,editformula,hyperlinkflag,iscode,isdefined,ismultiselectedenabled,isnextrow,isrevise,istotal,itemtype,label,maxlength,metadataproperty,metaid,metapath,modifiedtime,modifier,position,proid,refcode,refname,relatemeta,required,resid,showformula,textrows,ts,validateformula,visible,width)
            values('0001ZZZZ0a94666ef089','0001ZZZZ0ec3525dc269','23375c27-0c5a-4405-91eb-dca16fe2a3b3','planname','1','#111111',null,'~',1,null, null,null,null,null,null,'N',0,null,'N','N','N',null,'N','N','N','input',null,28,NULL,'','planname',null,'~',3,'9bca0cdf-61df-4735-a8c5-2e23351c7678','/common-ref/','-99',null,'N','app_91H10550_00090',null,null,'2020-05-20 15:57:12',null,'Y',null);
            go
            insert into pub_form_property(pk_form_property,areaid,classid,code,colnum,color,creationtime,creator,datatype,dataval,defaultvalue,defaultvar,define1,define2,define3,disabled,dr,editformula,hyperlinkflag,iscode,isdefined,ismultiselectedenabled,isnextrow,isrevise,istotal,itemtype,label,maxlength,metadataproperty,metaid,metapath,modifiedtime,modifier,position,proid,refcode,refname,relatemeta,required,resid,showformula,textrows,ts,validateformula,visible,width)
            values('0001ZZZZ0a94666ef090','0001ZZZZ0ec3525dc269','23375c27-0c5a-4405-91eb-dca16fe2a3b3','planduration','1','#111111',null,'~',1,null, null,null,null,null,null,'N',0,null,'N','N','N',null,'N','N','N','input',null,28,NULL,'','planduration',null,'~',8,'8511759e-fe2a-41e1-bc6b-546318106853','/common-ref/','-99',null,'N','app_91H10550_00091',null,null,'2020-05-20 15:57:12',null,'Y',null);
            go
            insert into pub_form_property(pk_form_property,areaid,classid,code,colnum,color,creationtime,creator,datatype,dataval,defaultvalue,defaultvar,define1,define2,define3,disabled,dr,editformula,hyperlinkflag,iscode,isdefined,ismultiselectedenabled,isnextrow,isrevise,istotal,itemtype,label,maxlength,metadataproperty,metaid,metapath,modifiedtime,modifier,position,proid,refcode,refname,relatemeta,required,resid,showformula,textrows,ts,validateformula,visible,width)
            values('0001ZZZZ0a94666ef091','0001ZZZZ0ec3525dc269','23375c27-0c5a-4405-91eb-dca16fe2a3b3','projectstartdate','1','#111111',null,'~',33,null, null,null,null,null,null,'N',0,null,'N','N','N',null,'N','N','N','datepicker',null,28,NULL,'','projectstartdate',null,'~',6,'63eef086-1049-4faf-9433-c6e348e279dc','/common-ref/','-99',null,'N','app_91H10550_00092',null,null,'2020-05-20 15:57:12',null,'Y',null);
            go
            insert into pub_form_property(pk_form_property,areaid,classid,code,colnum,color,creationtime,creator,datatype,dataval,defaultvalue,defaultvar,define1,define2,define3,disabled,dr,editformula,hyperlinkflag,iscode,isdefined,ismultiselectedenabled,isnextrow,isrevise,istotal,itemtype,label,maxlength,metadataproperty,metaid,metapath,modifiedtime,modifier,position,proid,refcode,refname,relatemeta,required,resid,showformula,textrows,ts,validateformula,visible,width)
            values('0001ZZZZ0a94666ef092','0001ZZZZ0ec3525dc269','23375c27-0c5a-4405-91eb-dca16fe2a3b3','projectdeaddate','1','#111111',null,'~',33,null, null,null,null,null,null,'N',0,null,'N','N','N',null,'N','N','N','datepicker',null,28,NULL,'','projectdeaddate',null,'~',7,'153aa570-dc7c-49f1-9921-d2f96c371148','/common-ref/','-99',null,'N','app_91H10550_00093',null,null,'2020-05-20 15:57:12',null,'Y',null);
            go
            insert into pub_form_property(pk_form_property,areaid,classid,code,colnum,color,creationtime,creator,datatype,dataval,defaultvalue,defaultvar,define1,define2,define3,disabled,dr,editformula,hyperlinkflag,iscode,isdefined,ismultiselectedenabled,isnextrow,isrevise,istotal,itemtype,label,maxlength,metadataproperty,metaid,metapath,modifiedtime,modifier,position,proid,refcode,refname,relatemeta,required,resid,showformula,textrows,ts,validateformula,visible,width)
            values('0001ZZZZ0a94666ef093','0001ZZZZ0ec3525dc269','23375c27-0c5a-4405-91eb-dca16fe2a3b3','dutyperson','1','#111111',null,'~',204,'' , null,null,null,null,null,'N',0,null,'N','N','N',null,'N','N','N','refer',null,28,NULL,'','dutyperson',null,'~',12,'9afee944-a3de-4ec9-8cd7-71c97f921c41','uapbd/refer/psninfo/PsndocRiartTreeGridRef/index','人员',null,'N','app_91H10550_00094',null,null,'2020-05-20 15:57:12',null,'Y',null);
            go
            insert into pub_form_property(pk_form_property,areaid,classid,code,colnum,color,creationtime,creator,datatype,dataval,defaultvalue,defaultvar,define1,define2,define3,disabled,dr,editformula,hyperlinkflag,iscode,isdefined,ismultiselectedenabled,isnextrow,isrevise,istotal,itemtype,label,maxlength,metadataproperty,metaid,metapath,modifiedtime,modifier,position,proid,refcode,refname,relatemeta,required,resid,showformula,textrows,ts,validateformula,visible,width)
            values('0001ZZZZ0a94666ef094','0001ZZZZ0ec3525dc269','23375c27-0c5a-4405-91eb-dca16fe2a3b3','dutydept','1','#111111',null,'~',204,'' , null,null,null,null,null,'N',0,null,'N','N','N',null,'N','N','N','refer',null,28,'uap.dept.name','','dutydept',null,'~',13,'c492fdd2-195e-4e96-ac97-c88e46692926','uapbd/refer/org/DeptTreeRef/index','部门',null,'N','app_91H10550_00095',null,null,'2020-05-20 15:57:12',null,'Y',null);
            go
            insert into pub_form_property(pk_form_property,areaid,classid,code,colnum,color,creationtime,creator,datatype,dataval,defaultvalue,defaultvar,define1,define2,define3,disabled,dr,editformula,hyperlinkflag,iscode,isdefined,ismultiselectedenabled,isnextrow,isrevise,istotal,itemtype,label,maxlength,metadataproperty,metaid,metapath,modifiedtime,modifier,position,proid,refcode,refname,relatemeta,required,resid,showformula,textrows,ts,validateformula,visible,width)
            values('0001ZZZZ0a94666ef095','0001ZZZZ0ec3525dc269','23375c27-0c5a-4405-91eb-dca16fe2a3b3','milepost','1','#111111',null,'~',1,null, null,null,null,null,null,'N',0,null,'N','N','N',null,'N','N','N','input',null,28,NULL,'','milepost',null,'~',11,'ef69f326-d7d7-482f-ad4c-60d3b75b68a4','/common-ref/','-99',null,'N','app_91H10550_00096',null,null,'2020-05-20 15:57:12',null,'Y',null);
            go
            insert into pub_form_property(pk_form_property,areaid,classid,code,colnum,color,creationtime,creator,datatype,dataval,defaultvalue,defaultvar,define1,define2,define3,disabled,dr,editformula,hyperlinkflag,iscode,isdefined,ismultiselectedenabled,isnextrow,isrevise,istotal,itemtype,label,maxlength,metadataproperty,metaid,metapath,modifiedtime,modifier,position,proid,refcode,refname,relatemeta,required,resid,showformula,textrows,ts,validateformula,visible,width)
            values('0001ZZZZ0a94666ef096','0001ZZZZ0ec3525dc269','23375c27-0c5a-4405-91eb-dca16fe2a3b3','pk_group','1','#111111',null,'~',204,'' , null,null,null,null,null,'N',0,null,'N','N','N',null,'N','N','N','refer',null,28,'uap.group.name','','pk_group',null,'~',15,'d770d192-4e30-433c-a00b-ac3431e7cf05','uap/refer/riart/groupTreeRef/index','集团',null,'N','app_91H10550_00097',null,null,'2020-05-20 15:57:12',null,'Y',null);
            go
            insert into pub_form_property(pk_form_property,areaid,classid,code,colnum,color,creationtime,creator,datatype,dataval,defaultvalue,defaultvar,define1,define2,define3,disabled,dr,editformula,hyperlinkflag,iscode,isdefined,ismultiselectedenabled,isnextrow,isrevise,istotal,itemtype,label,maxlength,metadataproperty,metaid,metapath,modifiedtime,modifier,position,proid,refcode,refname,relatemeta,required,resid,showformula,textrows,ts,validateformula,visible,width)
            values('0001ZZZZ0a94666ef097','0001ZZZZ0ec3525dc269','23375c27-0c5a-4405-91eb-dca16fe2a3b3','projectname','1','#111111',null,'~',1,null, null,null,null,null,null,'N',0,null,'N','N','N',null,'N','N','N','input',null,28,NULL,'','projectname',null,'~',2,'5a7749d2-8269-419b-b42e-919bbbb23319','/common-ref/','-99',null,'N','app_91H10550_00098',null,null,'2020-05-20 15:57:12',null,'Y',null);
            go



















            insert into pub_form_property(pk_form_property,areaid,classid,code,colnum,color,creationtime,creator,datatype,dataval,defaultvalue,defaultvar,define1,define2,define3,disabled,dr,editformula,hyperlinkflag,iscode,isdefined,ismultiselectedenabled,isnextrow,isrevise,istotal,itemtype,label,maxlength,metadataproperty,metaid,metapath,modifiedtime,modifier,position,proid,refcode,refname,relatemeta,required,resid,showformula,textrows,ts,validateformula,visible,width)
            values('0001ZZZZ771ec488a001','0001ZZZZ54be6ea834d7','23375c27-0c5a-4405-91eb-dca16fe2a3b3','pk_busitype','1','#111111',null,'~',204,null, null,null,null,null,null,'N',0,null,'N','N','N',null,'N','N','N','refer',null,28,'uap.BusitypeVO.businame','','pk_busitype',null,'~',21,'d64fb7ce-16ad-45bf-90b2-2fcde1d0b277','uap/refer/riart/busitype/index','业务流程',null,'N',null,null,null,'2020-05-20 15:57:12',null,'Y',null);
            go
            insert into pub_form_property(pk_form_property,areaid,classid,code,colnum,color,creationtime,creator,datatype,dataval,defaultvalue,defaultvar,define1,define2,define3,disabled,dr,editformula,hyperlinkflag,iscode,isdefined,ismultiselectedenabled,isnextrow,isrevise,istotal,itemtype,label,maxlength,metadataproperty,metaid,metapath,modifiedtime,modifier,position,proid,refcode,refname,relatemeta,required,resid,showformula,textrows,ts,validateformula,visible,width)
            values('0001ZZZZ771ec488a002','0001ZZZZ54be6ea834d7','23375c27-0c5a-4405-91eb-dca16fe2a3b3','pk_transtype','1','#111111',null,'~',204,null, null,null,null,null,null,'N',0,null,'N','N','N',null,'N','N','N','refer',null,28,'uap.BilltypeVO.billtypename','','pk_transtype',null,'~',25,'d992331b-8a70-4f2e-b020-b7661c735725','uap/refer/riart/transtype/index','影响因素交 易类型',null,'N',null,null,null,'2020-05-20 15:57:12',null,'Y',null);
            go
            insert into pub_form_property(pk_form_property,areaid,classid,code,colnum,color,creationtime,creator,datatype,dataval,defaultvalue,defaultvar,define1,define2,define3,disabled,dr,editformula,hyperlinkflag,iscode,isdefined,ismultiselectedenabled,isnextrow,isrevise,istotal,itemtype,label,maxlength,metadataproperty,metaid,metapath,modifiedtime,modifier,position,proid,refcode,refname,relatemeta,required,resid,showformula,textrows,ts,validateformula,visible,width)
            values('0001ZZZZ771ec488a003','0001ZZZZ54be6ea834d7','23375c27-0c5a-4405-91eb-dca16fe2a3b3','transtypecode','1','#111111',null,'~',1,null, null,null,null,null,null,'N',0,null,'N','N','N',null,'N','N','N','input',null,28,NULL,'','transtypecode',null,'~',24,'9544194c-0613-4f33-be0d-7b09667a86ef','/common-ref/','-99',null,'N',null,null,null,'2020-05-20 15:57:12',null,'Y',null);
            go
            insert into pub_form_property(pk_form_property,areaid,classid,code,colnum,color,creationtime,creator,datatype,dataval,defaultvalue,defaultvar,define1,define2,define3,disabled,dr,editformula,hyperlinkflag,iscode,isdefined,ismultiselectedenabled,isnextrow,isrevise,istotal,itemtype,label,maxlength,metadataproperty,metaid,metapath,modifiedtime,modifier,position,proid,refcode,refname,relatemeta,required,resid,showformula,textrows,ts,validateformula,visible,width)
            values('0001ZZZZ771ec488a004','0001ZZZZ54be6ea834d7','23375c27-0c5a-4405-91eb-dca16fe2a3b3','missionname','1','#111111',null,'~',1,null, null,null,null,null,null,'N',0,null,'N','N','N',null,'N','N','N','input',null,28,NULL,'','missionname',null,'~',5,'4d73c03b-ac1c-46d7-9b83-382498ddce4b','/common-ref/','-99',null,'N',null,null,null,'2020-05-20 15:57:12',null,'Y',null);
            go
            insert into pub_form_property(pk_form_property,areaid,classid,code,colnum,color,creationtime,creator,datatype,dataval,defaultvalue,defaultvar,define1,define2,define3,disabled,dr,editformula,hyperlinkflag,iscode,isdefined,ismultiselectedenabled,isnextrow,isrevise,istotal,itemtype,label,maxlength,metadataproperty,metaid,metapath,modifiedtime,modifier,position,proid,refcode,refname,relatemeta,required,resid,showformula,textrows,ts,validateformula,visible,width)
            values('0001ZZZZ771ec488a005','0001ZZZZ54be6ea834d7','23375c27-0c5a-4405-91eb-dca16fe2a3b3','missiondetail','1','#111111',null,'~',1,null, null,null,null,null,null,'N',0,null,'N','N','N',null,'N','N','N','input',null,28,NULL,'','missiondetail',null,'~',9,'ab760ac3-7b09-40a9-af6e-993f532071e1','/common-ref/','-99',null,'N',null,null,null,'2020-05-20 15:57:12',null,'Y',null);
            go
            insert into pub_form_property(pk_form_property,areaid,classid,code,colnum,color,creationtime,creator,datatype,dataval,defaultvalue,defaultvar,define1,define2,define3,disabled,dr,editformula,hyperlinkflag,iscode,isdefined,ismultiselectedenabled,isnextrow,isrevise,istotal,itemtype,label,maxlength,metadataproperty,metaid,metapath,modifiedtime,modifier,position,proid,refcode,refname,relatemeta,required,resid,showformula,textrows,ts,validateformula,visible,width)
            values('0001ZZZZ771ec488a006','0001ZZZZ54be6ea834d7','23375c27-0c5a-4405-91eb-dca16fe2a3b3','missioncode','1','#111111',null,'~',1,null, null,null,null,null,null,'N',0,null,'N','N','N',null,'N','N','N','input',null,28,NULL,'','missioncode',null,'~',4,'c63eadc4-4437-4e3c-a6a6-9af1c7e94ded','/common-ref/','-99',null,'N',null,null,null,'2020-05-20 15:57:12',null,'Y',null);
            go
            insert into pub_form_property(pk_form_property,areaid,classid,code,colnum,color,creationtime,creator,datatype,dataval,defaultvalue,defaultvar,define1,define2,define3,disabled,dr,editformula,hyperlinkflag,iscode,isdefined,ismultiselectedenabled,isnextrow,isrevise,istotal,itemtype,label,maxlength,metadataproperty,metaid,metapath,modifiedtime,modifier,position,proid,refcode,refname,relatemeta,required,resid,showformula,textrows,ts,validateformula,visible,width)
            values('0001ZZZZ01f0bc696c29','0001ZZZZ0ba8a7a9e15a','23375c27-0c5a-4405-91eb-dca16fe2a3b3','modifier','1','#111111',null,'~',204,null, null,null,null,null,null,'N',0,null,'N','N','N',null,'N','N','N','refer',null,28,'uap.user.user_name','','modifier',null,'~',30,'7e87d7fa-7aa2-4cac-a5db-b736ad2f9093','uap/refer/riart/userDefaultRefer/index','用户',null,'N',null,null,null,'2020-05-20 15:57:12',null,'Y',null);
            go
            insert into pub_form_property(pk_form_property,areaid,classid,code,colnum,color,creationtime,creator,datatype,dataval,defaultvalue,defaultvar,define1,define2,define3,disabled,dr,editformula,hyperlinkflag,iscode,isdefined,ismultiselectedenabled,isnextrow,isrevise,istotal,itemtype,label,maxlength,metadataproperty,metaid,metapath,modifiedtime,modifier,position,proid,refcode,refname,relatemeta,required,resid,showformula,textrows,ts,validateformula,visible,width)
            values('0001ZZZZaae9dfa1220a','0001ZZZZ0ba8a7a9e15a','23375c27-0c5a-4405-91eb-dca16fe2a3b3','modifiedtime','1','#111111',null,'~',34,null, null,null,null,null,null,'N',0,null,'N','N','N',null,'N','N','N','datetimepicker',null,28,NULL,'','modifiedtime',null,'~',31,'52dfdc8f-87a8-4cd3-bad2-a6893464cb4f','/common-ref/','-99',null,'N',null,null,null,'2020-05-20 15:57:12',null,'Y',null);
            go
            insert into pub_form_property(pk_form_property,areaid,classid,code,colnum,color,creationtime,creator,datatype,dataval,defaultvalue,defaultvar,define1,define2,define3,disabled,dr,editformula,hyperlinkflag,iscode,isdefined,ismultiselectedenabled,isnextrow,isrevise,istotal,itemtype,label,maxlength,metadataproperty,metaid,metapath,modifiedtime,modifier,position,proid,refcode,refname,relatemeta,required,resid,showformula,textrows,ts,validateformula,visible,width)
            values('0001ZZZZ4326d5057ea9','0001ZZZZ0ba8a7a9e15a','23375c27-0c5a-4405-91eb-dca16fe2a3b3','creator','1','#111111',null,'~',204,null, null,null,null,null,null,'N',0,null,'N','N','N',null,'N','N','N','refer',null,28,'uap.user.user_name','','creator',null,'~',28,'23157d5d-7476-4bfd-ad66-b7d9607652f9','uap/refer/riart/userDefaultRefer/index','用户',null,'N',null,null,null,'2020-05-20 15:57:12',null,'Y',null);
            go
            insert into pub_form_property(pk_form_property,areaid,classid,code,colnum,color,creationtime,creator,datatype,dataval,defaultvalue,defaultvar,define1,define2,define3,disabled,dr,editformula,hyperlinkflag,iscode,isdefined,ismultiselectedenabled,isnextrow,isrevise,istotal,itemtype,label,maxlength,metadataproperty,metaid,metapath,modifiedtime,modifier,position,proid,refcode,refname,relatemeta,required,resid,showformula,textrows,ts,validateformula,visible,width)
            values('0001ZZZZ9a005d1d4347','0001ZZZZ0ba8a7a9e15a','23375c27-0c5a-4405-91eb-dca16fe2a3b3','creationtime','1','#111111',null,'~',34,null, null,null,null,null,null,'N',0,null,'N','N','N',null,'N','N','N','datetimepicker',null,28,NULL,'','creationtime',null,'~',29,'be25e605-35c4-4afa-b1ac-5fabd1f31e35','/common-ref/','-99',null,'N',null,null,null,'2020-05-20 15:57:12',null,'Y',null);
            go
            insert into pub_form_property(pk_form_property,areaid,classid,code,colnum,color,creationtime,creator,datatype,dataval,defaultvalue,defaultvar,define1,define2,define3,disabled,dr,editformula,hyperlinkflag,iscode,isdefined,ismultiselectedenabled,isnextrow,isrevise,istotal,itemtype,label,maxlength,metadataproperty,metaid,metapath,modifiedtime,modifier,position,proid,refcode,refname,relatemeta,required,resid,showformula,textrows,ts,validateformula,visible,width)
            values('0001ZZZZ771ec488a011','0001ZZZZ54be6ea834d7','23375c27-0c5a-4405-91eb-dca16fe2a3b3','billmaker','1','#111111',null,'~',204,null, null,null,null,null,null,'N',0,null,'N','N','N',null,'N','N','N','refer',null,28,'uap.user.user_name','','billmaker',null,'~',26,'b163d61f-fffc-4cf5-9edd-0e4c64665037','uap/refer/riart/userDefaultRefer/index','用户',null,'N',null,null,null,'2020-05-20 15:57:12',null,'Y',null);
            go
            insert into pub_form_property(pk_form_property,areaid,classid,code,colnum,color,creationtime,creator,datatype,dataval,defaultvalue,defaultvar,define1,define2,define3,disabled,dr,editformula,hyperlinkflag,iscode,isdefined,ismultiselectedenabled,isnextrow,isrevise,istotal,itemtype,label,maxlength,metadataproperty,metaid,metapath,modifiedtime,modifier,position,proid,refcode,refname,relatemeta,required,resid,showformula,textrows,ts,validateformula,visible,width)
            values('0001ZZZZ771ec488a012','0001ZZZZ54be6ea834d7','23375c27-0c5a-4405-91eb-dca16fe2a3b3','maketime','1','#111111',null,'~',33,null, null,null,null,null,null,'N',0,null,'N','N','N',null,'N','N','N','datepicker',null,28,NULL,'','maketime',null,'~',27,'71a55ae6-9937-4955-9041-d58f3df21d74','/common-ref/','-99',null,'N',null,null,null,'2020-05-20 15:57:12',null,'Y',null);
            go
            insert into pub_form_property(pk_form_property,areaid,classid,code,colnum,color,creationtime,creator,datatype,dataval,defaultvalue,defaultvar,define1,define2,define3,disabled,dr,editformula,hyperlinkflag,iscode,isdefined,ismultiselectedenabled,isnextrow,isrevise,istotal,itemtype,label,maxlength,metadataproperty,metaid,metapath,modifiedtime,modifier,position,proid,refcode,refname,relatemeta,required,resid,showformula,textrows,ts,validateformula,visible,width)
            values('0001ZZZZ771ec488a013','0001ZZZZ54be6ea834d7','23375c27-0c5a-4405-91eb-dca16fe2a3b3','advanceplan','1','#111111',null,'~',1,null, null,null,null,null,null,'N',0,null,'N','N','N',null,'N','N','N','input',null,28,NULL,'','advanceplan',null,'~',10,'1e971021-d877-4f8a-96fa-ecfc6c7f9ded','/common-ref/','-99',null,'N',null,null,null,'2020-05-20 15:57:12',null,'Y',null);
            go
            insert into pub_form_property(pk_form_property,areaid,classid,code,colnum,color,creationtime,creator,datatype,dataval,defaultvalue,defaultvar,define1,define2,define3,disabled,dr,editformula,hyperlinkflag,iscode,isdefined,ismultiselectedenabled,isnextrow,isrevise,istotal,itemtype,label,maxlength,metadataproperty,metaid,metapath,modifiedtime,modifier,position,proid,refcode,refname,relatemeta,required,resid,showformula,textrows,ts,validateformula,visible,width)
            values('0001ZZZZ771ec488a014','0001ZZZZ54be6ea834d7','23375c27-0c5a-4405-91eb-dca16fe2a3b3','billno','1','#111111',null,'~',1,null, null,null,null,null,null,'Y',0,null,'N','N','N',null,'N','N','N','input',null,28,NULL,'','billno',null,'~',20,'1842792f-8a80-4508-a19a-4e2eabff6c04','/common-ref/','-99',null,'N',null,null,null,'2020-05-20 15:57:12',null,'Y',null);
            go
            insert into pub_form_property(pk_form_property,areaid,classid,code,colnum,color,creationtime,creator,datatype,dataval,defaultvalue,defaultvar,define1,define2,define3,disabled,dr,editformula,hyperlinkflag,iscode,isdefined,ismultiselectedenabled,isnextrow,isrevise,istotal,itemtype,label,maxlength,metadataproperty,metaid,metapath,modifiedtime,modifier,position,proid,refcode,refname,relatemeta,required,resid,showformula,textrows,ts,validateformula,visible,width)
            values('0001ZZZZ771ec488a015','0001ZZZZ54be6ea834d7','23375c27-0c5a-4405-91eb-dca16fe2a3b3','dbilldate','1','#111111',null,'~',33,null, null,null,null,null,null,'N',0,null,'N','N','N',null,'N','N','N','datepicker',null,28,NULL,'','dbilldate',null,'~',18,'03b783c7-8b73-459b-afb3-8c7b257c23bb','/common-ref/','-99',null,'N',null,null,null,'2020-05-20 15:57:12',null,'Y',null);
            go
            insert into pub_form_property(pk_form_property,areaid,classid,code,colnum,color,creationtime,creator,datatype,dataval,defaultvalue,defaultvar,define1,define2,define3,disabled,dr,editformula,hyperlinkflag,iscode,isdefined,ismultiselectedenabled,isnextrow,isrevise,istotal,itemtype,label,maxlength,metadataproperty,metaid,metapath,modifiedtime,modifier,position,proid,refcode,refname,relatemeta,required,resid,showformula,textrows,ts,validateformula,visible,width)
            values('0001ZZZZ771ec488a016','0001ZZZZ54be6ea834d7','23375c27-0c5a-4405-91eb-dca16fe2a3b3','billstatus','1','#111111',null,'~',203,'自由=-1,审批未通过=0,审批通过=1,审批进行中=2,提交=3','-1',null,null,null,null,'Y',0,null,'N','N','N',null,'N','N','N','select',null,28,NULL,'','billstatus',null,'~',19,'ab14847a-1aa9-4ac2-a260-7b127aeb959d','/common-ref/','-99',null,'N',null,null,null,'2020-05-20 15:57:12',null,'Y',null);
            go
            insert into pub_form_property(pk_form_property,areaid,classid,code,colnum,color,creationtime,creator,datatype,dataval,defaultvalue,defaultvar,define1,define2,define3,disabled,dr,editformula,hyperlinkflag,iscode,isdefined,ismultiselectedenabled,isnextrow,isrevise,istotal,itemtype,label,maxlength,metadataproperty,metaid,metapath,modifiedtime,modifier,position,proid,refcode,refname,relatemeta,required,resid,showformula,textrows,ts,validateformula,visible,width)
            values('0001ZZZZ771ec488a017','0001ZZZZ54be6ea834d7','23375c27-0c5a-4405-91eb-dca16fe2a3b3','pk_billtypeid','1','#111111',null,'~',204,null, null,null,null,null,null,'N',0,null,'N','N','N',null,'N','N','N','refer',null,28,'uap.BilltypeVO.billtypename','','pk_billtypeid',null,'~',22,'a24dc73f-dc51-4edb-b584-463a9e949fd7','uap/refer/riart/billtype/index','影响因素单据类型',null,'N',null,null,null,'2020-05-20 15:57:12',null,'Y',null);
            go
            insert into pub_form_property(pk_form_property,areaid,classid,code,colnum,color,creationtime,creator,datatype,dataval,defaultvalue,defaultvar,define1,define2,define3,disabled,dr,editformula,hyperlinkflag,iscode,isdefined,ismultiselectedenabled,isnextrow,isrevise,istotal,itemtype,label,maxlength,metadataproperty,metaid,metapath,modifiedtime,modifier,position,proid,refcode,refname,relatemeta,required,resid,showformula,textrows,ts,validateformula,visible,width)
            values('0001ZZZZ771ec488a018','0001ZZZZ54be6ea834d7','23375c27-0c5a-4405-91eb-dca16fe2a3b3','billtype','1','#111111',null,'~',1,null, null,null,null,null,null,'N',0,null,'N','N','N',null,'N','N','N','input',null,28,NULL,'','billtype',null,'~',23,'c6fd3a7c-4523-4c13-b822-209a3b110190','/common-ref/','-99',null,'N',null,null,null,'2020-05-20 15:57:12',null,'Y',null);
            go
            insert into pub_form_property(pk_form_property,areaid,classid,code,colnum,color,creationtime,creator,datatype,dataval,defaultvalue,defaultvar,define1,define2,define3,disabled,dr,editformula,hyperlinkflag,iscode,isdefined,ismultiselectedenabled,isnextrow,isrevise,istotal,itemtype,label,maxlength,metadataproperty,metaid,metapath,modifiedtime,modifier,position,proid,refcode,refname,relatemeta,required,resid,showformula,textrows,ts,validateformula,visible,width)
            values('0001ZZZZ0c406c3775d8','0001ZZZZ0ba8a7a9e15a','23375c27-0c5a-4405-91eb-dca16fe2a3b3','approver','1','#111111',null,'~',204,null, null,null,null,null,null,'N',0,null,'N','N','N',null,'N','N','N','refer',null,28,'uap.user.user_name','','approver',null,'~',32,'a80223eb-da24-46c1-b06c-f80a5d79d47a','uap/refer/riart/userDefaultRefer/index','用户',null,'N',null,null,null,'2020-05-20 15:57:12',null,'Y',null);
            go
            insert into pub_form_property(pk_form_property,areaid,classid,code,colnum,color,creationtime,creator,datatype,dataval,defaultvalue,defaultvar,define1,define2,define3,disabled,dr,editformula,hyperlinkflag,iscode,isdefined,ismultiselectedenabled,isnextrow,isrevise,istotal,itemtype,label,maxlength,metadataproperty,metaid,metapath,modifiedtime,modifier,position,proid,refcode,refname,relatemeta,required,resid,showformula,textrows,ts,validateformula,visible,width)
            values('0001ZZZZ4e12358fbcea','0001ZZZZ0ba8a7a9e15a','23375c27-0c5a-4405-91eb-dca16fe2a3b3','approvedate','1','#111111',null,'~',34,null, null,null,null,null,null,'N',0,null,'N','N','N',null,'N','N','N','datetimepicker',null,28,NULL,'','approvedate',null,'~',14,'28294e48-1fac-42ce-9851-642da906e9ed','/common-ref/','-99',null,'N',null,null,null,'2020-05-20 15:57:12',null,'Y',null);
            go
            insert into pub_form_property(pk_form_property,areaid,classid,code,colnum,color,creationtime,creator,datatype,dataval,defaultvalue,defaultvar,define1,define2,define3,disabled,dr,editformula,hyperlinkflag,iscode,isdefined,ismultiselectedenabled,isnextrow,isrevise,istotal,itemtype,label,maxlength,metadataproperty,metaid,metapath,modifiedtime,modifier,position,proid,refcode,refname,relatemeta,required,resid,showformula,textrows,ts,validateformula,visible,width)
            values('0001ZZZZ771ec488a023','0001ZZZZ54be6ea834d7','23375c27-0c5a-4405-91eb-dca16fe2a3b3','approvestatus','1','#111111',null,'~',203,'自由=-1,审批未通过=0,审批通过=1,审批进行中=2,提交=3', null,null,null,null,null,'N',0,null,'N','N','N',null,'N','N','N','select',null,28,NULL,'','approvestatus',null,'~',33,'6b0050a8-c43f-4227-b037-f915b492a5a6','/common-ref/','-99',null,'N',null,null,null,'2020-05-20 15:57:12',null,'Y',null);
            go
            insert into pub_form_property(pk_form_property,areaid,classid,code,colnum,color,creationtime,creator,datatype,dataval,defaultvalue,defaultvar,define1,define2,define3,disabled,dr,editformula,hyperlinkflag,iscode,isdefined,ismultiselectedenabled,isnextrow,isrevise,istotal,itemtype,label,maxlength,metadataproperty,metaid,metapath,modifiedtime,modifier,position,proid,refcode,refname,relatemeta,required,resid,showformula,textrows,ts,validateformula,visible,width)
            values('0001ZZZZ771ec488a037','0001ZZZZ54be6ea834d7','23375c27-0c5a-4405-91eb-dca16fe2a3b3','pk_org','1','#111111',null,'~',204,null, null,null,null,null,null,'N',0,null,'N','N','N',null,'N','N','N','refer',null,28,'uap.org.name','','pk_org',null,'~',16,'4e03155d-4564-4946-ba4e-e056b1425b61','uapbd/refer/org/BusinessUnitAndDeptTreeRef/index','业务单元及部门',null,'N',null,null,null,'2020-05-20 15:57:12',null,'Y',null);
            go
            insert into pub_form_property(pk_form_property,areaid,classid,code,colnum,color,creationtime,creator,datatype,dataval,defaultvalue,defaultvar,define1,define2,define3,disabled,dr,editformula,hyperlinkflag,iscode,isdefined,ismultiselectedenabled,isnextrow,isrevise,istotal,itemtype,label,maxlength,metadataproperty,metaid,metapath,modifiedtime,modifier,position,proid,refcode,refname,relatemeta,required,resid,showformula,textrows,ts,validateformula,visible,width)
            values('0001ZZZZ771ec488a038','0001ZZZZ54be6ea834d7','23375c27-0c5a-4405-91eb-dca16fe2a3b3','pk_org_v','1','#111111',null,'~',204,null, null,null,null,null,null,'N',0,null,'N','N','N',null,'N','N','N','refer',null,28,'uap.org_v.name','','pk_org_v',null,'~',17,'d6763a84-dbc9-4431-9fa9-960b4d33ed61','uapbd/refer/orgv/BusinessUnitVersionDefaultAllTreeRef/index','业务单元版本(所有)',null,'N',null,null,null,'2020-05-20 15:57:12',null,'N',null);
            go
            insert into pub_form_property(pk_form_property,areaid,classid,code,colnum,color,creationtime,creator,datatype,dataval,defaultvalue,defaultvar,define1,define2,define3,disabled,dr,editformula,hyperlinkflag,iscode,isdefined,ismultiselectedenabled,isnextrow,isrevise,istotal,itemtype,label,maxlength,metadataproperty,metaid,metapath,modifiedtime,modifier,position,proid,refcode,refname,relatemeta,required,resid,showformula,textrows,ts,validateformula,visible,width)
            values('0001ZZZZ771ec488a089','0001ZZZZ54be6ea834d7','23375c27-0c5a-4405-91eb-dca16fe2a3b3','planname','1','#111111',null,'~',1,null, null,null,null,null,null,'N',0,null,'N','N','N',null,'N','N','N','input',null,28,NULL,'','planname',null,'~',3,'9e8fa444-f090-4192-b462-d174960351bd','/common-ref/','-99',null,'N',null,null,null,'2020-05-20 15:57:12',null,'Y',null);
            go
            insert into pub_form_property(pk_form_property,areaid,classid,code,colnum,color,creationtime,creator,datatype,dataval,defaultvalue,defaultvar,define1,define2,define3,disabled,dr,editformula,hyperlinkflag,iscode,isdefined,ismultiselectedenabled,isnextrow,isrevise,istotal,itemtype,label,maxlength,metadataproperty,metaid,metapath,modifiedtime,modifier,position,proid,refcode,refname,relatemeta,required,resid,showformula,textrows,ts,validateformula,visible,width)
            values('0001ZZZZ771ec488a090','0001ZZZZ54be6ea834d7','23375c27-0c5a-4405-91eb-dca16fe2a3b3','planduration','1','#111111',null,'~',1,null, null,null,null,null,null,'N',0,null,'N','N','N',null,'N','N','N','input',null,28,NULL,'','planduration',null,'~',8,'b4baaf3c-168d-4e1e-a863-8036c8cf530a','/common-ref/','-99',null,'N',null,null,null,'2020-05-20 15:57:12',null,'Y',null);
            go
            insert into pub_form_property(pk_form_property,areaid,classid,code,colnum,color,creationtime,creator,datatype,dataval,defaultvalue,defaultvar,define1,define2,define3,disabled,dr,editformula,hyperlinkflag,iscode,isdefined,ismultiselectedenabled,isnextrow,isrevise,istotal,itemtype,label,maxlength,metadataproperty,metaid,metapath,modifiedtime,modifier,position,proid,refcode,refname,relatemeta,required,resid,showformula,textrows,ts,validateformula,visible,width)
            values('0001ZZZZ771ec488a091','0001ZZZZ54be6ea834d7','23375c27-0c5a-4405-91eb-dca16fe2a3b3','projectstartdate','1','#111111',null,'~',33,null, null,null,null,null,null,'N',0,null,'N','N','N',null,'N','N','N','datepicker',null,28,NULL,'','projectstartdate',null,'~',6,'26aa06da-5649-4b87-b342-ac20ca5fd4f8','/common-ref/','-99',null,'N',null,null,null,'2020-05-20 15:57:12',null,'Y',null);
            go
            insert into pub_form_property(pk_form_property,areaid,classid,code,colnum,color,creationtime,creator,datatype,dataval,defaultvalue,defaultvar,define1,define2,define3,disabled,dr,editformula,hyperlinkflag,iscode,isdefined,ismultiselectedenabled,isnextrow,isrevise,istotal,itemtype,label,maxlength,metadataproperty,metaid,metapath,modifiedtime,modifier,position,proid,refcode,refname,relatemeta,required,resid,showformula,textrows,ts,validateformula,visible,width)
            values('0001ZZZZ771ec488a092','0001ZZZZ54be6ea834d7','23375c27-0c5a-4405-91eb-dca16fe2a3b3','projectdeaddate','1','#111111',null,'~',33,null, null,null,null,null,null,'N',0,null,'N','N','N',null,'N','N','N','datepicker',null,28,NULL,'','projectdeaddate',null,'~',7,'ac0fe9f0-721a-4b23-a7da-709d5658fbf3','/common-ref/','-99',null,'N',null,null,null,'2020-05-20 15:57:12',null,'Y',null);
            go
            insert into pub_form_property(pk_form_property,areaid,classid,code,colnum,color,creationtime,creator,datatype,dataval,defaultvalue,defaultvar,define1,define2,define3,disabled,dr,editformula,hyperlinkflag,iscode,isdefined,ismultiselectedenabled,isnextrow,isrevise,istotal,itemtype,label,maxlength,metadataproperty,metaid,metapath,modifiedtime,modifier,position,proid,refcode,refname,relatemeta,required,resid,showformula,textrows,ts,validateformula,visible,width)
            values('0001ZZZZ771ec488a093','0001ZZZZ54be6ea834d7','23375c27-0c5a-4405-91eb-dca16fe2a3b3','dutyperson','1','#111111',null,'~',204,null, null,null,null,null,null,'N',0,null,'N','N','N',null,'N','N','N','refer',null,28,NULL,'','dutyperson',null,'~',12,'28abcf81-68f6-4e5b-938e-297e4ca77215','uapbd/refer/psninfo/PsndocRiartTreeGridRef/index','人员',null,'N',null,null,null,'2020-05-20 15:57:12',null,'Y',null);
            go
            insert into pub_form_property(pk_form_property,areaid,classid,code,colnum,color,creationtime,creator,datatype,dataval,defaultvalue,defaultvar,define1,define2,define3,disabled,dr,editformula,hyperlinkflag,iscode,isdefined,ismultiselectedenabled,isnextrow,isrevise,istotal,itemtype,label,maxlength,metadataproperty,metaid,metapath,modifiedtime,modifier,position,proid,refcode,refname,relatemeta,required,resid,showformula,textrows,ts,validateformula,visible,width)
            values('0001ZZZZ771ec488a094','0001ZZZZ54be6ea834d7','23375c27-0c5a-4405-91eb-dca16fe2a3b3','dutydept','1','#111111',null,'~',204,null, null,null,null,null,null,'N',0,null,'N','N','N',null,'N','N','N','refer',null,28,'uap.dept.name','','dutydept',null,'~',13,'3b84a03e-db28-47aa-9768-a59c467aa642','uapbd/refer/org/DeptTreeRef/index','部门',null,'N',null,null,null,'2020-05-20 15:57:12',null,'Y',null);
            go
            insert into pub_form_property(pk_form_property,areaid,classid,code,colnum,color,creationtime,creator,datatype,dataval,defaultvalue,defaultvar,define1,define2,define3,disabled,dr,editformula,hyperlinkflag,iscode,isdefined,ismultiselectedenabled,isnextrow,isrevise,istotal,itemtype,label,maxlength,metadataproperty,metaid,metapath,modifiedtime,modifier,position,proid,refcode,refname,relatemeta,required,resid,showformula,textrows,ts,validateformula,visible,width)
            values('0001ZZZZ771ec488a095','0001ZZZZ54be6ea834d7','23375c27-0c5a-4405-91eb-dca16fe2a3b3','milepost','1','#111111',null,'~',1,null, null,null,null,null,null,'N',0,null,'N','N','N',null,'N','N','N','input',null,28,NULL,'','milepost',null,'~',11,'fede8ecc-f9bc-491e-af88-482401bdd2e9','/common-ref/','-99',null,'N',null,null,null,'2020-05-20 15:57:12',null,'Y',null);
            go
            insert into pub_form_property(pk_form_property,areaid,classid,code,colnum,color,creationtime,creator,datatype,dataval,defaultvalue,defaultvar,define1,define2,define3,disabled,dr,editformula,hyperlinkflag,iscode,isdefined,ismultiselectedenabled,isnextrow,isrevise,istotal,itemtype,label,maxlength,metadataproperty,metaid,metapath,modifiedtime,modifier,position,proid,refcode,refname,relatemeta,required,resid,showformula,textrows,ts,validateformula,visible,width)
            values('0001ZZZZ771ec488a096','0001ZZZZ54be6ea834d7','23375c27-0c5a-4405-91eb-dca16fe2a3b3','pk_group','1','#111111',null,'~',204,null, null,null,null,null,null,'N',0,null,'N','N','N',null,'N','N','N','refer',null,28,'uap.group.name','','pk_group',null,'~',15,'4ae959e3-25c7-4083-8a2a-fc89c4667d6b','uap/refer/riart/groupTreeRef/index','集团',null,'N',null,null,null,'2020-05-20 15:57:12',null,'Y',null);
            go
            insert into pub_form_property(pk_form_property,areaid,classid,code,colnum,color,creationtime,creator,datatype,dataval,defaultvalue,defaultvar,define1,define2,define3,disabled,dr,editformula,hyperlinkflag,iscode,isdefined,ismultiselectedenabled,isnextrow,isrevise,istotal,itemtype,label,maxlength,metadataproperty,metaid,metapath,modifiedtime,modifier,position,proid,refcode,refname,relatemeta,required,resid,showformula,textrows,ts,validateformula,visible,width)
            values('0001ZZZZ771ec488a097','0001ZZZZ54be6ea834d7','23375c27-0c5a-4405-91eb-dca16fe2a3b3','projectname','1','#111111',null,'~',1,null, null,null,null,null,null,'N',0,null,'N','N','N',null,'N','N','N','input',null,28,NULL,'','projectname',null,'~',2,'7bfbdbef-0d08-45f9-9554-e142d47cef3f','/common-ref/','-99',null,'N',null,null,null,'2020-05-20 15:57:12',null,'Y',null);
            go













            insert into pub_form_property(pk_form_property,areaid,classid,code,colnum,color,creationtime,creator,datatype,dataval,defaultvalue,defaultvar,define1,define2,define3,disabled,dr,editformula,hyperlinkflag,iscode,isdefined,ismultiselectedenabled,isnextrow,isrevise,istotal,itemtype,label,maxlength,metadataproperty,metaid,metapath,modifiedtime,modifier,position,proid,refcode,refname,relatemeta,required,resid,showformula,textrows,ts,validateformula,visible,width)
            values('0001ZZZZ424b28973001','0001ZZZZf9594f0cd749','23375c27-0c5a-4405-91eb-dca16fe2a3b3','pk_busitype','1','#111111',null,'~',204,null, null,null,null,null,null,'N',0,null,'N','N','N',null,'N','N','N','refer','业务类型',28,'uap.BusitypeVO.businame','','pk_busitype',null,'~',21,'c622e6c7-7777-4677-9ec8-15f4bbf7bd48','uap/refer/riart/busitype/index','业务流程',null,'N',null,null,null,'2020-05-20 15:57:12',null,'Y',null);
            go
            insert into pub_form_property(pk_form_property,areaid,classid,code,colnum,color,creationtime,creator,datatype,dataval,defaultvalue,defaultvar,define1,define2,define3,disabled,dr,editformula,hyperlinkflag,iscode,isdefined,ismultiselectedenabled,isnextrow,isrevise,istotal,itemtype,label,maxlength,metadataproperty,metaid,metapath,modifiedtime,modifier,position,proid,refcode,refname,relatemeta,required,resid,showformula,textrows,ts,validateformula,visible,width)
            values('0001ZZZZ424b28973002','0001ZZZZf9594f0cd749','23375c27-0c5a-4405-91eb-dca16fe2a3b3','pk_transtype','1','#111111',null,'~',204,null, null,null,null,null,null,'N',0,null,'N','N','N',null,'N','N','N','refer','交易类型',28,'uap.BilltypeVO.billtypename','','pk_transtype',null,'~',25,'b6e5bdc6-60b7-4823-83b6-7605ba23af0e','uap/refer/riart/transtype/index','影响因素交 易类型',null,'N',null,null,null,'2020-05-20 15:57:12',null,'Y',null);
            go
            insert into pub_form_property(pk_form_property,areaid,classid,code,colnum,color,creationtime,creator,datatype,dataval,defaultvalue,defaultvar,define1,define2,define3,disabled,dr,editformula,hyperlinkflag,iscode,isdefined,ismultiselectedenabled,isnextrow,isrevise,istotal,itemtype,label,maxlength,metadataproperty,metaid,metapath,modifiedtime,modifier,position,proid,refcode,refname,relatemeta,required,resid,showformula,textrows,ts,validateformula,visible,width)
            values('0001ZZZZ424b28973003','0001ZZZZf9594f0cd749','23375c27-0c5a-4405-91eb-dca16fe2a3b3','transtypecode','1','#111111',null,'~',1,null, null,null,null,null,null,'N',0,null,'N','N','N',null,'N','N','N','input','交易类型编码',28,NULL,'','transtypecode',null,'~',24,'0d4bb14e-6260-4d26-8d3e-088dc98000bc','/common-ref/','-99',null,'N',null,null,null,'2020-05-20 15:57:12',null,'Y',null);
            go
            insert into pub_form_property(pk_form_property,areaid,classid,code,colnum,color,creationtime,creator,datatype,dataval,defaultvalue,defaultvar,define1,define2,define3,disabled,dr,editformula,hyperlinkflag,iscode,isdefined,ismultiselectedenabled,isnextrow,isrevise,istotal,itemtype,label,maxlength,metadataproperty,metaid,metapath,modifiedtime,modifier,position,proid,refcode,refname,relatemeta,required,resid,showformula,textrows,ts,validateformula,visible,width)
            values('0001ZZZZ424b28973004','0001ZZZZf9594f0cd749','23375c27-0c5a-4405-91eb-dca16fe2a3b3','missionname','1','#111111',null,'~',1,null, null,null,null,null,null,'N',0,null,'N','N','N',null,'N','N','N','input','任务名称',28,NULL,'','missionname',null,'~',5,'6be656d6-d6d9-46eb-bb45-529c7350c024','/common-ref/','-99',null,'N',null,null,null,'2020-05-20 15:57:12',null,'Y',null);
            go
            insert into pub_form_property(pk_form_property,areaid,classid,code,colnum,color,creationtime,creator,datatype,dataval,defaultvalue,defaultvar,define1,define2,define3,disabled,dr,editformula,hyperlinkflag,iscode,isdefined,ismultiselectedenabled,isnextrow,isrevise,istotal,itemtype,label,maxlength,metadataproperty,metaid,metapath,modifiedtime,modifier,position,proid,refcode,refname,relatemeta,required,resid,showformula,textrows,ts,validateformula,visible,width)
            values('0001ZZZZ424b28973005','0001ZZZZf9594f0cd749','23375c27-0c5a-4405-91eb-dca16fe2a3b3','missiondetail','1','#111111',null,'~',1,null, null,null,null,null,null,'N',0,null,'N','N','N',null,'N','N','N','input','任务描述',28,NULL,'','missiondetail',null,'~',9,'ef5d101f-51ea-4c46-8489-1d6509a3f09b','/common-ref/','-99',null,'N',null,null,null,'2020-05-20 15:57:12',null,'Y',null);
            go
            insert into pub_form_property(pk_form_property,areaid,classid,code,colnum,color,creationtime,creator,datatype,dataval,defaultvalue,defaultvar,define1,define2,define3,disabled,dr,editformula,hyperlinkflag,iscode,isdefined,ismultiselectedenabled,isnextrow,isrevise,istotal,itemtype,label,maxlength,metadataproperty,metaid,metapath,modifiedtime,modifier,position,proid,refcode,refname,relatemeta,required,resid,showformula,textrows,ts,validateformula,visible,width)
            values('0001ZZZZ424b28973006','0001ZZZZf9594f0cd749','23375c27-0c5a-4405-91eb-dca16fe2a3b3','missioncode','1','#111111',null,'~',1,null, null,null,null,null,null,'N',0,null,'N','N','N',null,'N','N','N','input','任务编码',28,NULL,'','missioncode',null,'~',4,'1214c38e-988b-4e0a-96a4-e0bfe77c4b9c','/common-ref/','-99',null,'N',null,null,null,'2020-05-20 15:57:12',null,'Y',null);
            go
            insert into pub_form_property(pk_form_property,areaid,classid,code,colnum,color,creationtime,creator,datatype,dataval,defaultvalue,defaultvar,define1,define2,define3,disabled,dr,editformula,hyperlinkflag,iscode,isdefined,ismultiselectedenabled,isnextrow,isrevise,istotal,itemtype,label,maxlength,metadataproperty,metaid,metapath,modifiedtime,modifier,position,proid,refcode,refname,relatemeta,required,resid,showformula,textrows,ts,validateformula,visible,width)
            values('0001ZZZZ1d232e97320f','0001ZZZZcdff77aede47','23375c27-0c5a-4405-91eb-dca16fe2a3b3','modifier','1','#111111',null,'~',204,null, null,null,null,null,null,'N',0,null,'N','N','N',null,'N','N','N','refer','修改人',28,'uap.user.user_name','','modifier',null,'~',30,'5ae912df-8680-4c49-beeb-9692801a6edf','uap/refer/riart/userDefaultRefer/index','用户',null,'N',null,null,null,'2020-05-20 15:57:12',null,'Y',null);
            go
            insert into pub_form_property(pk_form_property,areaid,classid,code,colnum,color,creationtime,creator,datatype,dataval,defaultvalue,defaultvar,define1,define2,define3,disabled,dr,editformula,hyperlinkflag,iscode,isdefined,ismultiselectedenabled,isnextrow,isrevise,istotal,itemtype,label,maxlength,metadataproperty,metaid,metapath,modifiedtime,modifier,position,proid,refcode,refname,relatemeta,required,resid,showformula,textrows,ts,validateformula,visible,width)
            values('0001ZZZZ7073d4d6f693','0001ZZZZcdff77aede47','23375c27-0c5a-4405-91eb-dca16fe2a3b3','modifiedtime','1','#111111',null,'~',34,null, null,null,null,null,null,'N',0,null,'N','N','N',null,'N','N','N','datetimepicker','修改时间',28,NULL,'','modifiedtime',null,'~',31,'d33a84a9-a66d-49a3-b50f-8e41d802b33b','/common-ref/','-99',null,'N',null,null,null,'2020-05-20 15:57:12',null,'Y',null);
            go
            insert into pub_form_property(pk_form_property,areaid,classid,code,colnum,color,creationtime,creator,datatype,dataval,defaultvalue,defaultvar,define1,define2,define3,disabled,dr,editformula,hyperlinkflag,iscode,isdefined,ismultiselectedenabled,isnextrow,isrevise,istotal,itemtype,label,maxlength,metadataproperty,metaid,metapath,modifiedtime,modifier,position,proid,refcode,refname,relatemeta,required,resid,showformula,textrows,ts,validateformula,visible,width)
            values('0001ZZZZ2058799c9d15','0001ZZZZcdff77aede47','23375c27-0c5a-4405-91eb-dca16fe2a3b3','creator','1','#111111',null,'~',204,null, null,null,null,null,null,'N',0,null,'N','N','N',null,'N','N','N','refer','创建人',28,'uap.user.user_name','','creator',null,'~',28,'2d076ae2-69d2-40c5-8790-fb23ebf98aa1','uap/refer/riart/userDefaultRefer/index','用户',null,'N',null,null,null,'2020-05-20 15:57:12',null,'Y',null);
            go
            insert into pub_form_property(pk_form_property,areaid,classid,code,colnum,color,creationtime,creator,datatype,dataval,defaultvalue,defaultvar,define1,define2,define3,disabled,dr,editformula,hyperlinkflag,iscode,isdefined,ismultiselectedenabled,isnextrow,isrevise,istotal,itemtype,label,maxlength,metadataproperty,metaid,metapath,modifiedtime,modifier,position,proid,refcode,refname,relatemeta,required,resid,showformula,textrows,ts,validateformula,visible,width)
            values('0001ZZZZ14d18a59e439','0001ZZZZcdff77aede47','23375c27-0c5a-4405-91eb-dca16fe2a3b3','creationtime','1','#111111',null,'~',34,null, null,null,null,null,null,'N',0,null,'N','N','N',null,'N','N','N','datetimepicker','创建时间',28,NULL,'','creationtime',null,'~',29,'2ede05df-fc33-4d08-a8e4-c1c2ef910eef','/common-ref/','-99',null,'N',null,null,null,'2020-05-20 15:57:12',null,'Y',null);
            go
            insert into pub_form_property(pk_form_property,areaid,classid,code,colnum,color,creationtime,creator,datatype,dataval,defaultvalue,defaultvar,define1,define2,define3,disabled,dr,editformula,hyperlinkflag,iscode,isdefined,ismultiselectedenabled,isnextrow,isrevise,istotal,itemtype,label,maxlength,metadataproperty,metaid,metapath,modifiedtime,modifier,position,proid,refcode,refname,relatemeta,required,resid,showformula,textrows,ts,validateformula,visible,width)
            values('0001ZZZZ424b28973011','0001ZZZZf9594f0cd749','23375c27-0c5a-4405-91eb-dca16fe2a3b3','billmaker','1','#111111',null,'~',204,null, null,null,null,null,null,'N',0,null,'N','N','N',null,'N','N','N','refer','制单人',28,'uap.user.user_name','','billmaker',null,'~',26,'ad48567a-e4e0-4ce8-b8ac-113562d23dd5','uap/refer/riart/userDefaultRefer/index','用户',null,'N',null,null,null,'2020-05-20 15:57:12',null,'Y',null);
            go
            insert into pub_form_property(pk_form_property,areaid,classid,code,colnum,color,creationtime,creator,datatype,dataval,defaultvalue,defaultvar,define1,define2,define3,disabled,dr,editformula,hyperlinkflag,iscode,isdefined,ismultiselectedenabled,isnextrow,isrevise,istotal,itemtype,label,maxlength,metadataproperty,metaid,metapath,modifiedtime,modifier,position,proid,refcode,refname,relatemeta,required,resid,showformula,textrows,ts,validateformula,visible,width)
            values('0001ZZZZ424b28973012','0001ZZZZf9594f0cd749','23375c27-0c5a-4405-91eb-dca16fe2a3b3','maketime','1','#111111',null,'~',33,null, null,null,null,null,null,'N',0,null,'N','N','N',null,'N','N','N','datepicker','制单时间',28,NULL,'','maketime',null,'~',27,'450064ec-12c3-4550-a0ce-8749af75b540','/common-ref/','-99',null,'N',null,null,null,'2020-05-20 15:57:12',null,'Y',null);
            go
            insert into pub_form_property(pk_form_property,areaid,classid,code,colnum,color,creationtime,creator,datatype,dataval,defaultvalue,defaultvar,define1,define2,define3,disabled,dr,editformula,hyperlinkflag,iscode,isdefined,ismultiselectedenabled,isnextrow,isrevise,istotal,itemtype,label,maxlength,metadataproperty,metaid,metapath,modifiedtime,modifier,position,proid,refcode,refname,relatemeta,required,resid,showformula,textrows,ts,validateformula,visible,width)
            values('0001ZZZZ424b28973013','0001ZZZZf9594f0cd749','23375c27-0c5a-4405-91eb-dca16fe2a3b3','advanceplan','1','#111111',null,'~',1,null, null,null,null,null,null,'N',0,null,'N','N','N',null,'N','N','N','input','前置计划',28,NULL,'','advanceplan',null,'~',10,'02f56b22-fef9-4f9f-80ec-1840a0f19a5d','/common-ref/','-99',null,'N',null,null,null,'2020-05-20 15:57:12',null,'Y',null);
            go
            insert into pub_form_property(pk_form_property,areaid,classid,code,colnum,color,creationtime,creator,datatype,dataval,defaultvalue,defaultvar,define1,define2,define3,disabled,dr,editformula,hyperlinkflag,iscode,isdefined,ismultiselectedenabled,isnextrow,isrevise,istotal,itemtype,label,maxlength,metadataproperty,metaid,metapath,modifiedtime,modifier,position,proid,refcode,refname,relatemeta,required,resid,showformula,textrows,ts,validateformula,visible,width)
            values('0001ZZZZ424b28973014','0001ZZZZf9594f0cd749','23375c27-0c5a-4405-91eb-dca16fe2a3b3','billno','1','#111111',null,'~',1,null, null,null,null,null,null,'Y',0,null,'N','N','N',null,'N','N','N','input','单据号',28,NULL,'','billno',null,'~',20,'f9fef952-1f66-467f-88d5-61b9c85df887','/common-ref/','-99',null,'N',null,null,null,'2020-05-20 15:57:12',null,'Y',null);
            go
            insert into pub_form_property(pk_form_property,areaid,classid,code,colnum,color,creationtime,creator,datatype,dataval,defaultvalue,defaultvar,define1,define2,define3,disabled,dr,editformula,hyperlinkflag,iscode,isdefined,ismultiselectedenabled,isnextrow,isrevise,istotal,itemtype,label,maxlength,metadataproperty,metaid,metapath,modifiedtime,modifier,position,proid,refcode,refname,relatemeta,required,resid,showformula,textrows,ts,validateformula,visible,width)
            values('0001ZZZZ424b28973015','0001ZZZZf9594f0cd749','23375c27-0c5a-4405-91eb-dca16fe2a3b3','dbilldate','1','#111111',null,'~',33,null, null,null,null,null,null,'N',0,null,'N','N','N',null,'N','N','N','datepicker','单据日期',28,NULL,'','dbilldate',null,'~',18,'fc661972-2033-4577-80d8-3eb7dae92a5a','/common-ref/','-99',null,'N',null,null,null,'2020-05-20 15:57:12',null,'Y',null);
            go
            insert into pub_form_property(pk_form_property,areaid,classid,code,colnum,color,creationtime,creator,datatype,dataval,defaultvalue,defaultvar,define1,define2,define3,disabled,dr,editformula,hyperlinkflag,iscode,isdefined,ismultiselectedenabled,isnextrow,isrevise,istotal,itemtype,label,maxlength,metadataproperty,metaid,metapath,modifiedtime,modifier,position,proid,refcode,refname,relatemeta,required,resid,showformula,textrows,ts,validateformula,visible,width)
            values('0001ZZZZ424b28973016','0001ZZZZf9594f0cd749','23375c27-0c5a-4405-91eb-dca16fe2a3b3','billstatus','1','#111111',null,'~',203,'自由=-1,审批未通过=0,审批通过=1,审批进行中=2,提交=3','-1',null,null,null,null,'Y',0,null,'N','N','N',null,'N','N','N','select','单据状态',28,NULL,'','billstatus',null,'~',19,'17cfcd50-15a0-4cb7-9f9c-bb2893ecf18a','/common-ref/','-99',null,'N',null,null,null,'2020-05-20 15:57:12',null,'Y',null);
            go
            insert into pub_form_property(pk_form_property,areaid,classid,code,colnum,color,creationtime,creator,datatype,dataval,defaultvalue,defaultvar,define1,define2,define3,disabled,dr,editformula,hyperlinkflag,iscode,isdefined,ismultiselectedenabled,isnextrow,isrevise,istotal,itemtype,label,maxlength,metadataproperty,metaid,metapath,modifiedtime,modifier,position,proid,refcode,refname,relatemeta,required,resid,showformula,textrows,ts,validateformula,visible,width)
            values('0001ZZZZ424b28973017','0001ZZZZf9594f0cd749','23375c27-0c5a-4405-91eb-dca16fe2a3b3','pk_billtypeid','1','#111111',null,'~',204,null, null,null,null,null,null,'N',0,null,'N','N','N',null,'N','N','N','refer','单据类型',28,'uap.BilltypeVO.billtypename','','pk_billtypeid',null,'~',22,'973123bd-9a6e-47c6-903f-09c257444a8e','uap/refer/riart/billtype/index','影响因素单据类型',null,'N',null,null,null,'2020-05-20 15:57:12',null,'Y',null);
            go
            insert into pub_form_property(pk_form_property,areaid,classid,code,colnum,color,creationtime,creator,datatype,dataval,defaultvalue,defaultvar,define1,define2,define3,disabled,dr,editformula,hyperlinkflag,iscode,isdefined,ismultiselectedenabled,isnextrow,isrevise,istotal,itemtype,label,maxlength,metadataproperty,metaid,metapath,modifiedtime,modifier,position,proid,refcode,refname,relatemeta,required,resid,showformula,textrows,ts,validateformula,visible,width)
            values('0001ZZZZ424b28973018','0001ZZZZf9594f0cd749','23375c27-0c5a-4405-91eb-dca16fe2a3b3','billtype','1','#111111',null,'~',1,null, null,null,null,null,null,'N',0,null,'N','N','N',null,'N','N','N','input','单据类型编码',28,NULL,'','billtype',null,'~',23,'7eefe0b0-3f55-420f-b76a-7adf2869fdac','/common-ref/','-99',null,'N',null,null,null,'2020-05-20 15:57:12',null,'Y',null);
            go
            insert into pub_form_property(pk_form_property,areaid,classid,code,colnum,color,creationtime,creator,datatype,dataval,defaultvalue,defaultvar,define1,define2,define3,disabled,dr,editformula,hyperlinkflag,iscode,isdefined,ismultiselectedenabled,isnextrow,isrevise,istotal,itemtype,label,maxlength,metadataproperty,metaid,metapath,modifiedtime,modifier,position,proid,refcode,refname,relatemeta,required,resid,showformula,textrows,ts,validateformula,visible,width)
            values('0001ZZZZ834899d050a6','0001ZZZZcdff77aede47','23375c27-0c5a-4405-91eb-dca16fe2a3b3','approver','1','#111111',null,'~',204,null, null,null,null,null,null,'N',0,null,'N','N','N',null,'N','N','N','refer','审批人',28,'uap.user.user_name','','approver',null,'~',32,'9d6f089d-1054-4ba5-8c13-235fd208aa45','uap/refer/riart/userDefaultRefer/index','用户',null,'N',null,null,null,'2020-05-20 15:57:12',null,'Y',null);
            go
            insert into pub_form_property(pk_form_property,areaid,classid,code,colnum,color,creationtime,creator,datatype,dataval,defaultvalue,defaultvar,define1,define2,define3,disabled,dr,editformula,hyperlinkflag,iscode,isdefined,ismultiselectedenabled,isnextrow,isrevise,istotal,itemtype,label,maxlength,metadataproperty,metaid,metapath,modifiedtime,modifier,position,proid,refcode,refname,relatemeta,required,resid,showformula,textrows,ts,validateformula,visible,width)
            values('0001ZZZZ33233226f18c','0001ZZZZcdff77aede47','23375c27-0c5a-4405-91eb-dca16fe2a3b3','approvedate','1','#111111',null,'~',34,null, null,null,null,null,null,'N',0,null,'N','N','N',null,'N','N','N','datetimepicker','审批时间',28,NULL,'','approvedate',null,'~',14,'bfe62a52-b4e8-450f-b2d0-749e663ce9ac','/common-ref/','-99',null,'N',null,null,null,'2020-05-20 15:57:12',null,'Y',null);
            go
            insert into pub_form_property(pk_form_property,areaid,classid,code,colnum,color,creationtime,creator,datatype,dataval,defaultvalue,defaultvar,define1,define2,define3,disabled,dr,editformula,hyperlinkflag,iscode,isdefined,ismultiselectedenabled,isnextrow,isrevise,istotal,itemtype,label,maxlength,metadataproperty,metaid,metapath,modifiedtime,modifier,position,proid,refcode,refname,relatemeta,required,resid,showformula,textrows,ts,validateformula,visible,width)
            values('0001ZZZZ424b28973023','0001ZZZZf9594f0cd749','23375c27-0c5a-4405-91eb-dca16fe2a3b3','approvestatus','1','#111111',null,'~',203,'自由=-1,审批未通过=0,审批通过=1,审批进行中=2,提交=3', null,null,null,null,null,'N',0,null,'N','N','N',null,'N','N','N','select','审批状态',28,NULL,'','approvestatus',null,'~',33,'910d72ce-8234-495a-a37e-b3ad836849cc','/common-ref/','-99',null,'N',null,null,null,'2020-05-20 15:57:12',null,'Y',null);
            go
            insert into pub_form_property(pk_form_property,areaid,classid,code,colnum,color,creationtime,creator,datatype,dataval,defaultvalue,defaultvar,define1,define2,define3,disabled,dr,editformula,hyperlinkflag,iscode,isdefined,ismultiselectedenabled,isnextrow,isrevise,istotal,itemtype,label,maxlength,metadataproperty,metaid,metapath,modifiedtime,modifier,position,proid,refcode,refname,relatemeta,required,resid,showformula,textrows,ts,validateformula,visible,width)
            values('0001ZZZZ424b28973037','0001ZZZZf9594f0cd749','23375c27-0c5a-4405-91eb-dca16fe2a3b3','pk_org','1','#111111',null,'~',204,null, null,null,null,null,null,'N',0,null,'N','N','N',null,'N','N','N','refer','组织',28,'uap.org.name','','pk_org',null,'~',16,'a46d6a16-12c5-4ede-b814-db8586920158','uapbd/refer/org/BusinessUnitAndDeptTreeRef/index','业务单元及部门',null,'N',null,null,null,'2020-05-20 15:57:12',null,'Y',null);
            go
            insert into pub_form_property(pk_form_property,areaid,classid,code,colnum,color,creationtime,creator,datatype,dataval,defaultvalue,defaultvar,define1,define2,define3,disabled,dr,editformula,hyperlinkflag,iscode,isdefined,ismultiselectedenabled,isnextrow,isrevise,istotal,itemtype,label,maxlength,metadataproperty,metaid,metapath,modifiedtime,modifier,position,proid,refcode,refname,relatemeta,required,resid,showformula,textrows,ts,validateformula,visible,width)
            values('0001ZZZZ424b28973038','0001ZZZZf9594f0cd749','23375c27-0c5a-4405-91eb-dca16fe2a3b3','pk_org_v','1','#111111',null,'~',204,null, null,null,null,null,null,'N',0,null,'N','N','N',null,'N','N','N','refer','组织版本',28,'uap.org_v.name','','pk_org_v',null,'~',17,'26fa2257-bcdc-4e56-8a1a-6d211172d444','uapbd/refer/orgv/BusinessUnitVersionDefaultAllTreeRef/index','业务单元版本(所有)',null,'N',null,null,null,'2020-05-20 15:57:12',null,'N',null);
            go
            insert into pub_form_property(pk_form_property,areaid,classid,code,colnum,color,creationtime,creator,datatype,dataval,defaultvalue,defaultvar,define1,define2,define3,disabled,dr,editformula,hyperlinkflag,iscode,isdefined,ismultiselectedenabled,isnextrow,isrevise,istotal,itemtype,label,maxlength,metadataproperty,metaid,metapath,modifiedtime,modifier,position,proid,refcode,refname,relatemeta,required,resid,showformula,textrows,ts,validateformula,visible,width)
            values('0001ZZZZ424b28973089','0001ZZZZf9594f0cd749','23375c27-0c5a-4405-91eb-dca16fe2a3b3','planname','1','#111111',null,'~',1,null, null,null,null,null,null,'N',0,null,'N','N','N',null,'N','N','N','input','计划名称',28,NULL,'','planname',null,'~',3,'75001743-465e-4ec0-b19b-46b87002c2aa','/common-ref/','-99',null,'N',null,null,null,'2020-05-20 15:57:12',null,'Y',null);
            go
            insert into pub_form_property(pk_form_property,areaid,classid,code,colnum,color,creationtime,creator,datatype,dataval,defaultvalue,defaultvar,define1,define2,define3,disabled,dr,editformula,hyperlinkflag,iscode,isdefined,ismultiselectedenabled,isnextrow,isrevise,istotal,itemtype,label,maxlength,metadataproperty,metaid,metapath,modifiedtime,modifier,position,proid,refcode,refname,relatemeta,required,resid,showformula,textrows,ts,validateformula,visible,width)
            values('0001ZZZZ424b28973090','0001ZZZZf9594f0cd749','23375c27-0c5a-4405-91eb-dca16fe2a3b3','planduration','1','#111111',null,'~',1,null, null,null,null,null,null,'N',0,null,'N','N','N',null,'N','N','N','input','计划工期',28,NULL,'','planduration',null,'~',8,'4fd8ed84-1fdb-41e3-bffc-99873690f11a','/common-ref/','-99',null,'N',null,null,null,'2020-05-20 15:57:12',null,'Y',null);
            go
            insert into pub_form_property(pk_form_property,areaid,classid,code,colnum,color,creationtime,creator,datatype,dataval,defaultvalue,defaultvar,define1,define2,define3,disabled,dr,editformula,hyperlinkflag,iscode,isdefined,ismultiselectedenabled,isnextrow,isrevise,istotal,itemtype,label,maxlength,metadataproperty,metaid,metapath,modifiedtime,modifier,position,proid,refcode,refname,relatemeta,required,resid,showformula,textrows,ts,validateformula,visible,width)
            values('0001ZZZZ424b28973091','0001ZZZZf9594f0cd749','23375c27-0c5a-4405-91eb-dca16fe2a3b3','projectstartdate','1','#111111',null,'~',33,null, null,null,null,null,null,'N',0,null,'N','N','N',null,'N','N','N','datepicker','计划开始日期',28,NULL,'','projectstartdate',null,'~',6,'128f3843-8b2d-488f-9b30-30fb6bb2c1ca','/common-ref/','-99',null,'N',null,null,null,'2020-05-20 15:57:12',null,'Y',null);
            go
            insert into pub_form_property(pk_form_property,areaid,classid,code,colnum,color,creationtime,creator,datatype,dataval,defaultvalue,defaultvar,define1,define2,define3,disabled,dr,editformula,hyperlinkflag,iscode,isdefined,ismultiselectedenabled,isnextrow,isrevise,istotal,itemtype,label,maxlength,metadataproperty,metaid,metapath,modifiedtime,modifier,position,proid,refcode,refname,relatemeta,required,resid,showformula,textrows,ts,validateformula,visible,width)
            values('0001ZZZZ424b28973092','0001ZZZZf9594f0cd749','23375c27-0c5a-4405-91eb-dca16fe2a3b3','projectdeaddate','1','#111111',null,'~',33,null, null,null,null,null,null,'N',0,null,'N','N','N',null,'N','N','N','datepicker','计划截止日期',28,NULL,'','projectdeaddate',null,'~',7,'4bc0948a-a53a-4c93-8359-adf1d4bcd1a3','/common-ref/','-99',null,'N',null,null,null,'2020-05-20 15:57:12',null,'Y',null);
            go
            insert into pub_form_property(pk_form_property,areaid,classid,code,colnum,color,creationtime,creator,datatype,dataval,defaultvalue,defaultvar,define1,define2,define3,disabled,dr,editformula,hyperlinkflag,iscode,isdefined,ismultiselectedenabled,isnextrow,isrevise,istotal,itemtype,label,maxlength,metadataproperty,metaid,metapath,modifiedtime,modifier,position,proid,refcode,refname,relatemeta,required,resid,showformula,textrows,ts,validateformula,visible,width)
            values('0001ZZZZ424b28973093','0001ZZZZf9594f0cd749','23375c27-0c5a-4405-91eb-dca16fe2a3b3','dutyperson','1','#111111',null,'~',204,null, null,null,null,null,null,'N',0,null,'N','N','N',null,'N','N','N','refer','责任人',28,NULL,'','dutyperson',null,'~',12,'79d2db16-f62c-42c4-8453-cbc963d3fe23','uapbd/refer/psninfo/PsndocRiartTreeGridRef/index','人员',null,'N',null,null,null,'2020-05-20 15:57:12',null,'Y',null);
            go
            insert into pub_form_property(pk_form_property,areaid,classid,code,colnum,color,creationtime,creator,datatype,dataval,defaultvalue,defaultvar,define1,define2,define3,disabled,dr,editformula,hyperlinkflag,iscode,isdefined,ismultiselectedenabled,isnextrow,isrevise,istotal,itemtype,label,maxlength,metadataproperty,metaid,metapath,modifiedtime,modifier,position,proid,refcode,refname,relatemeta,required,resid,showformula,textrows,ts,validateformula,visible,width)
            values('0001ZZZZ424b28973094','0001ZZZZf9594f0cd749','23375c27-0c5a-4405-91eb-dca16fe2a3b3','dutydept','1','#111111',null,'~',204,null, null,null,null,null,null,'N',0,null,'N','N','N',null,'N','N','N','refer','责任部门',28,'uap.dept.name','','dutydept',null,'~',13,'cccd43b0-e776-4703-a0be-44debda244d2','uapbd/refer/org/DeptTreeRef/index','部门',null,'N',null,null,null,'2020-05-20 15:57:12',null,'Y',null);
            go
            insert into pub_form_property(pk_form_property,areaid,classid,code,colnum,color,creationtime,creator,datatype,dataval,defaultvalue,defaultvar,define1,define2,define3,disabled,dr,editformula,hyperlinkflag,iscode,isdefined,ismultiselectedenabled,isnextrow,isrevise,istotal,itemtype,label,maxlength,metadataproperty,metaid,metapath,modifiedtime,modifier,position,proid,refcode,refname,relatemeta,required,resid,showformula,textrows,ts,validateformula,visible,width)
            values('0001ZZZZ424b28973095','0001ZZZZf9594f0cd749','23375c27-0c5a-4405-91eb-dca16fe2a3b3','milepost','1','#111111',null,'~',1,null, null,null,null,null,null,'N',0,null,'N','N','N',null,'N','N','N','input','里程碑',28,NULL,'','milepost',null,'~',11,'65092fed-7285-4a21-b028-0240b9c74c57','/common-ref/','-99',null,'N',null,null,null,'2020-05-20 15:57:12',null,'Y',null);
            go
            insert into pub_form_property(pk_form_property,areaid,classid,code,colnum,color,creationtime,creator,datatype,dataval,defaultvalue,defaultvar,define1,define2,define3,disabled,dr,editformula,hyperlinkflag,iscode,isdefined,ismultiselectedenabled,isnextrow,isrevise,istotal,itemtype,label,maxlength,metadataproperty,metaid,metapath,modifiedtime,modifier,position,proid,refcode,refname,relatemeta,required,resid,showformula,textrows,ts,validateformula,visible,width)
            values('0001ZZZZ424b28973096','0001ZZZZf9594f0cd749','23375c27-0c5a-4405-91eb-dca16fe2a3b3','pk_group','1','#111111',null,'~',204,null, null,null,null,null,null,'N',0,null,'N','N','N',null,'N','N','N','refer','集团',28,'uap.group.name','','pk_group',null,'~',15,'52da97d5-7d35-4209-af05-6aaf46f3ff3e','uap/refer/riart/groupTreeRef/index','集团',null,'N',null,null,null,'2020-05-20 15:57:12',null,'Y',null);
            go
            insert into pub_form_property(pk_form_property,areaid,classid,code,colnum,color,creationtime,creator,datatype,dataval,defaultvalue,defaultvar,define1,define2,define3,disabled,dr,editformula,hyperlinkflag,iscode,isdefined,ismultiselectedenabled,isnextrow,isrevise,istotal,itemtype,label,maxlength,metadataproperty,metaid,metapath,modifiedtime,modifier,position,proid,refcode,refname,relatemeta,required,resid,showformula,textrows,ts,validateformula,visible,width)
            values('0001ZZZZ424b28973097','0001ZZZZf9594f0cd749','23375c27-0c5a-4405-91eb-dca16fe2a3b3','projectname','1','#111111',null,'~',1,null, null,null,null,null,null,'N',0,null,'N','N','N',null,'N','N','N','input','项目名称',28,NULL,'','projectname',null,'~',2,'3cb51e01-ee9d-40a7-9e76-529b10c9ecaa','/common-ref/','-99',null,'N',null,null,null,'2020-05-20 15:57:12',null,'Y',null);
            go






