insert into pub_page_templet(pk_page_templet,appcode,clazz,code,creationtime,creator,dr,headcode,isdefault,metaid,modifiedtime,modifier,name,pagecode,parentid,pk_group,pk_org,resid,resmodule,templetdesc,ts)
values('0001ZZZZee96a8d56bac','91H10505','nc.vo.adprepare.custregister.AggCustregisterHVO','91H10505_LIST',null,'~',0,'list_head','Y',null,null,'~','客户回访列表','91H10505_LIST','root',null,null,null,null,'客户回访列表页面','2020-05-04 16:02:22');
go

insert into pub_page_templet(pk_page_templet,appcode,clazz,code,creationtime,creator,dr,headcode,isdefault,metaid,modifiedtime,modifier,name,pagecode,parentid,pk_group,pk_org,resid,resmodule,templetdesc,ts)
values('0001ZZZZfbfd63d74a12','91H10505','nc.vo.adprepare.custregister.AggCustregisterHVO','91H10505_CARD',null,'~',0,'card_head','N',null,null,'~','客户回访卡片','91H10505_CARD','root',null,null,null,null,'客户回访卡片页面','2020-05-04 16:02:22');
go

insert into pub_page_templet(pk_page_templet,appcode,clazz,code,creationtime,creator,dr,headcode,isdefault,metaid,modifiedtime,modifier,name,pagecode,parentid,pk_group,pk_org,resid,resmodule,templetdesc,ts)
values('0001ZZZZ9c88e2fd34f0','91H10505','nc.vo.adprepare.custregister.AggCustregisterHVO','91H10505L_CARD',null,'~',0,'card_head','N',null,null,'~','客户回访联查卡片','91H10505L_CARD','root',null,null,null,null,'客户回访联查卡片页面','2020-05-04 16:02:22');
go

insert into pub_page_templet(pk_page_templet,appcode,clazz,code,creationtime,creator,dr,headcode,isdefault,metaid,modifiedtime,modifier,name,pagecode,parentid,pk_group,pk_org,resid,resmodule,templetdesc,ts)
values('0001ZZZZf77daa2bd0ef','91H10505A','nc.vo.adprepare.custregister.AggCustregisterHVO','91H10505A_CARD',null,'~',0,'card_head','N',null,null,'~','客户回访审批卡片','91H10505A_CARD','root',null,null,null,null,'客户回访审批卡片页面','2020-05-04 16:02:22');
go







insert into pub_area(pk_area,areadesc,areastatus,areatype,clazz,code,creationtime,creator,dr,isunfold,metaid,metaname,metaspace,modifiedtime,modifier,name,pagination,position,relationcode,resid,templetid,ts)
values('0001ZZZZa2d91902712a',null,'browse',0,'nc.vo.adprepare.custregister.CustregisterHVO','list_query',null,'~',0,null,'92adc06c-0c3d-4667-b8c6-12e8624f6cb5','客户登记主',null,null,'~','查询区',null,2,null,'','0001ZZZZee96a8d56bac','2020-05-04 16:02:22');
go
insert into pub_area(pk_area,areadesc,areastatus,areatype,clazz,code,creationtime,creator,dr,isunfold,metaid,metaname,metaspace,modifiedtime,modifier,name,pagination,position,relationcode,resid,templetid,ts)
values('0001ZZZZ31fca3f2d981',null,'browse',2,'nc.vo.adprepare.custregister.CustregisterHVO','list_head',null,'~',0,null,'92adc06c-0c3d-4667-b8c6-12e8624f6cb5','客户登记主',null,null,'~','表头',null,1,null,'','0001ZZZZee96a8d56bac','2020-05-04 16:02:22');
go




insert into pub_area(pk_area,areadesc,areastatus,areatype,clazz,code,creationtime,creator,dr,isunfold,metaid,metaname,metaspace,modifiedtime,modifier,name,pagination,position,relationcode,resid,templetid,ts)
values('0001ZZZZa80a8bda1a7c',null,'browse',1,'nc.vo.adprepare.custregister.CustregisterHVO','card_head',null,'~',0,null,'92adc06c-0c3d-4667-b8c6-12e8624f6cb5','客户登记主','adprepare.custregister',null,'~','客户登记主',null,1,null,null,'0001ZZZZfbfd63d74a12','2020-05-04 16:02:22');
go
insert into pub_area(pk_area,areadesc,areastatus,areatype,clazz,code,creationtime,creator,dr,isunfold,metaid,metaname,metaspace,modifiedtime,modifier,name,pagination,position,relationcode,resid,templetid,ts)
values('0001ZZZZc573c3e056cb',null,'browse',1,'nc.vo.adprepare.custregister.CustregisterHVO','card_operate',null,'~',0,null,'92adc06c-0c3d-4667-b8c6-12e8624f6cb5','客户登记主','adprepare.custregister',null,'~','操作信息',null,2,'card_head',null,'0001ZZZZfbfd63d74a12','2020-05-04 16:02:22');
go
insert into pub_area(pk_area,areadesc,areastatus,areatype,clazz,code,creationtime,creator,dr,isunfold,metaid,metaname,metaspace,modifiedtime,modifier,name,pagination,position,relationcode,resid,templetid,ts)
values('0001ZZZZbb5249d486e6',null,'browse',2,'nc.vo.adprepare.custregister.CustregisterBVO','card_body',null,'~',0,null,'92adc06c-0c3d-4667-b8c6-12e8624f6cb5','客户登记主','adprepare.custregister',null,'~','客户回访子',null,3,null,null,'0001ZZZZfbfd63d74a12','2020-05-04 16:02:22');
go
insert into pub_area(pk_area,areadesc,areastatus,areatype,clazz,code,creationtime,creator,dr,isunfold,metaid,metaname,metaspace,modifiedtime,modifier,name,pagination,position,relationcode,resid,templetid,ts)
values('0001ZZZZ7b941de38f15',null,'edit',1,'nc.vo.adprepare.custregister.CustregisterBVO','card_body_edit',null,'~',0,null,'92adc06c-0c3d-4667-b8c6-12e8624f6cb5','客户登记主','adprepare.custregister',null,'~','客户回访子',null,4,'card_body',null,'0001ZZZZfbfd63d74a12','2020-05-04 16:02:22');
go
insert into pub_area(pk_area,areadesc,areastatus,areatype,clazz,code,creationtime,creator,dr,isunfold,metaid,metaname,metaspace,modifiedtime,modifier,name,pagination,position,relationcode,resid,templetid,ts)
values('0001ZZZZfa9e75ee8e0a',null,'browse',1,'nc.vo.adprepare.custregister.CustregisterBVO','card_body_browse',null,'~',0,null,'92adc06c-0c3d-4667-b8c6-12e8624f6cb5','客户登记主','adprepare.custregister',null,'~','客户回访子',null,5,'card_body',null,'0001ZZZZfbfd63d74a12','2020-05-04 16:02:22');
go


insert into pub_area(pk_area,areadesc,areastatus,areatype,clazz,code,creationtime,creator,dr,isunfold,metaid,metaname,metaspace,modifiedtime,modifier,name,pagination,position,relationcode,resid,templetid,ts)
values('0001ZZZZ106536cea6ae',null,'browse',1,'nc.vo.adprepare.custregister.CustregisterHVO','card_head',null,'~',0,null,'92adc06c-0c3d-4667-b8c6-12e8624f6cb5','客户登记主','adprepare.custregister',null,'~','客户登记主',null,1,null,null,'0001ZZZZ9c88e2fd34f0','2020-05-04 16:02:22');
go
insert into pub_area(pk_area,areadesc,areastatus,areatype,clazz,code,creationtime,creator,dr,isunfold,metaid,metaname,metaspace,modifiedtime,modifier,name,pagination,position,relationcode,resid,templetid,ts)
values('0001ZZZZ89b75d54b772',null,'browse',1,'nc.vo.adprepare.custregister.CustregisterHVO','card_operate',null,'~',0,null,'92adc06c-0c3d-4667-b8c6-12e8624f6cb5','客户登记主','adprepare.custregister',null,'~','操作信息',null,2,'card_head',null,'0001ZZZZ9c88e2fd34f0','2020-05-04 16:02:22');
go
insert into pub_area(pk_area,areadesc,areastatus,areatype,clazz,code,creationtime,creator,dr,isunfold,metaid,metaname,metaspace,modifiedtime,modifier,name,pagination,position,relationcode,resid,templetid,ts)
values('0001ZZZZ7d1d2d4b7944',null,'browse',2,'nc.vo.adprepare.custregister.CustregisterBVO','card_body',null,'~',0,null,'92adc06c-0c3d-4667-b8c6-12e8624f6cb5','客户登记主','adprepare.custregister',null,'~','客户回访子',null,3,null,null,'0001ZZZZ9c88e2fd34f0','2020-05-04 16:02:22');
go
insert into pub_area(pk_area,areadesc,areastatus,areatype,clazz,code,creationtime,creator,dr,isunfold,metaid,metaname,metaspace,modifiedtime,modifier,name,pagination,position,relationcode,resid,templetid,ts)
values('0001ZZZZ6386e43d16b5',null,'edit',1,'nc.vo.adprepare.custregister.CustregisterBVO','card_body_edit',null,'~',0,null,'92adc06c-0c3d-4667-b8c6-12e8624f6cb5','客户登记主','adprepare.custregister',null,'~','客户回访子',null,4,'card_body',null,'0001ZZZZ9c88e2fd34f0','2020-05-04 16:02:22');
go
insert into pub_area(pk_area,areadesc,areastatus,areatype,clazz,code,creationtime,creator,dr,isunfold,metaid,metaname,metaspace,modifiedtime,modifier,name,pagination,position,relationcode,resid,templetid,ts)
values('0001ZZZZ4036c710ef39',null,'browse',1,'nc.vo.adprepare.custregister.CustregisterBVO','card_body_browse',null,'~',0,null,'92adc06c-0c3d-4667-b8c6-12e8624f6cb5','客户登记主','adprepare.custregister',null,'~','客户回访子',null,5,'card_body',null,'0001ZZZZ9c88e2fd34f0','2020-05-04 16:02:22');
go

insert into pub_area(pk_area,areadesc,areastatus,areatype,clazz,code,creationtime,creator,dr,isunfold,metaid,metaname,metaspace,modifiedtime,modifier,name,pagination,position,relationcode,resid,templetid,ts)
values('0001ZZZZ664e7800965b',null,'browse',1,'nc.vo.adprepare.custregister.CustregisterHVO','card_head',null,'~',0,null,'92adc06c-0c3d-4667-b8c6-12e8624f6cb5','客户登记主','adprepare.custregister',null,'~','客户登记主',null,1,null,null,'0001ZZZZf77daa2bd0ef','2020-05-04 16:02:22');
go
insert into pub_area(pk_area,areadesc,areastatus,areatype,clazz,code,creationtime,creator,dr,isunfold,metaid,metaname,metaspace,modifiedtime,modifier,name,pagination,position,relationcode,resid,templetid,ts)
values('0001ZZZZ331f4331f115',null,'browse',1,'nc.vo.adprepare.custregister.CustregisterHVO','card_operate',null,'~',0,null,'92adc06c-0c3d-4667-b8c6-12e8624f6cb5','客户登记主','adprepare.custregister',null,'~','操作信息',null,2,'card_head',null,'0001ZZZZf77daa2bd0ef','2020-05-04 16:02:22');
go
insert into pub_area(pk_area,areadesc,areastatus,areatype,clazz,code,creationtime,creator,dr,isunfold,metaid,metaname,metaspace,modifiedtime,modifier,name,pagination,position,relationcode,resid,templetid,ts)
values('0001ZZZZ94abe61debde',null,'browse',2,'nc.vo.adprepare.custregister.CustregisterBVO','card_body',null,'~',0,null,'92adc06c-0c3d-4667-b8c6-12e8624f6cb5','客户登记主','adprepare.custregister',null,'~','客户回访子',null,3,null,null,'0001ZZZZf77daa2bd0ef','2020-05-04 16:02:22');
go
insert into pub_area(pk_area,areadesc,areastatus,areatype,clazz,code,creationtime,creator,dr,isunfold,metaid,metaname,metaspace,modifiedtime,modifier,name,pagination,position,relationcode,resid,templetid,ts)
values('0001ZZZZf37f240ce4b3',null,'edit',1,'nc.vo.adprepare.custregister.CustregisterBVO','card_body_edit',null,'~',0,null,'92adc06c-0c3d-4667-b8c6-12e8624f6cb5','客户登记主','adprepare.custregister',null,'~','客户回访子',null,4,'card_body',null,'0001ZZZZf77daa2bd0ef','2020-05-04 16:02:22');
go
insert into pub_area(pk_area,areadesc,areastatus,areatype,clazz,code,creationtime,creator,dr,isunfold,metaid,metaname,metaspace,modifiedtime,modifier,name,pagination,position,relationcode,resid,templetid,ts)
values('0001ZZZZ6b80e740d34d',null,'browse',1,'nc.vo.adprepare.custregister.CustregisterBVO','card_body_browse',null,'~',0,null,'92adc06c-0c3d-4667-b8c6-12e8624f6cb5','客户登记主','adprepare.custregister',null,'~','客户回访子',null,5,'card_body',null,'0001ZZZZf77daa2bd0ef','2020-05-04 16:02:22');
go




            insert into pub_query_property(pk_query_property,areaid,classid,code,containlower,creationtime,creator,datatype,dataval,defaultvalue,define1,define2,define3,define4,define5,disabled,dr,isbeyondorg,ischeck,isdefined,isfixedcondition,ismultiselectedenabled,isnotmeta,isquerycondition,isuse,itemtype,label,maxlength,metadataproperty,metapath,opersign,opersignname,position,proid,querytablename,refcode,refname,required,resid,returntype,showtype,tablecode,ts,usefunc,visible,visibleposition,width)
            values('0001ZZZZ6031eef22948','0001ZZZZa2d91902712a','92adc06c-0c3d-4667-b8c6-12e8624f6cb5','pk_busitype',null,null,'~',204,'','','','','','','','N',0,'N','N','N','N','N','N','Y','Y','refer','业务类型',20,'uap.BusitypeVO.businame','pk_busitype','=@','等于@',13,'80e34a36-7a2b-4d4d-82b6-ae2199b99f3a','','uap/refer/riart/busitype/index','业务流程','N','','refpk',1,'','2020-05-04 16:02:22','N','Y',null,1);
            go
            insert into pub_query_property(pk_query_property,areaid,classid,code,containlower,creationtime,creator,datatype,dataval,defaultvalue,define1,define2,define3,define4,define5,disabled,dr,isbeyondorg,ischeck,isdefined,isfixedcondition,ismultiselectedenabled,isnotmeta,isquerycondition,isuse,itemtype,label,maxlength,metadataproperty,metapath,opersign,opersignname,position,proid,querytablename,refcode,refname,required,resid,returntype,showtype,tablecode,ts,usefunc,visible,visibleposition,width)
            values('0001ZZZZ92d778a5ec09','0001ZZZZa2d91902712a','92adc06c-0c3d-4667-b8c6-12e8624f6cb5','pk_transtype',null,null,'~',204,'','','','','','','','N',0,'N','N','N','N','N','N','Y','Y','refer','交易类型',20,'uap.BilltypeVO.billtypename','pk_transtype','=@','等于@',17,'c9e00b55-dac2-49d7-8659-f736359a4684','','uap/refer/riart/transtype/index','影响因素交 易类型','N','','refpk',1,'','2020-05-04 16:02:22','N','Y',null,1);
            go
            insert into pub_query_property(pk_query_property,areaid,classid,code,containlower,creationtime,creator,datatype,dataval,defaultvalue,define1,define2,define3,define4,define5,disabled,dr,isbeyondorg,ischeck,isdefined,isfixedcondition,ismultiselectedenabled,isnotmeta,isquerycondition,isuse,itemtype,label,maxlength,metadataproperty,metapath,opersign,opersignname,position,proid,querytablename,refcode,refname,required,resid,returntype,showtype,tablecode,ts,usefunc,visible,visibleposition,width)
            values('0001ZZZZ057b71469e18','0001ZZZZa2d91902712a','92adc06c-0c3d-4667-b8c6-12e8624f6cb5','transtypecode',null,null,'~',1,'','','','','','','','N',0,'N','N','N','N','N','N','Y','Y','input','交易类型编码',50,NULL,'transtypecode','=@','等于@',16,'e23969bf-ea5d-4597-b5ef-fcbefbbe2622','','/common-ref/','-99','N','','refpk',1,'','2020-05-04 16:02:22','N','Y',null,1);
            go
            insert into pub_query_property(pk_query_property,areaid,classid,code,containlower,creationtime,creator,datatype,dataval,defaultvalue,define1,define2,define3,define4,define5,disabled,dr,isbeyondorg,ischeck,isdefined,isfixedcondition,ismultiselectedenabled,isnotmeta,isquerycondition,isuse,itemtype,label,maxlength,metadataproperty,metapath,opersign,opersignname,position,proid,querytablename,refcode,refname,required,resid,returntype,showtype,tablecode,ts,usefunc,visible,visibleposition,width)
            values('0001ZZZZ19d692e819c0','0001ZZZZa2d91902712a','92adc06c-0c3d-4667-b8c6-12e8624f6cb5','modifier',null,null,'~',204,'','','','','','','','N',0,'N','N','N','N','N','N','Y','Y','refer','修改人',20,'uap.user.user_name','modifier','=@','等于@',22,'b2d15d9d-48fe-433e-bec0-fc15a993adf5','','uap/refer/riart/userDefaultRefer/index','用户','N','','refpk',1,'','2020-05-04 16:02:22','N','Y',null,1);
            go
            insert into pub_query_property(pk_query_property,areaid,classid,code,containlower,creationtime,creator,datatype,dataval,defaultvalue,define1,define2,define3,define4,define5,disabled,dr,isbeyondorg,ischeck,isdefined,isfixedcondition,ismultiselectedenabled,isnotmeta,isquerycondition,isuse,itemtype,label,maxlength,metadataproperty,metapath,opersign,opersignname,position,proid,querytablename,refcode,refname,required,resid,returntype,showtype,tablecode,ts,usefunc,visible,visibleposition,width)
            values('0001ZZZZc75197f59426','0001ZZZZa2d91902712a','92adc06c-0c3d-4667-b8c6-12e8624f6cb5','modifiedtime',null,null,'~',34,'','','','','','','','N',0,'N','N','N','N','N','N','Y','Y','datetimepicker','修改时间',19,NULL,'modifiedtime','=@','等于@',23,'ae0fec84-d9a5-45dd-9fc2-795ba6e82a27','','/common-ref/','-99','N','','refpk',1,'','2020-05-04 16:02:22','N','Y',null,1);
            go
            insert into pub_query_property(pk_query_property,areaid,classid,code,containlower,creationtime,creator,datatype,dataval,defaultvalue,define1,define2,define3,define4,define5,disabled,dr,isbeyondorg,ischeck,isdefined,isfixedcondition,ismultiselectedenabled,isnotmeta,isquerycondition,isuse,itemtype,label,maxlength,metadataproperty,metapath,opersign,opersignname,position,proid,querytablename,refcode,refname,required,resid,returntype,showtype,tablecode,ts,usefunc,visible,visibleposition,width)
            values('0001ZZZZ27116656f645','0001ZZZZa2d91902712a','92adc06c-0c3d-4667-b8c6-12e8624f6cb5','creator',null,null,'~',204,'','','','','','','','N',0,'N','N','N','N','N','N','Y','Y','refer','创建人',20,'uap.user.user_name','creator','=@','等于@',20,'f0ef2120-a244-4a15-9753-d4cd55a6d7b6','','uap/refer/riart/userDefaultRefer/index','用户','N','','refpk',1,'','2020-05-04 16:02:22','N','Y',null,1);
            go
            insert into pub_query_property(pk_query_property,areaid,classid,code,containlower,creationtime,creator,datatype,dataval,defaultvalue,define1,define2,define3,define4,define5,disabled,dr,isbeyondorg,ischeck,isdefined,isfixedcondition,ismultiselectedenabled,isnotmeta,isquerycondition,isuse,itemtype,label,maxlength,metadataproperty,metapath,opersign,opersignname,position,proid,querytablename,refcode,refname,required,resid,returntype,showtype,tablecode,ts,usefunc,visible,visibleposition,width)
            values('0001ZZZZ552e33510862','0001ZZZZa2d91902712a','92adc06c-0c3d-4667-b8c6-12e8624f6cb5','creationtime',null,null,'~',34,'','','','','','','','N',0,'N','N','N','N','N','N','Y','Y','datetimepicker','创建时间',19,NULL,'creationtime','=@','等于@',21,'df678fdb-b39f-46a3-b6ad-42118674c77a','','/common-ref/','-99','N','','refpk',1,'','2020-05-04 16:02:22','N','Y',null,1);
            go
            insert into pub_query_property(pk_query_property,areaid,classid,code,containlower,creationtime,creator,datatype,dataval,defaultvalue,define1,define2,define3,define4,define5,disabled,dr,isbeyondorg,ischeck,isdefined,isfixedcondition,ismultiselectedenabled,isnotmeta,isquerycondition,isuse,itemtype,label,maxlength,metadataproperty,metapath,opersign,opersignname,position,proid,querytablename,refcode,refname,required,resid,returntype,showtype,tablecode,ts,usefunc,visible,visibleposition,width)
            values('0001ZZZZfc8640723450','0001ZZZZa2d91902712a','92adc06c-0c3d-4667-b8c6-12e8624f6cb5','billmaker',null,null,'~',204,'','','','','','','','N',0,'N','N','N','N','N','N','Y','Y','refer','制单人',20,'uap.user.user_name','billmaker','=@','等于@',18,'5a038ee1-a07c-4dff-806e-957f954002f3','','uap/refer/riart/userDefaultRefer/index','用户','N','','refpk',1,'','2020-05-04 16:02:22','N','Y',null,1);
            go
            insert into pub_query_property(pk_query_property,areaid,classid,code,containlower,creationtime,creator,datatype,dataval,defaultvalue,define1,define2,define3,define4,define5,disabled,dr,isbeyondorg,ischeck,isdefined,isfixedcondition,ismultiselectedenabled,isnotmeta,isquerycondition,isuse,itemtype,label,maxlength,metadataproperty,metapath,opersign,opersignname,position,proid,querytablename,refcode,refname,required,resid,returntype,showtype,tablecode,ts,usefunc,visible,visibleposition,width)
            values('0001ZZZZae49195dd017','0001ZZZZa2d91902712a','92adc06c-0c3d-4667-b8c6-12e8624f6cb5','maketime',null,null,'~',33,'','','','','','','','N',0,'N','N','N','N','N','N','Y','Y','datepicker','制单时间',19,NULL,'maketime','=@','等于@',19,'53d5a897-09a6-4598-831e-a386192a293e','','/common-ref/','-99','N','','refpk',1,'','2020-05-04 16:02:22','N','Y',null,1);
            go
            insert into pub_query_property(pk_query_property,areaid,classid,code,containlower,creationtime,creator,datatype,dataval,defaultvalue,define1,define2,define3,define4,define5,disabled,dr,isbeyondorg,ischeck,isdefined,isfixedcondition,ismultiselectedenabled,isnotmeta,isquerycondition,isuse,itemtype,label,maxlength,metadataproperty,metapath,opersign,opersignname,position,proid,querytablename,refcode,refname,required,resid,returntype,showtype,tablecode,ts,usefunc,visible,visibleposition,width)
            values('0001ZZZZ22307ca551e9','0001ZZZZa2d91902712a','92adc06c-0c3d-4667-b8c6-12e8624f6cb5','vbillcode',null,null,'~',1,'','','','','','','','Y',0,'N','N','N','N','N','N','Y','Y','input','单据号',50,NULL,'vbillcode','=@','等于@',12,'bc1cda1b-50f6-43c5-9f59-1240f37f7687','','/common-ref/','-99','N','','refpk',1,'','2020-05-04 16:02:22','N','Y',null,1);
            go
            insert into pub_query_property(pk_query_property,areaid,classid,code,containlower,creationtime,creator,datatype,dataval,defaultvalue,define1,define2,define3,define4,define5,disabled,dr,isbeyondorg,ischeck,isdefined,isfixedcondition,ismultiselectedenabled,isnotmeta,isquerycondition,isuse,itemtype,label,maxlength,metadataproperty,metapath,opersign,opersignname,position,proid,querytablename,refcode,refname,required,resid,returntype,showtype,tablecode,ts,usefunc,visible,visibleposition,width)
            values('0001ZZZZeed44d02a6c8','0001ZZZZa2d91902712a','92adc06c-0c3d-4667-b8c6-12e8624f6cb5','dbilldate',null,null,'~',33,'','','','','','','','N',0,'N','N','N','N','N','N','Y','Y','datepicker','单据日期',19,NULL,'dbilldate','=@','等于@',6,'6dfa6b1c-f199-415b-a6d7-91fd7924714d','','/common-ref/','-99','N','','refpk',1,'','2020-05-04 16:02:22','N','Y',null,1);
            go
            insert into pub_query_property(pk_query_property,areaid,classid,code,containlower,creationtime,creator,datatype,dataval,defaultvalue,define1,define2,define3,define4,define5,disabled,dr,isbeyondorg,ischeck,isdefined,isfixedcondition,ismultiselectedenabled,isnotmeta,isquerycondition,isuse,itemtype,label,maxlength,metadataproperty,metapath,opersign,opersignname,position,proid,querytablename,refcode,refname,required,resid,returntype,showtype,tablecode,ts,usefunc,visible,visibleposition,width)
            values('0001ZZZZb3e7fe6c9279','0001ZZZZa2d91902712a','92adc06c-0c3d-4667-b8c6-12e8624f6cb5','fstatusflag',null,null,'~',203,'自由=-1,审批未通过=0,审批通过=1,审批进行中=2,提交=3','','','','','','','N',0,'N','N','N','N','N','N','Y','Y','select','单据状态',50,NULL,'fstatusflag','=@','等于@',11,'8eb9739d-e6a3-40d0-8494-997c28dc7cba','','/common-ref/','-99','N','','refpk',1,'','2020-05-04 16:02:22','N','Y',null,1);
            go
            insert into pub_query_property(pk_query_property,areaid,classid,code,containlower,creationtime,creator,datatype,dataval,defaultvalue,define1,define2,define3,define4,define5,disabled,dr,isbeyondorg,ischeck,isdefined,isfixedcondition,ismultiselectedenabled,isnotmeta,isquerycondition,isuse,itemtype,label,maxlength,metadataproperty,metapath,opersign,opersignname,position,proid,querytablename,refcode,refname,required,resid,returntype,showtype,tablecode,ts,usefunc,visible,visibleposition,width)
            values('0001ZZZZ83256d98edb5','0001ZZZZa2d91902712a','92adc06c-0c3d-4667-b8c6-12e8624f6cb5','pk_billtypeid',null,null,'~',204,'','','','','','','','N',0,'N','N','N','N','N','N','Y','Y','refer','单据类型',20,'uap.BilltypeVO.billtypename','pk_billtypeid','=@','等于@',14,'75cfc8a1-d56b-45e3-8a33-c84f6e28a90a','','uap/refer/riart/billtype/index','影响因素单据类型','N','','refpk',1,'','2020-05-04 16:02:22','N','Y',null,1);
            go
            insert into pub_query_property(pk_query_property,areaid,classid,code,containlower,creationtime,creator,datatype,dataval,defaultvalue,define1,define2,define3,define4,define5,disabled,dr,isbeyondorg,ischeck,isdefined,isfixedcondition,ismultiselectedenabled,isnotmeta,isquerycondition,isuse,itemtype,label,maxlength,metadataproperty,metapath,opersign,opersignname,position,proid,querytablename,refcode,refname,required,resid,returntype,showtype,tablecode,ts,usefunc,visible,visibleposition,width)
            values('0001ZZZZb687487aec78','0001ZZZZa2d91902712a','92adc06c-0c3d-4667-b8c6-12e8624f6cb5','billtype',null,null,'~',1,'','','','','','','','N',0,'N','N','N','N','N','N','Y','Y','input','单据类型编码',50,NULL,'billtype','=@','等于@',15,'fe7d6dd6-a3f1-45a1-8702-6ed83143bb4e','','/common-ref/','-99','N','','refpk',1,'','2020-05-04 16:02:22','N','Y',null,1);
            go
            insert into pub_query_property(pk_query_property,areaid,classid,code,containlower,creationtime,creator,datatype,dataval,defaultvalue,define1,define2,define3,define4,define5,disabled,dr,isbeyondorg,ischeck,isdefined,isfixedcondition,ismultiselectedenabled,isnotmeta,isquerycondition,isuse,itemtype,label,maxlength,metadataproperty,metapath,opersign,opersignname,position,proid,querytablename,refcode,refname,required,resid,returntype,showtype,tablecode,ts,usefunc,visible,visibleposition,width)
            values('0001ZZZZ676477f6a2c5','0001ZZZZa2d91902712a','92adc06c-0c3d-4667-b8c6-12e8624f6cb5','revisitdate',null,null,'~',33,'','','','','','','','N',0,'N','N','N','N','N','N','Y','Y','datepicker','回访日期',19,NULL,'revisitdate','=@','等于@',7,'dcf0298f-390b-4545-b692-e2a3c7600937','','/common-ref/','-99','N','','refpk',1,'','2020-05-04 16:02:22','N','Y',null,1);
            go
            insert into pub_query_property(pk_query_property,areaid,classid,code,containlower,creationtime,creator,datatype,dataval,defaultvalue,define1,define2,define3,define4,define5,disabled,dr,isbeyondorg,ischeck,isdefined,isfixedcondition,ismultiselectedenabled,isnotmeta,isquerycondition,isuse,itemtype,label,maxlength,metadataproperty,metapath,opersign,opersignname,position,proid,querytablename,refcode,refname,required,resid,returntype,showtype,tablecode,ts,usefunc,visible,visibleposition,width)
            values('0001ZZZZc34bf6cf4de5','0001ZZZZa2d91902712a','92adc06c-0c3d-4667-b8c6-12e8624f6cb5','vnote',null,null,'~',1,'','','','','','','','N',0,'N','N','N','N','N','N','Y','Y','input','备注',200,NULL,'vnote','=@','等于@',27,'ceda5776-7596-483f-b43d-5d8459b52544','','/common-ref/','-99','N','','refpk',1,'','2020-05-04 16:02:22','N','Y',null,1);
            go
            insert into pub_query_property(pk_query_property,areaid,classid,code,containlower,creationtime,creator,datatype,dataval,defaultvalue,define1,define2,define3,define4,define5,disabled,dr,isbeyondorg,ischeck,isdefined,isfixedcondition,ismultiselectedenabled,isnotmeta,isquerycondition,isuse,itemtype,label,maxlength,metadataproperty,metapath,opersign,opersignname,position,proid,querytablename,refcode,refname,required,resid,returntype,showtype,tablecode,ts,usefunc,visible,visibleposition,width)
            values('0001ZZZZcbe0bf2b0e41','0001ZZZZa2d91902712a','92adc06c-0c3d-4667-b8c6-12e8624f6cb5','approver',null,null,'~',204,'','','','','','','','N',0,'N','N','N','N','N','N','Y','Y','refer','审批人',20,'uap.user.user_name','approver','=@','等于@',24,'a0fc91a5-2074-4d5f-a83a-1b51b28f56cf','','uap/refer/riart/userDefaultRefer/index','用户','N','','refpk',1,'','2020-05-04 16:02:22','N','Y',null,1);
            go
            insert into pub_query_property(pk_query_property,areaid,classid,code,containlower,creationtime,creator,datatype,dataval,defaultvalue,define1,define2,define3,define4,define5,disabled,dr,isbeyondorg,ischeck,isdefined,isfixedcondition,ismultiselectedenabled,isnotmeta,isquerycondition,isuse,itemtype,label,maxlength,metadataproperty,metapath,opersign,opersignname,position,proid,querytablename,refcode,refname,required,resid,returntype,showtype,tablecode,ts,usefunc,visible,visibleposition,width)
            values('0001ZZZZ60b9afe495c0','0001ZZZZa2d91902712a','92adc06c-0c3d-4667-b8c6-12e8624f6cb5','approvenote',null,null,'~',1,'','','','','','','','N',0,'N','N','N','N','N','N','Y','Y','input','审批批语',50,NULL,'approvenote','=@','等于@',26,'5294790b-5972-4943-8aa8-ce45a6af4c59','','/common-ref/','-99','N','','refpk',1,'','2020-05-04 16:02:22','N','Y',null,1);
            go
            insert into pub_query_property(pk_query_property,areaid,classid,code,containlower,creationtime,creator,datatype,dataval,defaultvalue,define1,define2,define3,define4,define5,disabled,dr,isbeyondorg,ischeck,isdefined,isfixedcondition,ismultiselectedenabled,isnotmeta,isquerycondition,isuse,itemtype,label,maxlength,metadataproperty,metapath,opersign,opersignname,position,proid,querytablename,refcode,refname,required,resid,returntype,showtype,tablecode,ts,usefunc,visible,visibleposition,width)
            values('0001ZZZZ423373f4406d','0001ZZZZa2d91902712a','92adc06c-0c3d-4667-b8c6-12e8624f6cb5','approvedate',null,null,'~',34,'','','','','','','','N',0,'N','N','N','N','N','N','Y','Y','datetimepicker','审批时间',19,NULL,'approvedate','=@','等于@',2,'0db31270-8256-4236-ba12-51f3d20b88eb','','/common-ref/','-99','N','','refpk',1,'','2020-05-04 16:02:22','N','Y',null,1);
            go
            insert into pub_query_property(pk_query_property,areaid,classid,code,containlower,creationtime,creator,datatype,dataval,defaultvalue,define1,define2,define3,define4,define5,disabled,dr,isbeyondorg,ischeck,isdefined,isfixedcondition,ismultiselectedenabled,isnotmeta,isquerycondition,isuse,itemtype,label,maxlength,metadataproperty,metapath,opersign,opersignname,position,proid,querytablename,refcode,refname,required,resid,returntype,showtype,tablecode,ts,usefunc,visible,visibleposition,width)
            values('0001ZZZZ06af96c78d65','0001ZZZZa2d91902712a','92adc06c-0c3d-4667-b8c6-12e8624f6cb5','approvestatus',null,null,'~',203,'自由=-1,审批未通过=0,审批通过=1,审批进行中=2,提交=3','','','','','','','N',0,'N','N','N','N','N','N','Y','Y','select','审批状态',50,NULL,'approvestatus','=@','等于@',25,'df7a7fac-f5d6-4f74-84eb-3ef4218c09ec','','/common-ref/','-99','N','','refpk',1,'','2020-05-04 16:02:22','N','Y',null,1);
            go
            insert into pub_query_property(pk_query_property,areaid,classid,code,containlower,creationtime,creator,datatype,dataval,defaultvalue,define1,define2,define3,define4,define5,disabled,dr,isbeyondorg,ischeck,isdefined,isfixedcondition,ismultiselectedenabled,isnotmeta,isquerycondition,isuse,itemtype,label,maxlength,metadataproperty,metapath,opersign,opersignname,position,proid,querytablename,refcode,refname,required,resid,returntype,showtype,tablecode,ts,usefunc,visible,visibleposition,width)
            values('0001ZZZZbe12f900040b','0001ZZZZa2d91902712a','92adc06c-0c3d-4667-b8c6-12e8624f6cb5','custname',null,null,'~',204,'','','','','','','','N',0,'N','N','N','N','N','N','Y','Y','refer','客户名称',20,'uap.customer.name','custname','=@','等于@',8,'4ef340d3-f14b-4a74-806a-aa610ea6c303','','uapbd/refer/customer/CustomerDefaultTreeGridRef/index','客户档案','N','','refpk',1,'','2020-05-04 16:02:22','N','Y',null,1);
            go
            insert into pub_query_property(pk_query_property,areaid,classid,code,containlower,creationtime,creator,datatype,dataval,defaultvalue,define1,define2,define3,define4,define5,disabled,dr,isbeyondorg,ischeck,isdefined,isfixedcondition,ismultiselectedenabled,isnotmeta,isquerycondition,isuse,itemtype,label,maxlength,metadataproperty,metapath,opersign,opersignname,position,proid,querytablename,refcode,refname,required,resid,returntype,showtype,tablecode,ts,usefunc,visible,visibleposition,width)
            values('0001ZZZZ726476f3ab05','0001ZZZZa2d91902712a','92adc06c-0c3d-4667-b8c6-12e8624f6cb5','pk_org',null,null,'~',204,'','','','','','','','N',0,'N','N','N','N','N','N','Y','Y','refer','组织',20,'uap.org.name','pk_org','=@','等于@',4,'bcd8165f-053f-4cad-b4f3-dd81338a4732','','uapbd/refer/org/BusinessUnitAndDeptTreeRef/index','业务单元及部门','N','','refpk',1,'','2020-05-04 16:02:22','N','Y',null,1);
            go
            insert into pub_query_property(pk_query_property,areaid,classid,code,containlower,creationtime,creator,datatype,dataval,defaultvalue,define1,define2,define3,define4,define5,disabled,dr,isbeyondorg,ischeck,isdefined,isfixedcondition,ismultiselectedenabled,isnotmeta,isquerycondition,isuse,itemtype,label,maxlength,metadataproperty,metapath,opersign,opersignname,position,proid,querytablename,refcode,refname,required,resid,returntype,showtype,tablecode,ts,usefunc,visible,visibleposition,width)
            values('0001ZZZZ9734b42136c6','0001ZZZZa2d91902712a','92adc06c-0c3d-4667-b8c6-12e8624f6cb5','pk_org_v',null,null,'~',204,'','','','','','','','N',0,'N','N','N','N','N','N','Y','Y','refer','组织版本',20,'uap.org_v.name','pk_org_v','=@','等于@',5,'b5550fa5-a35a-4504-a57b-9700c2ffb086','','uapbd/refer/orgv/BusinessUnitVersionDefaultAllTreeRef/index','业务单元版本(所有)','N','','refpk',1,'','2020-05-04 16:02:22','N','N',null,1);
            go
            insert into pub_query_property(pk_query_property,areaid,classid,code,containlower,creationtime,creator,datatype,dataval,defaultvalue,define1,define2,define3,define4,define5,disabled,dr,isbeyondorg,ischeck,isdefined,isfixedcondition,ismultiselectedenabled,isnotmeta,isquerycondition,isuse,itemtype,label,maxlength,metadataproperty,metapath,opersign,opersignname,position,proid,querytablename,refcode,refname,required,resid,returntype,showtype,tablecode,ts,usefunc,visible,visibleposition,width)
            values('0001ZZZZ46d0cc9f2933','0001ZZZZa2d91902712a','92adc06c-0c3d-4667-b8c6-12e8624f6cb5','handingperson',null,null,'~',204,'','','','','','','','N',0,'N','N','N','N','N','N','Y','Y','refer','经办人名称',20,NULL,'handingperson','=@','等于@',10,'c7ec7b94-2e45-4dcb-8480-7ab6811c84df','','uapbd/refer/psninfo/PsndocRiartTreeGridRef/index','人员','N','','refpk',1,'','2020-05-04 16:02:22','N','Y',null,1);
            go
            insert into pub_query_property(pk_query_property,areaid,classid,code,containlower,creationtime,creator,datatype,dataval,defaultvalue,define1,define2,define3,define4,define5,disabled,dr,isbeyondorg,ischeck,isdefined,isfixedcondition,ismultiselectedenabled,isnotmeta,isquerycondition,isuse,itemtype,label,maxlength,metadataproperty,metapath,opersign,opersignname,position,proid,querytablename,refcode,refname,required,resid,returntype,showtype,tablecode,ts,usefunc,visible,visibleposition,width)
            values('0001ZZZZf277afb45288','0001ZZZZa2d91902712a','92adc06c-0c3d-4667-b8c6-12e8624f6cb5','handingdept',null,null,'~',204,'','','','','','','','N',0,'N','N','N','N','N','N','Y','Y','refer','经办部门名称',20,'uap.dept.name','handingdept','=@','等于@',9,'43c0ded3-d337-4e93-a480-4f793f25e2a8','','uapbd/refer/org/DeptTreeRef/index','部门','N','','refpk',1,'','2020-05-04 16:02:22','N','Y',null,1);
            go
            insert into pub_query_property(pk_query_property,areaid,classid,code,containlower,creationtime,creator,datatype,dataval,defaultvalue,define1,define2,define3,define4,define5,disabled,dr,isbeyondorg,ischeck,isdefined,isfixedcondition,ismultiselectedenabled,isnotmeta,isquerycondition,isuse,itemtype,label,maxlength,metadataproperty,metapath,opersign,opersignname,position,proid,querytablename,refcode,refname,required,resid,returntype,showtype,tablecode,ts,usefunc,visible,visibleposition,width)
            values('0001ZZZZ35126c4a0abc','0001ZZZZa2d91902712a','92adc06c-0c3d-4667-b8c6-12e8624f6cb5','pk_group',null,null,'~',204,'','','','','','','','N',0,'N','N','N','N','N','N','Y','Y','refer','集团',20,'uap.group.name','pk_group','=@','等于@',3,'f20d4933-525c-46e7-8636-64450ceedec9','','uap/refer/riart/groupTreeRef/index','集团','N','','refpk',1,'','2020-05-04 16:02:22','N','Y',null,1);
            go


        insert into pub_form_property(pk_form_property,areaid,classid,code,colnum,color,creationtime,creator,datatype,dataval,defaultvalue,defaultvar,define1,define2,define3,disabled,dr,editformula,hyperlinkflag,iscode,isdefined,ismultiselectedenabled,isnextrow,isrevise,istotal,itemtype,label,maxlength,metadataproperty,metaid,metapath,modifiedtime,modifier,position,proid,refcode,refname,relatemeta,required,resid,showformula,textrows,ts,validateformula,visible,width)
        values('0001ZZZZd137026d3001','0001ZZZZ31fca3f2d981','92adc06c-0c3d-4667-b8c6-12e8624f6cb5','pk_busitype',null,'#111111',null,'~',204, '', null,null,null,null,null,'N',0,null,'N','N','N',null,'N','N','N','refer',null,28,'uap.BusitypeVO.businame','7717f1a3-b777-454e-abb5-ef8705a0f0c2','pk_busitype',null,'~',13,'320ad20b-5347-4b3a-8c84-9fe880540e59','uap/refer/riart/busitype/index','业务流程',null,'N','app_91H10505_00002',null,null,'2020-05-04 16:02:22',null,'Y',null);
        go

        insert into pub_form_property(pk_form_property,areaid,classid,code,colnum,color,creationtime,creator,datatype,dataval,defaultvalue,defaultvar,define1,define2,define3,disabled,dr,editformula,hyperlinkflag,iscode,isdefined,ismultiselectedenabled,isnextrow,isrevise,istotal,itemtype,label,maxlength,metadataproperty,metaid,metapath,modifiedtime,modifier,position,proid,refcode,refname,relatemeta,required,resid,showformula,textrows,ts,validateformula,visible,width)
        values('0001ZZZZd137026d3002','0001ZZZZ31fca3f2d981','92adc06c-0c3d-4667-b8c6-12e8624f6cb5','pk_transtype',null,'#111111',null,'~',204, '', null,null,null,null,null,'N',0,null,'N','N','N',null,'N','N','N','refer',null,28,'uap.BilltypeVO.billtypename','b0fa41cd-a649-4309-b685-d341a5d1b0ed','pk_transtype',null,'~',17,'6e90a013-1f48-41aa-90fa-1f9fa8022432','uap/refer/riart/transtype/index','影响因素交 易类型',null,'N','app_91H10505_00003',null,null,'2020-05-04 16:02:22',null,'Y',null);
        go

        insert into pub_form_property(pk_form_property,areaid,classid,code,colnum,color,creationtime,creator,datatype,dataval,defaultvalue,defaultvar,define1,define2,define3,disabled,dr,editformula,hyperlinkflag,iscode,isdefined,ismultiselectedenabled,isnextrow,isrevise,istotal,itemtype,label,maxlength,metadataproperty,metaid,metapath,modifiedtime,modifier,position,proid,refcode,refname,relatemeta,required,resid,showformula,textrows,ts,validateformula,visible,width)
        values('0001ZZZZd137026d3003','0001ZZZZ31fca3f2d981','92adc06c-0c3d-4667-b8c6-12e8624f6cb5','transtypecode',null,'#111111',null,'~',1, null, null,null,null,null,null,'N',0,null,'N','N','N',null,'N','N','N','input',null,28,NULL,'','transtypecode',null,'~',16,'cb335fe3-2422-41af-a233-073e9e423fb7','/common-ref/','-99',null,'N','app_91H10505_00004',null,null,'2020-05-04 16:02:22',null,'Y',null);
        go

        insert into pub_form_property(pk_form_property,areaid,classid,code,colnum,color,creationtime,creator,datatype,dataval,defaultvalue,defaultvar,define1,define2,define3,disabled,dr,editformula,hyperlinkflag,iscode,isdefined,ismultiselectedenabled,isnextrow,isrevise,istotal,itemtype,label,maxlength,metadataproperty,metaid,metapath,modifiedtime,modifier,position,proid,refcode,refname,relatemeta,required,resid,showformula,textrows,ts,validateformula,visible,width)
        values('0001ZZZZd137026d3004','0001ZZZZ31fca3f2d981','92adc06c-0c3d-4667-b8c6-12e8624f6cb5','modifier',null,'#111111',null,'~',204, '', null,null,null,null,null,'N',0,null,'N','N','N',null,'N','N','N','refer',null,28,'uap.user.user_name','f6f9a473-56c0-432f-8bc7-fbf8fde54fee','modifier',null,'~',22,'810e3a00-22d1-4109-9b17-e2e5aec52dd4','uap/refer/riart/userDefaultRefer/index','用户',null,'N','app_91H10505_00005',null,null,'2020-05-04 16:02:22',null,'Y',null);
        go

        insert into pub_form_property(pk_form_property,areaid,classid,code,colnum,color,creationtime,creator,datatype,dataval,defaultvalue,defaultvar,define1,define2,define3,disabled,dr,editformula,hyperlinkflag,iscode,isdefined,ismultiselectedenabled,isnextrow,isrevise,istotal,itemtype,label,maxlength,metadataproperty,metaid,metapath,modifiedtime,modifier,position,proid,refcode,refname,relatemeta,required,resid,showformula,textrows,ts,validateformula,visible,width)
        values('0001ZZZZd137026d3005','0001ZZZZ31fca3f2d981','92adc06c-0c3d-4667-b8c6-12e8624f6cb5','modifiedtime',null,'#111111',null,'~',34, null, null,null,null,null,null,'N',0,null,'N','N','N',null,'N','N','N','datetimepicker',null,28,NULL,'','modifiedtime',null,'~',23,'9237424b-aba1-40b2-af69-f4fa4de8e84a','/common-ref/','-99',null,'N','app_91H10505_00006',null,null,'2020-05-04 16:02:22',null,'Y',null);
        go

        insert into pub_form_property(pk_form_property,areaid,classid,code,colnum,color,creationtime,creator,datatype,dataval,defaultvalue,defaultvar,define1,define2,define3,disabled,dr,editformula,hyperlinkflag,iscode,isdefined,ismultiselectedenabled,isnextrow,isrevise,istotal,itemtype,label,maxlength,metadataproperty,metaid,metapath,modifiedtime,modifier,position,proid,refcode,refname,relatemeta,required,resid,showformula,textrows,ts,validateformula,visible,width)
        values('0001ZZZZd137026d3006','0001ZZZZ31fca3f2d981','92adc06c-0c3d-4667-b8c6-12e8624f6cb5','creator',null,'#111111',null,'~',204, '', null,null,null,null,null,'N',0,null,'N','N','N',null,'N','N','N','refer',null,28,'uap.user.user_name','f6f9a473-56c0-432f-8bc7-fbf8fde54fee','creator',null,'~',20,'3d41d809-94aa-4109-b92a-7fe0785c8b33','uap/refer/riart/userDefaultRefer/index','用户',null,'N','app_91H10505_00007',null,null,'2020-05-04 16:02:22',null,'Y',null);
        go

        insert into pub_form_property(pk_form_property,areaid,classid,code,colnum,color,creationtime,creator,datatype,dataval,defaultvalue,defaultvar,define1,define2,define3,disabled,dr,editformula,hyperlinkflag,iscode,isdefined,ismultiselectedenabled,isnextrow,isrevise,istotal,itemtype,label,maxlength,metadataproperty,metaid,metapath,modifiedtime,modifier,position,proid,refcode,refname,relatemeta,required,resid,showformula,textrows,ts,validateformula,visible,width)
        values('0001ZZZZd137026d3007','0001ZZZZ31fca3f2d981','92adc06c-0c3d-4667-b8c6-12e8624f6cb5','creationtime',null,'#111111',null,'~',34, null, null,null,null,null,null,'N',0,null,'N','N','N',null,'N','N','N','datetimepicker',null,28,NULL,'','creationtime',null,'~',21,'71ac6e9c-cdfb-48c0-869b-4593c32c1b59','/common-ref/','-99',null,'N','app_91H10505_00008',null,null,'2020-05-04 16:02:22',null,'Y',null);
        go

        insert into pub_form_property(pk_form_property,areaid,classid,code,colnum,color,creationtime,creator,datatype,dataval,defaultvalue,defaultvar,define1,define2,define3,disabled,dr,editformula,hyperlinkflag,iscode,isdefined,ismultiselectedenabled,isnextrow,isrevise,istotal,itemtype,label,maxlength,metadataproperty,metaid,metapath,modifiedtime,modifier,position,proid,refcode,refname,relatemeta,required,resid,showformula,textrows,ts,validateformula,visible,width)
        values('0001ZZZZd137026d3008','0001ZZZZ31fca3f2d981','92adc06c-0c3d-4667-b8c6-12e8624f6cb5','billmaker',null,'#111111',null,'~',204, '', null,null,null,null,null,'N',0,null,'N','N','N',null,'N','N','N','refer',null,28,'uap.user.user_name','f6f9a473-56c0-432f-8bc7-fbf8fde54fee','billmaker',null,'~',18,'e048baf4-f18a-471b-b001-43c542f9936b','uap/refer/riart/userDefaultRefer/index','用户',null,'N','app_91H10505_00009',null,null,'2020-05-04 16:02:22',null,'Y',null);
        go

        insert into pub_form_property(pk_form_property,areaid,classid,code,colnum,color,creationtime,creator,datatype,dataval,defaultvalue,defaultvar,define1,define2,define3,disabled,dr,editformula,hyperlinkflag,iscode,isdefined,ismultiselectedenabled,isnextrow,isrevise,istotal,itemtype,label,maxlength,metadataproperty,metaid,metapath,modifiedtime,modifier,position,proid,refcode,refname,relatemeta,required,resid,showformula,textrows,ts,validateformula,visible,width)
        values('0001ZZZZd137026d3009','0001ZZZZ31fca3f2d981','92adc06c-0c3d-4667-b8c6-12e8624f6cb5','maketime',null,'#111111',null,'~',33, null, null,null,null,null,null,'N',0,null,'N','N','N',null,'N','N','N','datepicker',null,28,NULL,'','maketime',null,'~',19,'404122bc-acf5-42ca-b0d9-447a8aee0753','/common-ref/','-99',null,'N','app_91H10505_00010',null,null,'2020-05-04 16:02:22',null,'Y',null);
        go

        insert into pub_form_property(pk_form_property,areaid,classid,code,colnum,color,creationtime,creator,datatype,dataval,defaultvalue,defaultvar,define1,define2,define3,disabled,dr,editformula,hyperlinkflag,iscode,isdefined,ismultiselectedenabled,isnextrow,isrevise,istotal,itemtype,label,maxlength,metadataproperty,metaid,metapath,modifiedtime,modifier,position,proid,refcode,refname,relatemeta,required,resid,showformula,textrows,ts,validateformula,visible,width)
        values('0001ZZZZd137026d3010','0001ZZZZ31fca3f2d981','92adc06c-0c3d-4667-b8c6-12e8624f6cb5','vbillcode',null,'#111111',null,'~',1, null, null,null,null,null,null,'Y',0,null,'N','N','N',null,'N','N','N','input',null,28,NULL,'','vbillcode',null,'~',12,'bfe61df9-1eaa-43cd-a3f3-f913543ef28a','/common-ref/','-99',null,'N','app_91H10505_00011',null,null,'2020-05-04 16:02:22',null,'Y',null);
        go

        insert into pub_form_property(pk_form_property,areaid,classid,code,colnum,color,creationtime,creator,datatype,dataval,defaultvalue,defaultvar,define1,define2,define3,disabled,dr,editformula,hyperlinkflag,iscode,isdefined,ismultiselectedenabled,isnextrow,isrevise,istotal,itemtype,label,maxlength,metadataproperty,metaid,metapath,modifiedtime,modifier,position,proid,refcode,refname,relatemeta,required,resid,showformula,textrows,ts,validateformula,visible,width)
        values('0001ZZZZd137026d3011','0001ZZZZ31fca3f2d981','92adc06c-0c3d-4667-b8c6-12e8624f6cb5','dbilldate',null,'#111111',null,'~',33, null, null,null,null,null,null,'N',0,null,'N','N','N',null,'N','N','N','datepicker',null,28,NULL,'','dbilldate',null,'~',6,'9626ecc0-2d67-4eb1-bba2-06ce9fbe853b','/common-ref/','-99',null,'N','app_91H10505_00012',null,null,'2020-05-04 16:02:22',null,'Y',null);
        go

        insert into pub_form_property(pk_form_property,areaid,classid,code,colnum,color,creationtime,creator,datatype,dataval,defaultvalue,defaultvar,define1,define2,define3,disabled,dr,editformula,hyperlinkflag,iscode,isdefined,ismultiselectedenabled,isnextrow,isrevise,istotal,itemtype,label,maxlength,metadataproperty,metaid,metapath,modifiedtime,modifier,position,proid,refcode,refname,relatemeta,required,resid,showformula,textrows,ts,validateformula,visible,width)
        values('0001ZZZZd137026d3012','0001ZZZZ31fca3f2d981','92adc06c-0c3d-4667-b8c6-12e8624f6cb5','fstatusflag',null,'#111111',null,'~',203, '自由=-1,审批未通过=0,审批通过=1,审批进行中=2,提交=3', null,null,null,null,null,'N',0,null,'N','N','N',null,'N','N','N','select',null,28,NULL,'','fstatusflag',null,'~',11,'0c6c59f7-af20-4376-b6f0-95b108b62169','/common-ref/','-99',null,'N','app_91H10505_00013',null,null,'2020-05-04 16:02:22',null,'Y',null);
        go

        insert into pub_form_property(pk_form_property,areaid,classid,code,colnum,color,creationtime,creator,datatype,dataval,defaultvalue,defaultvar,define1,define2,define3,disabled,dr,editformula,hyperlinkflag,iscode,isdefined,ismultiselectedenabled,isnextrow,isrevise,istotal,itemtype,label,maxlength,metadataproperty,metaid,metapath,modifiedtime,modifier,position,proid,refcode,refname,relatemeta,required,resid,showformula,textrows,ts,validateformula,visible,width)
        values('0001ZZZZd137026d3013','0001ZZZZ31fca3f2d981','92adc06c-0c3d-4667-b8c6-12e8624f6cb5','pk_billtypeid',null,'#111111',null,'~',204, '', null,null,null,null,null,'N',0,null,'N','N','N',null,'N','N','N','refer',null,28,'uap.BilltypeVO.billtypename','b0fa41cd-a649-4309-b685-d341a5d1b0ed','pk_billtypeid',null,'~',14,'8dea073e-0338-423e-960c-f34084134996','uap/refer/riart/billtype/index','影响因素单据类型',null,'N','app_91H10505_00014',null,null,'2020-05-04 16:02:22',null,'Y',null);
        go

        insert into pub_form_property(pk_form_property,areaid,classid,code,colnum,color,creationtime,creator,datatype,dataval,defaultvalue,defaultvar,define1,define2,define3,disabled,dr,editformula,hyperlinkflag,iscode,isdefined,ismultiselectedenabled,isnextrow,isrevise,istotal,itemtype,label,maxlength,metadataproperty,metaid,metapath,modifiedtime,modifier,position,proid,refcode,refname,relatemeta,required,resid,showformula,textrows,ts,validateformula,visible,width)
        values('0001ZZZZd137026d3014','0001ZZZZ31fca3f2d981','92adc06c-0c3d-4667-b8c6-12e8624f6cb5','billtype',null,'#111111',null,'~',1, null, null,null,null,null,null,'N',0,null,'N','N','N',null,'N','N','N','input',null,28,NULL,'','billtype',null,'~',15,'08d0583f-52cf-43d8-80f1-a2664e2ce2f9','/common-ref/','-99',null,'N','app_91H10505_00015',null,null,'2020-05-04 16:02:22',null,'Y',null);
        go

        insert into pub_form_property(pk_form_property,areaid,classid,code,colnum,color,creationtime,creator,datatype,dataval,defaultvalue,defaultvar,define1,define2,define3,disabled,dr,editformula,hyperlinkflag,iscode,isdefined,ismultiselectedenabled,isnextrow,isrevise,istotal,itemtype,label,maxlength,metadataproperty,metaid,metapath,modifiedtime,modifier,position,proid,refcode,refname,relatemeta,required,resid,showformula,textrows,ts,validateformula,visible,width)
        values('0001ZZZZd137026d3015','0001ZZZZ31fca3f2d981','92adc06c-0c3d-4667-b8c6-12e8624f6cb5','revisitdate',null,'#111111',null,'~',33, null, null,null,null,null,null,'N',0,null,'N','N','N',null,'N','N','N','datepicker',null,28,NULL,'','revisitdate',null,'~',7,'0fb982ac-d3f7-403a-8fa4-84e2b3bdc896','/common-ref/','-99',null,'N','app_91H10505_00016',null,null,'2020-05-04 16:02:22',null,'Y',null);
        go

        insert into pub_form_property(pk_form_property,areaid,classid,code,colnum,color,creationtime,creator,datatype,dataval,defaultvalue,defaultvar,define1,define2,define3,disabled,dr,editformula,hyperlinkflag,iscode,isdefined,ismultiselectedenabled,isnextrow,isrevise,istotal,itemtype,label,maxlength,metadataproperty,metaid,metapath,modifiedtime,modifier,position,proid,refcode,refname,relatemeta,required,resid,showformula,textrows,ts,validateformula,visible,width)
        values('0001ZZZZd137026d3016','0001ZZZZ31fca3f2d981','92adc06c-0c3d-4667-b8c6-12e8624f6cb5','vnote',null,'#111111',null,'~',1, null, null,null,null,null,null,'N',0,null,'N','N','N',null,'N','N','N','input',null,28,NULL,'','vnote',null,'~',27,'9e9d0d03-9473-448d-bf27-e798c5d351a6','/common-ref/','-99',null,'N','app_91H10505_00017',null,null,'2020-05-04 16:02:22',null,'Y',null);
        go

        insert into pub_form_property(pk_form_property,areaid,classid,code,colnum,color,creationtime,creator,datatype,dataval,defaultvalue,defaultvar,define1,define2,define3,disabled,dr,editformula,hyperlinkflag,iscode,isdefined,ismultiselectedenabled,isnextrow,isrevise,istotal,itemtype,label,maxlength,metadataproperty,metaid,metapath,modifiedtime,modifier,position,proid,refcode,refname,relatemeta,required,resid,showformula,textrows,ts,validateformula,visible,width)
        values('0001ZZZZd137026d3017','0001ZZZZ31fca3f2d981','92adc06c-0c3d-4667-b8c6-12e8624f6cb5','approver',null,'#111111',null,'~',204, '', null,null,null,null,null,'N',0,null,'N','N','N',null,'N','N','N','refer',null,28,'uap.user.user_name','f6f9a473-56c0-432f-8bc7-fbf8fde54fee','approver',null,'~',24,'6a9cbc48-9529-449c-9e76-a0b0502d3321','uap/refer/riart/userDefaultRefer/index','用户',null,'N','app_91H10505_00018',null,null,'2020-05-04 16:02:22',null,'Y',null);
        go

        insert into pub_form_property(pk_form_property,areaid,classid,code,colnum,color,creationtime,creator,datatype,dataval,defaultvalue,defaultvar,define1,define2,define3,disabled,dr,editformula,hyperlinkflag,iscode,isdefined,ismultiselectedenabled,isnextrow,isrevise,istotal,itemtype,label,maxlength,metadataproperty,metaid,metapath,modifiedtime,modifier,position,proid,refcode,refname,relatemeta,required,resid,showformula,textrows,ts,validateformula,visible,width)
        values('0001ZZZZd137026d3018','0001ZZZZ31fca3f2d981','92adc06c-0c3d-4667-b8c6-12e8624f6cb5','approvenote',null,'#111111',null,'~',1, null, null,null,null,null,null,'N',0,null,'N','N','N',null,'N','N','N','input',null,28,NULL,'','approvenote',null,'~',26,'5b417db4-56c1-48e3-91e6-b3a40f1f1960','/common-ref/','-99',null,'N','app_91H10505_00019',null,null,'2020-05-04 16:02:22',null,'Y',null);
        go

        insert into pub_form_property(pk_form_property,areaid,classid,code,colnum,color,creationtime,creator,datatype,dataval,defaultvalue,defaultvar,define1,define2,define3,disabled,dr,editformula,hyperlinkflag,iscode,isdefined,ismultiselectedenabled,isnextrow,isrevise,istotal,itemtype,label,maxlength,metadataproperty,metaid,metapath,modifiedtime,modifier,position,proid,refcode,refname,relatemeta,required,resid,showformula,textrows,ts,validateformula,visible,width)
        values('0001ZZZZd137026d3019','0001ZZZZ31fca3f2d981','92adc06c-0c3d-4667-b8c6-12e8624f6cb5','approvedate',null,'#111111',null,'~',34, null, null,null,null,null,null,'N',0,null,'N','N','N',null,'N','N','N','datetimepicker',null,28,NULL,'','approvedate',null,'~',2,'99d87495-3d02-491e-8125-f099708fc668','/common-ref/','-99',null,'N','app_91H10505_00020',null,null,'2020-05-04 16:02:22',null,'Y',null);
        go

        insert into pub_form_property(pk_form_property,areaid,classid,code,colnum,color,creationtime,creator,datatype,dataval,defaultvalue,defaultvar,define1,define2,define3,disabled,dr,editformula,hyperlinkflag,iscode,isdefined,ismultiselectedenabled,isnextrow,isrevise,istotal,itemtype,label,maxlength,metadataproperty,metaid,metapath,modifiedtime,modifier,position,proid,refcode,refname,relatemeta,required,resid,showformula,textrows,ts,validateformula,visible,width)
        values('0001ZZZZd137026d3020','0001ZZZZ31fca3f2d981','92adc06c-0c3d-4667-b8c6-12e8624f6cb5','approvestatus',null,'#111111',null,'~',203, '自由=-1,审批未通过=0,审批通过=1,审批进行中=2,提交=3', null,null,null,null,null,'N',0,null,'N','N','N',null,'N','N','N','select',null,28,NULL,'','approvestatus',null,'~',25,'7c73d396-d63a-4e12-9aec-4d556256e5cb','/common-ref/','-99',null,'N','app_91H10505_00021',null,null,'2020-05-04 16:02:22',null,'Y',null);
        go

        insert into pub_form_property(pk_form_property,areaid,classid,code,colnum,color,creationtime,creator,datatype,dataval,defaultvalue,defaultvar,define1,define2,define3,disabled,dr,editformula,hyperlinkflag,iscode,isdefined,ismultiselectedenabled,isnextrow,isrevise,istotal,itemtype,label,maxlength,metadataproperty,metaid,metapath,modifiedtime,modifier,position,proid,refcode,refname,relatemeta,required,resid,showformula,textrows,ts,validateformula,visible,width)
        values('0001ZZZZd137026d3021','0001ZZZZ31fca3f2d981','92adc06c-0c3d-4667-b8c6-12e8624f6cb5','custname',null,'#111111',null,'~',204, '', null,null,null,null,null,'N',0,null,'N','N','N',null,'N','N','N','refer',null,28,'uap.customer.name','e4f48eaf-5567-4383-a370-a59cb3e8a451','custname',null,'~',8,'2d43f268-5fa7-4111-9774-028b11dd980b','uapbd/refer/customer/CustomerDefaultTreeGridRef/index','客户档案',null,'N','app_91H10505_00022',null,null,'2020-05-04 16:02:22',null,'Y',null);
        go

        insert into pub_form_property(pk_form_property,areaid,classid,code,colnum,color,creationtime,creator,datatype,dataval,defaultvalue,defaultvar,define1,define2,define3,disabled,dr,editformula,hyperlinkflag,iscode,isdefined,ismultiselectedenabled,isnextrow,isrevise,istotal,itemtype,label,maxlength,metadataproperty,metaid,metapath,modifiedtime,modifier,position,proid,refcode,refname,relatemeta,required,resid,showformula,textrows,ts,validateformula,visible,width)
        values('0001ZZZZd137026d3036','0001ZZZZ31fca3f2d981','92adc06c-0c3d-4667-b8c6-12e8624f6cb5','pk_org',null,'#111111',null,'~',204, '', null,null,null,null,null,'N',0,null,'N','N','N',null,'N','N','N','refer',null,28,'uap.org.name','985be8a4-3a36-4778-8afe-2d8ed3902659','pk_org',null,'~',4,'e416e266-e715-4929-9a19-ba7e8425561b','uapbd/refer/org/BusinessUnitAndDeptTreeRef/index','业务单元及部门',null,'N','app_91H10505_00037',null,null,'2020-05-04 16:02:22',null,'Y',null);
        go

        insert into pub_form_property(pk_form_property,areaid,classid,code,colnum,color,creationtime,creator,datatype,dataval,defaultvalue,defaultvar,define1,define2,define3,disabled,dr,editformula,hyperlinkflag,iscode,isdefined,ismultiselectedenabled,isnextrow,isrevise,istotal,itemtype,label,maxlength,metadataproperty,metaid,metapath,modifiedtime,modifier,position,proid,refcode,refname,relatemeta,required,resid,showformula,textrows,ts,validateformula,visible,width)
        values('0001ZZZZd137026d3037','0001ZZZZ31fca3f2d981','92adc06c-0c3d-4667-b8c6-12e8624f6cb5','pk_org_v',null,'#111111',null,'~',204, '', null,null,null,null,null,'N',0,null,'N','N','N',null,'N','N','N','refer',null,28,'uap.org_v.name','da7bba89-9a59-42d6-a262-c13ef459dbd9','pk_org_v',null,'~',5,'4bad6c20-1e4c-40d7-a1f7-810c76e33cd3','uapbd/refer/orgv/BusinessUnitVersionDefaultAllTreeRef/index','业务单元版本(所有)',null,'N','app_91H10505_00038',null,null,'2020-05-04 16:02:22',null,'N',null);
        go

        insert into pub_form_property(pk_form_property,areaid,classid,code,colnum,color,creationtime,creator,datatype,dataval,defaultvalue,defaultvar,define1,define2,define3,disabled,dr,editformula,hyperlinkflag,iscode,isdefined,ismultiselectedenabled,isnextrow,isrevise,istotal,itemtype,label,maxlength,metadataproperty,metaid,metapath,modifiedtime,modifier,position,proid,refcode,refname,relatemeta,required,resid,showformula,textrows,ts,validateformula,visible,width)
        values('0001ZZZZd137026d3038','0001ZZZZ31fca3f2d981','92adc06c-0c3d-4667-b8c6-12e8624f6cb5','handingperson',null,'#111111',null,'~',204, '', null,null,null,null,null,'N',0,null,'N','N','N',null,'N','N','N','refer',null,28,NULL,'40d39c26-a2b6-4f16-a018-45664cac1a1f','handingperson',null,'~',10,'5d403230-3b33-45dc-9417-05d22da8b4f3','uapbd/refer/psninfo/PsndocRiartTreeGridRef/index','人员',null,'N','app_91H10505_00039',null,null,'2020-05-04 16:02:22',null,'Y',null);
        go

        insert into pub_form_property(pk_form_property,areaid,classid,code,colnum,color,creationtime,creator,datatype,dataval,defaultvalue,defaultvar,define1,define2,define3,disabled,dr,editformula,hyperlinkflag,iscode,isdefined,ismultiselectedenabled,isnextrow,isrevise,istotal,itemtype,label,maxlength,metadataproperty,metaid,metapath,modifiedtime,modifier,position,proid,refcode,refname,relatemeta,required,resid,showformula,textrows,ts,validateformula,visible,width)
        values('0001ZZZZd137026d3039','0001ZZZZ31fca3f2d981','92adc06c-0c3d-4667-b8c6-12e8624f6cb5','handingdept',null,'#111111',null,'~',204, '', null,null,null,null,null,'N',0,null,'N','N','N',null,'N','N','N','refer',null,28,'uap.dept.name','b26fa3cb-4087-4027-a3b6-c83ab2a086a9','handingdept',null,'~',9,'4c4154af-92c4-4511-859c-3ea1948a8230','uapbd/refer/org/DeptTreeRef/index','部门',null,'N','app_91H10505_00040',null,null,'2020-05-04 16:02:22',null,'Y',null);
        go

        insert into pub_form_property(pk_form_property,areaid,classid,code,colnum,color,creationtime,creator,datatype,dataval,defaultvalue,defaultvar,define1,define2,define3,disabled,dr,editformula,hyperlinkflag,iscode,isdefined,ismultiselectedenabled,isnextrow,isrevise,istotal,itemtype,label,maxlength,metadataproperty,metaid,metapath,modifiedtime,modifier,position,proid,refcode,refname,relatemeta,required,resid,showformula,textrows,ts,validateformula,visible,width)
        values('0001ZZZZd137026d3090','0001ZZZZ31fca3f2d981','92adc06c-0c3d-4667-b8c6-12e8624f6cb5','pk_group',null,'#111111',null,'~',204, '', null,null,null,null,null,'N',0,null,'N','N','N',null,'N','N','N','refer',null,28,'uap.group.name','3b6dd171-2900-47f3-bfbe-41e4483a2a65','pk_group',null,'~',3,'345ff6a4-033f-4fdb-8a85-486dacd452da','uap/refer/riart/groupTreeRef/index','集团',null,'N','app_91H10505_00091',null,null,'2020-05-04 16:02:22',null,'Y',null);
        go








            insert into pub_form_property(pk_form_property,areaid,classid,code,colnum,color,creationtime,creator,datatype,dataval,defaultvalue,defaultvar,define1,define2,define3,disabled,dr,editformula,hyperlinkflag,iscode,isdefined,ismultiselectedenabled,isnextrow,isrevise,istotal,itemtype,label,maxlength,metadataproperty,metaid,metapath,modifiedtime,modifier,position,proid,refcode,refname,relatemeta,required,resid,showformula,textrows,ts,validateformula,visible,width)
            values('0001ZZZZb1b78bddc001','0001ZZZZa80a8bda1a7c','92adc06c-0c3d-4667-b8c6-12e8624f6cb5','pk_busitype','1','#111111',null,'~',204,'' , null,null,null,null,null,'N',0,null,'N','N','N',null,'N','N','N','refer',null,28,'uap.BusitypeVO.businame','','pk_busitype',null,'~',13,'aa776113-666c-4852-9a04-b3b9cdb9b9c5','uap/refer/riart/busitype/index','业务流程',null,'N','app_91H10505_00002',null,null,'2020-05-04 16:02:22',null,'Y',null);
            go
            insert into pub_form_property(pk_form_property,areaid,classid,code,colnum,color,creationtime,creator,datatype,dataval,defaultvalue,defaultvar,define1,define2,define3,disabled,dr,editformula,hyperlinkflag,iscode,isdefined,ismultiselectedenabled,isnextrow,isrevise,istotal,itemtype,label,maxlength,metadataproperty,metaid,metapath,modifiedtime,modifier,position,proid,refcode,refname,relatemeta,required,resid,showformula,textrows,ts,validateformula,visible,width)
            values('0001ZZZZb1b78bddc002','0001ZZZZa80a8bda1a7c','92adc06c-0c3d-4667-b8c6-12e8624f6cb5','pk_transtype','1','#111111',null,'~',204,'' , null,null,null,null,null,'N',0,null,'N','N','N',null,'N','N','N','refer',null,28,'uap.BilltypeVO.billtypename','','pk_transtype',null,'~',17,'c468b613-994f-4a61-9547-18da65d31c51','uap/refer/riart/transtype/index','影响因素交 易类型',null,'N','app_91H10505_00003',null,null,'2020-05-04 16:02:22',null,'Y',null);
            go
            insert into pub_form_property(pk_form_property,areaid,classid,code,colnum,color,creationtime,creator,datatype,dataval,defaultvalue,defaultvar,define1,define2,define3,disabled,dr,editformula,hyperlinkflag,iscode,isdefined,ismultiselectedenabled,isnextrow,isrevise,istotal,itemtype,label,maxlength,metadataproperty,metaid,metapath,modifiedtime,modifier,position,proid,refcode,refname,relatemeta,required,resid,showformula,textrows,ts,validateformula,visible,width)
            values('0001ZZZZb1b78bddc003','0001ZZZZa80a8bda1a7c','92adc06c-0c3d-4667-b8c6-12e8624f6cb5','transtypecode','1','#111111',null,'~',1,null, null,null,null,null,null,'N',0,null,'N','N','N',null,'N','N','N','input',null,28,NULL,'','transtypecode',null,'~',16,'0de534c4-fb7c-49be-a08c-e5bf8efce516','/common-ref/','-99',null,'N','app_91H10505_00004',null,null,'2020-05-04 16:02:22',null,'Y',null);
            go
            insert into pub_form_property(pk_form_property,areaid,classid,code,colnum,color,creationtime,creator,datatype,dataval,defaultvalue,defaultvar,define1,define2,define3,disabled,dr,editformula,hyperlinkflag,iscode,isdefined,ismultiselectedenabled,isnextrow,isrevise,istotal,itemtype,label,maxlength,metadataproperty,metaid,metapath,modifiedtime,modifier,position,proid,refcode,refname,relatemeta,required,resid,showformula,textrows,ts,validateformula,visible,width)
            values('0001ZZZZ78547659396a','0001ZZZZc573c3e056cb','92adc06c-0c3d-4667-b8c6-12e8624f6cb5','modifier','1','#111111',null,'~',204,'', null,null,null,null,null,'N',0,null,'N','N','N',null,'N','N','N','refer',null,28,'uap.user.user_name','','modifier',null,'~',22,'45896d1b-aeb4-47ed-b3a8-47d229521413','uap/refer/riart/userDefaultRefer/index','用户',null,'N','app_91H10505_00005',null,null,'2020-05-04 16:02:22',null,'Y',null);
            go
            insert into pub_form_property(pk_form_property,areaid,classid,code,colnum,color,creationtime,creator,datatype,dataval,defaultvalue,defaultvar,define1,define2,define3,disabled,dr,editformula,hyperlinkflag,iscode,isdefined,ismultiselectedenabled,isnextrow,isrevise,istotal,itemtype,label,maxlength,metadataproperty,metaid,metapath,modifiedtime,modifier,position,proid,refcode,refname,relatemeta,required,resid,showformula,textrows,ts,validateformula,visible,width)
            values('0001ZZZZ48973ee26714','0001ZZZZc573c3e056cb','92adc06c-0c3d-4667-b8c6-12e8624f6cb5','modifiedtime','1','#111111',null,'~',34,null, null,null,null,null,null,'N',0,null,'N','N','N',null,'N','N','N','datetimepicker',null,28,NULL,'','modifiedtime',null,'~',23,'b45bde66-c63f-4cfe-b2f5-c2e3392ded9f','/common-ref/','-99',null,'N','app_91H10505_00006',null,null,'2020-05-04 16:02:22',null,'Y',null);
            go
            insert into pub_form_property(pk_form_property,areaid,classid,code,colnum,color,creationtime,creator,datatype,dataval,defaultvalue,defaultvar,define1,define2,define3,disabled,dr,editformula,hyperlinkflag,iscode,isdefined,ismultiselectedenabled,isnextrow,isrevise,istotal,itemtype,label,maxlength,metadataproperty,metaid,metapath,modifiedtime,modifier,position,proid,refcode,refname,relatemeta,required,resid,showformula,textrows,ts,validateformula,visible,width)
            values('0001ZZZZf9dc124d1682','0001ZZZZc573c3e056cb','92adc06c-0c3d-4667-b8c6-12e8624f6cb5','creator','1','#111111',null,'~',204,'', null,null,null,null,null,'N',0,null,'N','N','N',null,'N','N','N','refer',null,28,'uap.user.user_name','','creator',null,'~',20,'60306a7c-ea51-4098-bd5c-8cfdc2ce0f37','uap/refer/riart/userDefaultRefer/index','用户',null,'N','app_91H10505_00007',null,null,'2020-05-04 16:02:22',null,'Y',null);
            go
            insert into pub_form_property(pk_form_property,areaid,classid,code,colnum,color,creationtime,creator,datatype,dataval,defaultvalue,defaultvar,define1,define2,define3,disabled,dr,editformula,hyperlinkflag,iscode,isdefined,ismultiselectedenabled,isnextrow,isrevise,istotal,itemtype,label,maxlength,metadataproperty,metaid,metapath,modifiedtime,modifier,position,proid,refcode,refname,relatemeta,required,resid,showformula,textrows,ts,validateformula,visible,width)
            values('0001ZZZZ8ca6435ca120','0001ZZZZc573c3e056cb','92adc06c-0c3d-4667-b8c6-12e8624f6cb5','creationtime','1','#111111',null,'~',34,null, null,null,null,null,null,'N',0,null,'N','N','N',null,'N','N','N','datetimepicker',null,28,NULL,'','creationtime',null,'~',21,'c78f7cfe-64dd-4f1e-aa3c-b07cca23882a','/common-ref/','-99',null,'N','app_91H10505_00008',null,null,'2020-05-04 16:02:22',null,'Y',null);
            go
            insert into pub_form_property(pk_form_property,areaid,classid,code,colnum,color,creationtime,creator,datatype,dataval,defaultvalue,defaultvar,define1,define2,define3,disabled,dr,editformula,hyperlinkflag,iscode,isdefined,ismultiselectedenabled,isnextrow,isrevise,istotal,itemtype,label,maxlength,metadataproperty,metaid,metapath,modifiedtime,modifier,position,proid,refcode,refname,relatemeta,required,resid,showformula,textrows,ts,validateformula,visible,width)
            values('0001ZZZZb1b78bddc008','0001ZZZZa80a8bda1a7c','92adc06c-0c3d-4667-b8c6-12e8624f6cb5','billmaker','1','#111111',null,'~',204,'' , null,null,null,null,null,'N',0,null,'N','N','N',null,'N','N','N','refer',null,28,'uap.user.user_name','','billmaker',null,'~',18,'c9403108-8b10-4bc8-adf0-6a61fedb5407','uap/refer/riart/userDefaultRefer/index','用户',null,'N','app_91H10505_00009',null,null,'2020-05-04 16:02:22',null,'Y',null);
            go
            insert into pub_form_property(pk_form_property,areaid,classid,code,colnum,color,creationtime,creator,datatype,dataval,defaultvalue,defaultvar,define1,define2,define3,disabled,dr,editformula,hyperlinkflag,iscode,isdefined,ismultiselectedenabled,isnextrow,isrevise,istotal,itemtype,label,maxlength,metadataproperty,metaid,metapath,modifiedtime,modifier,position,proid,refcode,refname,relatemeta,required,resid,showformula,textrows,ts,validateformula,visible,width)
            values('0001ZZZZb1b78bddc009','0001ZZZZa80a8bda1a7c','92adc06c-0c3d-4667-b8c6-12e8624f6cb5','maketime','1','#111111',null,'~',33,null, null,null,null,null,null,'N',0,null,'N','N','N',null,'N','N','N','datepicker',null,28,NULL,'','maketime',null,'~',19,'f4a57a25-12c7-4fff-a5da-31925c30eae7','/common-ref/','-99',null,'N','app_91H10505_00010',null,null,'2020-05-04 16:02:22',null,'Y',null);
            go
            insert into pub_form_property(pk_form_property,areaid,classid,code,colnum,color,creationtime,creator,datatype,dataval,defaultvalue,defaultvar,define1,define2,define3,disabled,dr,editformula,hyperlinkflag,iscode,isdefined,ismultiselectedenabled,isnextrow,isrevise,istotal,itemtype,label,maxlength,metadataproperty,metaid,metapath,modifiedtime,modifier,position,proid,refcode,refname,relatemeta,required,resid,showformula,textrows,ts,validateformula,visible,width)
            values('0001ZZZZb1b78bddc010','0001ZZZZa80a8bda1a7c','92adc06c-0c3d-4667-b8c6-12e8624f6cb5','vbillcode','1','#111111',null,'~',1,null, null,null,null,null,null,'Y',0,null,'N','N','N',null,'N','N','N','input',null,28,NULL,'','vbillcode',null,'~',12,'06aeebce-a3d1-4f31-a0fe-2c957495b0eb','/common-ref/','-99',null,'N','app_91H10505_00011',null,null,'2020-05-04 16:02:22',null,'Y',null);
            go
            insert into pub_form_property(pk_form_property,areaid,classid,code,colnum,color,creationtime,creator,datatype,dataval,defaultvalue,defaultvar,define1,define2,define3,disabled,dr,editformula,hyperlinkflag,iscode,isdefined,ismultiselectedenabled,isnextrow,isrevise,istotal,itemtype,label,maxlength,metadataproperty,metaid,metapath,modifiedtime,modifier,position,proid,refcode,refname,relatemeta,required,resid,showformula,textrows,ts,validateformula,visible,width)
            values('0001ZZZZb1b78bddc011','0001ZZZZa80a8bda1a7c','92adc06c-0c3d-4667-b8c6-12e8624f6cb5','dbilldate','1','#111111',null,'~',33,null, null,null,null,null,null,'N',0,null,'N','N','N',null,'N','N','N','datepicker',null,28,NULL,'','dbilldate',null,'~',6,'62e9b139-1232-44e7-825a-4d85cc05ecf4','/common-ref/','-99',null,'N','app_91H10505_00012',null,null,'2020-05-04 16:02:22',null,'Y',null);
            go
            insert into pub_form_property(pk_form_property,areaid,classid,code,colnum,color,creationtime,creator,datatype,dataval,defaultvalue,defaultvar,define1,define2,define3,disabled,dr,editformula,hyperlinkflag,iscode,isdefined,ismultiselectedenabled,isnextrow,isrevise,istotal,itemtype,label,maxlength,metadataproperty,metaid,metapath,modifiedtime,modifier,position,proid,refcode,refname,relatemeta,required,resid,showformula,textrows,ts,validateformula,visible,width)
            values('0001ZZZZb1b78bddc012','0001ZZZZa80a8bda1a7c','92adc06c-0c3d-4667-b8c6-12e8624f6cb5','fstatusflag','1','#111111',null,'~',203,'自由=-1,审批未通过=0,审批通过=1,审批进行中=2,提交=3', null,null,null,null,null,'N',0,null,'N','N','N',null,'N','N','N','select',null,28,NULL,'','fstatusflag',null,'~',11,'4cc3c245-47ae-402f-b898-85e2bc04abd1','/common-ref/','-99',null,'N','app_91H10505_00013',null,null,'2020-05-04 16:02:22',null,'Y',null);
            go
            insert into pub_form_property(pk_form_property,areaid,classid,code,colnum,color,creationtime,creator,datatype,dataval,defaultvalue,defaultvar,define1,define2,define3,disabled,dr,editformula,hyperlinkflag,iscode,isdefined,ismultiselectedenabled,isnextrow,isrevise,istotal,itemtype,label,maxlength,metadataproperty,metaid,metapath,modifiedtime,modifier,position,proid,refcode,refname,relatemeta,required,resid,showformula,textrows,ts,validateformula,visible,width)
            values('0001ZZZZb1b78bddc013','0001ZZZZa80a8bda1a7c','92adc06c-0c3d-4667-b8c6-12e8624f6cb5','pk_billtypeid','1','#111111',null,'~',204,'' , null,null,null,null,null,'N',0,null,'N','N','N',null,'N','N','N','refer',null,28,'uap.BilltypeVO.billtypename','','pk_billtypeid',null,'~',14,'ea6c452f-24e5-4828-93e8-f7fb24aa22e9','uap/refer/riart/billtype/index','影响因素单据类型',null,'N','app_91H10505_00014',null,null,'2020-05-04 16:02:22',null,'Y',null);
            go
            insert into pub_form_property(pk_form_property,areaid,classid,code,colnum,color,creationtime,creator,datatype,dataval,defaultvalue,defaultvar,define1,define2,define3,disabled,dr,editformula,hyperlinkflag,iscode,isdefined,ismultiselectedenabled,isnextrow,isrevise,istotal,itemtype,label,maxlength,metadataproperty,metaid,metapath,modifiedtime,modifier,position,proid,refcode,refname,relatemeta,required,resid,showformula,textrows,ts,validateformula,visible,width)
            values('0001ZZZZb1b78bddc014','0001ZZZZa80a8bda1a7c','92adc06c-0c3d-4667-b8c6-12e8624f6cb5','billtype','1','#111111',null,'~',1,null, null,null,null,null,null,'N',0,null,'N','N','N',null,'N','N','N','input',null,28,NULL,'','billtype',null,'~',15,'e59940dd-f0b6-4ba9-b6e8-453cbd9f87d1','/common-ref/','-99',null,'N','app_91H10505_00015',null,null,'2020-05-04 16:02:22',null,'Y',null);
            go
            insert into pub_form_property(pk_form_property,areaid,classid,code,colnum,color,creationtime,creator,datatype,dataval,defaultvalue,defaultvar,define1,define2,define3,disabled,dr,editformula,hyperlinkflag,iscode,isdefined,ismultiselectedenabled,isnextrow,isrevise,istotal,itemtype,label,maxlength,metadataproperty,metaid,metapath,modifiedtime,modifier,position,proid,refcode,refname,relatemeta,required,resid,showformula,textrows,ts,validateformula,visible,width)
            values('0001ZZZZb1b78bddc015','0001ZZZZa80a8bda1a7c','92adc06c-0c3d-4667-b8c6-12e8624f6cb5','revisitdate','1','#111111',null,'~',33,null, null,null,null,null,null,'N',0,null,'N','N','N',null,'N','N','N','datepicker',null,28,NULL,'','revisitdate',null,'~',7,'0df76815-65d2-49f5-9302-cf8301a60f15','/common-ref/','-99',null,'N','app_91H10505_00016',null,null,'2020-05-04 16:02:22',null,'Y',null);
            go
            insert into pub_form_property(pk_form_property,areaid,classid,code,colnum,color,creationtime,creator,datatype,dataval,defaultvalue,defaultvar,define1,define2,define3,disabled,dr,editformula,hyperlinkflag,iscode,isdefined,ismultiselectedenabled,isnextrow,isrevise,istotal,itemtype,label,maxlength,metadataproperty,metaid,metapath,modifiedtime,modifier,position,proid,refcode,refname,relatemeta,required,resid,showformula,textrows,ts,validateformula,visible,width)
            values('0001ZZZZb1b78bddc016','0001ZZZZa80a8bda1a7c','92adc06c-0c3d-4667-b8c6-12e8624f6cb5','vnote','1','#111111',null,'~',1,null, null,null,null,null,null,'N',0,null,'N','N','N',null,'N','N','N','input',null,28,NULL,'','vnote',null,'~',27,'b846aed8-f057-4fa9-939a-e19383254e3c','/common-ref/','-99',null,'N','app_91H10505_00017',null,null,'2020-05-04 16:02:22',null,'Y',null);
            go
            insert into pub_form_property(pk_form_property,areaid,classid,code,colnum,color,creationtime,creator,datatype,dataval,defaultvalue,defaultvar,define1,define2,define3,disabled,dr,editformula,hyperlinkflag,iscode,isdefined,ismultiselectedenabled,isnextrow,isrevise,istotal,itemtype,label,maxlength,metadataproperty,metaid,metapath,modifiedtime,modifier,position,proid,refcode,refname,relatemeta,required,resid,showformula,textrows,ts,validateformula,visible,width)
            values('0001ZZZZ9415355d55ca','0001ZZZZc573c3e056cb','92adc06c-0c3d-4667-b8c6-12e8624f6cb5','approver','1','#111111',null,'~',204,'', null,null,null,null,null,'N',0,null,'N','N','N',null,'N','N','N','refer',null,28,'uap.user.user_name','','approver',null,'~',24,'3aa8f4bd-e889-4d43-a1b1-8dae597ed5b2','uap/refer/riart/userDefaultRefer/index','用户',null,'N','app_91H10505_00018',null,null,'2020-05-04 16:02:22',null,'Y',null);
            go
            insert into pub_form_property(pk_form_property,areaid,classid,code,colnum,color,creationtime,creator,datatype,dataval,defaultvalue,defaultvar,define1,define2,define3,disabled,dr,editformula,hyperlinkflag,iscode,isdefined,ismultiselectedenabled,isnextrow,isrevise,istotal,itemtype,label,maxlength,metadataproperty,metaid,metapath,modifiedtime,modifier,position,proid,refcode,refname,relatemeta,required,resid,showformula,textrows,ts,validateformula,visible,width)
            values('0001ZZZZ0bc31bac05a7','0001ZZZZc573c3e056cb','92adc06c-0c3d-4667-b8c6-12e8624f6cb5','approvenote','1','#111111',null,'~',1,null, null,null,null,null,null,'N',0,null,'N','N','N',null,'N','N','N','input',null,28,NULL,'','approvenote',null,'~',26,'61c6bcea-355c-45fe-8fb1-21f65327b2b9','/common-ref/','-99',null,'N','app_91H10505_00019',null,null,'2020-05-04 16:02:22',null,'Y',null);
            go
            insert into pub_form_property(pk_form_property,areaid,classid,code,colnum,color,creationtime,creator,datatype,dataval,defaultvalue,defaultvar,define1,define2,define3,disabled,dr,editformula,hyperlinkflag,iscode,isdefined,ismultiselectedenabled,isnextrow,isrevise,istotal,itemtype,label,maxlength,metadataproperty,metaid,metapath,modifiedtime,modifier,position,proid,refcode,refname,relatemeta,required,resid,showformula,textrows,ts,validateformula,visible,width)
            values('0001ZZZZdb0b937f1e13','0001ZZZZc573c3e056cb','92adc06c-0c3d-4667-b8c6-12e8624f6cb5','approvedate','1','#111111',null,'~',34,null, null,null,null,null,null,'N',0,null,'N','N','N',null,'N','N','N','datetimepicker',null,28,NULL,'','approvedate',null,'~',2,'41d19081-763c-40e6-b542-a7a9e179377a','/common-ref/','-99',null,'N','app_91H10505_00020',null,null,'2020-05-04 16:02:22',null,'Y',null);
            go
            insert into pub_form_property(pk_form_property,areaid,classid,code,colnum,color,creationtime,creator,datatype,dataval,defaultvalue,defaultvar,define1,define2,define3,disabled,dr,editformula,hyperlinkflag,iscode,isdefined,ismultiselectedenabled,isnextrow,isrevise,istotal,itemtype,label,maxlength,metadataproperty,metaid,metapath,modifiedtime,modifier,position,proid,refcode,refname,relatemeta,required,resid,showformula,textrows,ts,validateformula,visible,width)
            values('0001ZZZZb1b78bddc020','0001ZZZZa80a8bda1a7c','92adc06c-0c3d-4667-b8c6-12e8624f6cb5','approvestatus','1','#111111',null,'~',203,'自由=-1,审批未通过=0,审批通过=1,审批进行中=2,提交=3', null,null,null,null,null,'N',0,null,'N','N','N',null,'N','N','N','select',null,28,NULL,'','approvestatus',null,'~',25,'5a8d9e79-37e6-419d-a054-e6bf14a6aad0','/common-ref/','-99',null,'N','app_91H10505_00021',null,null,'2020-05-04 16:02:22',null,'Y',null);
            go
            insert into pub_form_property(pk_form_property,areaid,classid,code,colnum,color,creationtime,creator,datatype,dataval,defaultvalue,defaultvar,define1,define2,define3,disabled,dr,editformula,hyperlinkflag,iscode,isdefined,ismultiselectedenabled,isnextrow,isrevise,istotal,itemtype,label,maxlength,metadataproperty,metaid,metapath,modifiedtime,modifier,position,proid,refcode,refname,relatemeta,required,resid,showformula,textrows,ts,validateformula,visible,width)
            values('0001ZZZZb1b78bddc021','0001ZZZZa80a8bda1a7c','92adc06c-0c3d-4667-b8c6-12e8624f6cb5','custname','1','#111111',null,'~',204,'' , null,null,null,null,null,'N',0,null,'N','N','N',null,'N','N','N','refer',null,28,'uap.customer.name','','custname',null,'~',8,'2c5f98b9-503a-48e7-b226-87ee848ab490','uapbd/refer/customer/CustomerDefaultTreeGridRef/index','客户档案',null,'N','app_91H10505_00022',null,null,'2020-05-04 16:02:22',null,'Y',null);
            go
            insert into pub_form_property(pk_form_property,areaid,classid,code,colnum,color,creationtime,creator,datatype,dataval,defaultvalue,defaultvar,define1,define2,define3,disabled,dr,editformula,hyperlinkflag,iscode,isdefined,ismultiselectedenabled,isnextrow,isrevise,istotal,itemtype,label,maxlength,metadataproperty,metaid,metapath,modifiedtime,modifier,position,proid,refcode,refname,relatemeta,required,resid,showformula,textrows,ts,validateformula,visible,width)
            values('0001ZZZZb1b78bddc036','0001ZZZZa80a8bda1a7c','92adc06c-0c3d-4667-b8c6-12e8624f6cb5','pk_org','1','#111111',null,'~',204,'' , null,null,null,null,null,'N',0,null,'N','N','N',null,'N','N','N','refer',null,28,'uap.org.name','','pk_org',null,'~',4,'ce479ef8-1390-45ce-b1d1-a49c406bd505','uapbd/refer/org/BusinessUnitAndDeptTreeRef/index','业务单元及部门',null,'N','app_91H10505_00037',null,null,'2020-05-04 16:02:22',null,'Y',null);
            go
            insert into pub_form_property(pk_form_property,areaid,classid,code,colnum,color,creationtime,creator,datatype,dataval,defaultvalue,defaultvar,define1,define2,define3,disabled,dr,editformula,hyperlinkflag,iscode,isdefined,ismultiselectedenabled,isnextrow,isrevise,istotal,itemtype,label,maxlength,metadataproperty,metaid,metapath,modifiedtime,modifier,position,proid,refcode,refname,relatemeta,required,resid,showformula,textrows,ts,validateformula,visible,width)
            values('0001ZZZZb1b78bddc037','0001ZZZZa80a8bda1a7c','92adc06c-0c3d-4667-b8c6-12e8624f6cb5','pk_org_v','1','#111111',null,'~',204,'' , null,null,null,null,null,'N',0,null,'N','N','N',null,'N','N','N','refer',null,28,'uap.org_v.name','','pk_org_v',null,'~',5,'d423aeaf-eb6e-4518-90c5-b464c1f2e003','uapbd/refer/orgv/BusinessUnitVersionDefaultAllTreeRef/index','业务单元版本(所有)',null,'N','app_91H10505_00038',null,null,'2020-05-04 16:02:22',null,'N',null);
            go
            insert into pub_form_property(pk_form_property,areaid,classid,code,colnum,color,creationtime,creator,datatype,dataval,defaultvalue,defaultvar,define1,define2,define3,disabled,dr,editformula,hyperlinkflag,iscode,isdefined,ismultiselectedenabled,isnextrow,isrevise,istotal,itemtype,label,maxlength,metadataproperty,metaid,metapath,modifiedtime,modifier,position,proid,refcode,refname,relatemeta,required,resid,showformula,textrows,ts,validateformula,visible,width)
            values('0001ZZZZb1b78bddc038','0001ZZZZa80a8bda1a7c','92adc06c-0c3d-4667-b8c6-12e8624f6cb5','handingperson','1','#111111',null,'~',204,'' , null,null,null,null,null,'N',0,null,'N','N','N',null,'N','N','N','refer',null,28,NULL,'','handingperson',null,'~',10,'8c7a34c7-554e-48fe-ba2f-2fa30bafbb31','uapbd/refer/psninfo/PsndocRiartTreeGridRef/index','人员',null,'N','app_91H10505_00039',null,null,'2020-05-04 16:02:22',null,'Y',null);
            go
            insert into pub_form_property(pk_form_property,areaid,classid,code,colnum,color,creationtime,creator,datatype,dataval,defaultvalue,defaultvar,define1,define2,define3,disabled,dr,editformula,hyperlinkflag,iscode,isdefined,ismultiselectedenabled,isnextrow,isrevise,istotal,itemtype,label,maxlength,metadataproperty,metaid,metapath,modifiedtime,modifier,position,proid,refcode,refname,relatemeta,required,resid,showformula,textrows,ts,validateformula,visible,width)
            values('0001ZZZZb1b78bddc039','0001ZZZZa80a8bda1a7c','92adc06c-0c3d-4667-b8c6-12e8624f6cb5','handingdept','1','#111111',null,'~',204,'' , null,null,null,null,null,'N',0,null,'N','N','N',null,'N','N','N','refer',null,28,'uap.dept.name','','handingdept',null,'~',9,'bff9e953-bd10-4c53-ab6b-cbbbcbf95a0d','uapbd/refer/org/DeptTreeRef/index','部门',null,'N','app_91H10505_00040',null,null,'2020-05-04 16:02:22',null,'Y',null);
            go
            insert into pub_form_property(pk_form_property,areaid,classid,code,colnum,color,creationtime,creator,datatype,dataval,defaultvalue,defaultvar,define1,define2,define3,disabled,dr,editformula,hyperlinkflag,iscode,isdefined,ismultiselectedenabled,isnextrow,isrevise,istotal,itemtype,label,maxlength,metadataproperty,metaid,metapath,modifiedtime,modifier,position,proid,refcode,refname,relatemeta,required,resid,showformula,textrows,ts,validateformula,visible,width)
            values('0001ZZZZb1b78bddc090','0001ZZZZa80a8bda1a7c','92adc06c-0c3d-4667-b8c6-12e8624f6cb5','pk_group','1','#111111',null,'~',204,'' , null,null,null,null,null,'N',0,null,'N','N','N',null,'N','N','N','refer',null,28,'uap.group.name','','pk_group',null,'~',3,'c58bb85e-f57a-4cdb-9b0d-875806195431','uap/refer/riart/groupTreeRef/index','集团',null,'N','app_91H10505_00091',null,null,'2020-05-04 16:02:22',null,'Y',null);
            go






            insert into pub_form_property(pk_form_property,areaid,classid,code,colnum,color,creationtime,creator,datatype,dataval,defaultvalue,defaultvar,define1,define2,define3,disabled,dr,editformula,hyperlinkflag,iscode,isdefined,ismultiselectedenabled,isnextrow,isrevise,istotal,itemtype,label,maxlength,metadataproperty,metaid,metapath,modifiedtime,modifier,position,proid,refcode,refname,relatemeta,required,resid,showformula,textrows,ts,validateformula,visible,width)
            values('0001ZZZZ9724c339b001','0001ZZZZbb5249d486e6','37bd045a-cc27-4f6b-a969-e946eed05117','projectname','1','#111111',null,'~',1,null, null,null,null,null,null,'N',0,null,'N','N','N',null,'N','N','N','input','名称',28,NULL,'','id_custregisterbvo.projectname',null,'~',4,'0bd9ca54-f510-4aa0-ac6e-5facd48fc7ea',null,null,null,'N','app_91H10505_00001',null,null,'2020-05-04 16:02:22',null,'Y',null);
            go
            insert into pub_form_property(pk_form_property,areaid,classid,code,colnum,color,creationtime,creator,datatype,dataval,defaultvalue,defaultvar,define1,define2,define3,disabled,dr,editformula,hyperlinkflag,iscode,isdefined,ismultiselectedenabled,isnextrow,isrevise,istotal,itemtype,label,maxlength,metadataproperty,metaid,metapath,modifiedtime,modifier,position,proid,refcode,refname,relatemeta,required,resid,showformula,textrows,ts,validateformula,visible,width)
            values('0001ZZZZ9724c339b002','0001ZZZZbb5249d486e6','37bd045a-cc27-4f6b-a969-e946eed05117','projectcode','1','#111111',null,'~',1,null, null,null,null,null,null,'N',0,null,'N','N','N',null,'N','N','N','input','编号',28,NULL,'','id_custregisterbvo.projectcode',null,'~',3,'808f81c7-627a-47b8-b847-c73145ac9077',null,null,null,'N','app_91H10505_00003',null,null,'2020-05-04 16:02:22',null,'Y',null);
            go
            insert into pub_form_property(pk_form_property,areaid,classid,code,colnum,color,creationtime,creator,datatype,dataval,defaultvalue,defaultvar,define1,define2,define3,disabled,dr,editformula,hyperlinkflag,iscode,isdefined,ismultiselectedenabled,isnextrow,isrevise,istotal,itemtype,label,maxlength,metadataproperty,metaid,metapath,modifiedtime,modifier,position,proid,refcode,refname,relatemeta,required,resid,showformula,textrows,ts,validateformula,visible,width)
            values('0001ZZZZ9724c339b003','0001ZZZZbb5249d486e6','37bd045a-cc27-4f6b-a969-e946eed05117','rowno','1','#111111',null,'~',1,null, null,null,null,null,null,'N',0,null,'N','N','N',null,'N','N','N','input','行号',28,NULL,'','id_custregisterbvo.rowno',null,'~',2,'b87d371a-bd4f-4f73-ad4b-91a3e84ea812',null,null,null,'N','app_91H10505_00054',null,null,'2020-05-04 16:02:22',null,'Y',null);
            go

            insert into pub_form_property(pk_form_property,areaid,classid,code,colnum,color,creationtime,creator,datatype,dataval,defaultvalue,defaultvar,define1,define2,define3,disabled,dr,editformula,hyperlinkflag,iscode,isdefined,ismultiselectedenabled,isnextrow,isrevise,istotal,itemtype,label,maxlength,metadataproperty,metaid,metapath,modifiedtime,modifier,position,proid,refcode,refname,relatemeta,required,resid,showformula,textrows,ts,validateformula,visible,width)
            values('0001ZZZZ793cbe7df001','0001ZZZZ7b941de38f15','37bd045a-cc27-4f6b-a969-e946eed05117','projectname','1','#111111',null,'~',1,null, null,null,null,null,null,'N',0,null,'N','N','N',null,'N','N','N','input','名称',28,NULL,'','id_custregisterbvo.projectname',null,'~',4,'42298d2f-9cf1-452b-951d-3640039a040a',null,null,null,'N','app_91H10505_00001',null,null,'2020-05-04 16:02:22',null,'Y',null);
            go
            insert into pub_form_property(pk_form_property,areaid,classid,code,colnum,color,creationtime,creator,datatype,dataval,defaultvalue,defaultvar,define1,define2,define3,disabled,dr,editformula,hyperlinkflag,iscode,isdefined,ismultiselectedenabled,isnextrow,isrevise,istotal,itemtype,label,maxlength,metadataproperty,metaid,metapath,modifiedtime,modifier,position,proid,refcode,refname,relatemeta,required,resid,showformula,textrows,ts,validateformula,visible,width)
            values('0001ZZZZ793cbe7df002','0001ZZZZ7b941de38f15','37bd045a-cc27-4f6b-a969-e946eed05117','projectcode','1','#111111',null,'~',1,null, null,null,null,null,null,'N',0,null,'N','N','N',null,'N','N','N','input','编号',28,NULL,'','id_custregisterbvo.projectcode',null,'~',3,'8c6bec3e-532e-4539-b3ef-40fc09777ddd',null,null,null,'N','app_91H10505_00003',null,null,'2020-05-04 16:02:22',null,'Y',null);
            go
            insert into pub_form_property(pk_form_property,areaid,classid,code,colnum,color,creationtime,creator,datatype,dataval,defaultvalue,defaultvar,define1,define2,define3,disabled,dr,editformula,hyperlinkflag,iscode,isdefined,ismultiselectedenabled,isnextrow,isrevise,istotal,itemtype,label,maxlength,metadataproperty,metaid,metapath,modifiedtime,modifier,position,proid,refcode,refname,relatemeta,required,resid,showformula,textrows,ts,validateformula,visible,width)
            values('0001ZZZZ793cbe7df003','0001ZZZZ7b941de38f15','37bd045a-cc27-4f6b-a969-e946eed05117','rowno','1','#111111',null,'~',1,null, null,null,null,null,null,'N',0,null,'N','N','N',null,'N','N','N','input','行号',28,NULL,'','id_custregisterbvo.rowno',null,'~',2,'5c27a30c-69bf-4490-b91f-73301b58ab64',null,null,null,'N','app_91H10505_00054',null,null,'2020-05-04 16:02:22',null,'Y',null);
            go

            insert into pub_form_property(pk_form_property,areaid,classid,code,colnum,color,creationtime,creator,datatype,dataval,defaultvalue,defaultvar,define1,define2,define3,disabled,dr,editformula,hyperlinkflag,iscode,isdefined,ismultiselectedenabled,isnextrow,isrevise,istotal,itemtype,label,maxlength,metadataproperty,metaid,metapath,modifiedtime,modifier,position,proid,refcode,refname,relatemeta,required,resid,showformula,textrows,ts,validateformula,visible,width)
            values('0001ZZZZec69fc746001','0001ZZZZfa9e75ee8e0a','37bd045a-cc27-4f6b-a969-e946eed05117','projectname','1','#111111',null,'~',1,null, null,null,null,null,null,'N',0,null,'N','N','N',null,'N','N','N','input','名称',28,NULL,'','id_custregisterbvo.projectname',null,'~',4,'0c4a6445-f149-41eb-acd5-3e8bebf01ac0',null,null,null,'N','app_91H10505_00001',null,null,'2020-05-04 16:02:22',null,'Y',null);
            go
            insert into pub_form_property(pk_form_property,areaid,classid,code,colnum,color,creationtime,creator,datatype,dataval,defaultvalue,defaultvar,define1,define2,define3,disabled,dr,editformula,hyperlinkflag,iscode,isdefined,ismultiselectedenabled,isnextrow,isrevise,istotal,itemtype,label,maxlength,metadataproperty,metaid,metapath,modifiedtime,modifier,position,proid,refcode,refname,relatemeta,required,resid,showformula,textrows,ts,validateformula,visible,width)
            values('0001ZZZZec69fc746002','0001ZZZZfa9e75ee8e0a','37bd045a-cc27-4f6b-a969-e946eed05117','projectcode','1','#111111',null,'~',1,null, null,null,null,null,null,'N',0,null,'N','N','N',null,'N','N','N','input','编号',28,NULL,'','id_custregisterbvo.projectcode',null,'~',3,'b26ba019-7a26-4ba4-8091-a3149d1f6113',null,null,null,'N','app_91H10505_00003',null,null,'2020-05-04 16:02:22',null,'Y',null);
            go
            insert into pub_form_property(pk_form_property,areaid,classid,code,colnum,color,creationtime,creator,datatype,dataval,defaultvalue,defaultvar,define1,define2,define3,disabled,dr,editformula,hyperlinkflag,iscode,isdefined,ismultiselectedenabled,isnextrow,isrevise,istotal,itemtype,label,maxlength,metadataproperty,metaid,metapath,modifiedtime,modifier,position,proid,refcode,refname,relatemeta,required,resid,showformula,textrows,ts,validateformula,visible,width)
            values('0001ZZZZec69fc746003','0001ZZZZfa9e75ee8e0a','37bd045a-cc27-4f6b-a969-e946eed05117','rowno','1','#111111',null,'~',1,null, null,null,null,null,null,'N',0,null,'N','N','N',null,'N','N','N','input','行号',28,NULL,'','id_custregisterbvo.rowno',null,'~',2,'6ff1f0e5-5155-4380-9c43-61ce8c3dd98f',null,null,null,'N','app_91H10505_00054',null,null,'2020-05-04 16:02:22',null,'Y',null);
            go











            insert into pub_form_property(pk_form_property,areaid,classid,code,colnum,color,creationtime,creator,datatype,dataval,defaultvalue,defaultvar,define1,define2,define3,disabled,dr,editformula,hyperlinkflag,iscode,isdefined,ismultiselectedenabled,isnextrow,isrevise,istotal,itemtype,label,maxlength,metadataproperty,metaid,metapath,modifiedtime,modifier,position,proid,refcode,refname,relatemeta,required,resid,showformula,textrows,ts,validateformula,visible,width)
            values('0001ZZZZ3b514eba6001','0001ZZZZ106536cea6ae','92adc06c-0c3d-4667-b8c6-12e8624f6cb5','pk_busitype','1','#111111',null,'~',204,null, null,null,null,null,null,'N',0,null,'N','N','N',null,'N','N','N','refer',null,28,'uap.BusitypeVO.businame','','pk_busitype',null,'~',13,'2cc5805c-372c-45d7-ad92-e2ea15f8fc4d','uap/refer/riart/busitype/index','业务流程',null,'N',null,null,null,'2020-05-04 16:02:22',null,'Y',null);
            go
            insert into pub_form_property(pk_form_property,areaid,classid,code,colnum,color,creationtime,creator,datatype,dataval,defaultvalue,defaultvar,define1,define2,define3,disabled,dr,editformula,hyperlinkflag,iscode,isdefined,ismultiselectedenabled,isnextrow,isrevise,istotal,itemtype,label,maxlength,metadataproperty,metaid,metapath,modifiedtime,modifier,position,proid,refcode,refname,relatemeta,required,resid,showformula,textrows,ts,validateformula,visible,width)
            values('0001ZZZZ3b514eba6002','0001ZZZZ106536cea6ae','92adc06c-0c3d-4667-b8c6-12e8624f6cb5','pk_transtype','1','#111111',null,'~',204,null, null,null,null,null,null,'N',0,null,'N','N','N',null,'N','N','N','refer',null,28,'uap.BilltypeVO.billtypename','','pk_transtype',null,'~',17,'2bbc4b4c-a8a2-4cf4-8939-9650b155b0cd','uap/refer/riart/transtype/index','影响因素交 易类型',null,'N',null,null,null,'2020-05-04 16:02:22',null,'Y',null);
            go
            insert into pub_form_property(pk_form_property,areaid,classid,code,colnum,color,creationtime,creator,datatype,dataval,defaultvalue,defaultvar,define1,define2,define3,disabled,dr,editformula,hyperlinkflag,iscode,isdefined,ismultiselectedenabled,isnextrow,isrevise,istotal,itemtype,label,maxlength,metadataproperty,metaid,metapath,modifiedtime,modifier,position,proid,refcode,refname,relatemeta,required,resid,showformula,textrows,ts,validateformula,visible,width)
            values('0001ZZZZ3b514eba6003','0001ZZZZ106536cea6ae','92adc06c-0c3d-4667-b8c6-12e8624f6cb5','transtypecode','1','#111111',null,'~',1,null, null,null,null,null,null,'N',0,null,'N','N','N',null,'N','N','N','input',null,28,NULL,'','transtypecode',null,'~',16,'f40e3d4f-f11c-4f95-bd28-0c3a3b16d02f','/common-ref/','-99',null,'N',null,null,null,'2020-05-04 16:02:22',null,'Y',null);
            go
            insert into pub_form_property(pk_form_property,areaid,classid,code,colnum,color,creationtime,creator,datatype,dataval,defaultvalue,defaultvar,define1,define2,define3,disabled,dr,editformula,hyperlinkflag,iscode,isdefined,ismultiselectedenabled,isnextrow,isrevise,istotal,itemtype,label,maxlength,metadataproperty,metaid,metapath,modifiedtime,modifier,position,proid,refcode,refname,relatemeta,required,resid,showformula,textrows,ts,validateformula,visible,width)
            values('0001ZZZZef544ed08e39','0001ZZZZ89b75d54b772','92adc06c-0c3d-4667-b8c6-12e8624f6cb5','modifier','1','#111111',null,'~',204,null, null,null,null,null,null,'N',0,null,'N','N','N',null,'N','N','N','refer',null,28,'uap.user.user_name','','modifier',null,'~',22,'0b24fc0d-8339-4af2-bc92-8f345e0c91b3','uap/refer/riart/userDefaultRefer/index','用户',null,'N',null,null,null,'2020-05-04 16:02:22',null,'Y',null);
            go
            insert into pub_form_property(pk_form_property,areaid,classid,code,colnum,color,creationtime,creator,datatype,dataval,defaultvalue,defaultvar,define1,define2,define3,disabled,dr,editformula,hyperlinkflag,iscode,isdefined,ismultiselectedenabled,isnextrow,isrevise,istotal,itemtype,label,maxlength,metadataproperty,metaid,metapath,modifiedtime,modifier,position,proid,refcode,refname,relatemeta,required,resid,showformula,textrows,ts,validateformula,visible,width)
            values('0001ZZZZd9698bc1117b','0001ZZZZ89b75d54b772','92adc06c-0c3d-4667-b8c6-12e8624f6cb5','modifiedtime','1','#111111',null,'~',34,null, null,null,null,null,null,'N',0,null,'N','N','N',null,'N','N','N','datetimepicker',null,28,NULL,'','modifiedtime',null,'~',23,'5eb81f52-ac82-4b6b-b0e1-5c929de57d63','/common-ref/','-99',null,'N',null,null,null,'2020-05-04 16:02:22',null,'Y',null);
            go
            insert into pub_form_property(pk_form_property,areaid,classid,code,colnum,color,creationtime,creator,datatype,dataval,defaultvalue,defaultvar,define1,define2,define3,disabled,dr,editformula,hyperlinkflag,iscode,isdefined,ismultiselectedenabled,isnextrow,isrevise,istotal,itemtype,label,maxlength,metadataproperty,metaid,metapath,modifiedtime,modifier,position,proid,refcode,refname,relatemeta,required,resid,showformula,textrows,ts,validateformula,visible,width)
            values('0001ZZZZ56d8657481b0','0001ZZZZ89b75d54b772','92adc06c-0c3d-4667-b8c6-12e8624f6cb5','creator','1','#111111',null,'~',204,null, null,null,null,null,null,'N',0,null,'N','N','N',null,'N','N','N','refer',null,28,'uap.user.user_name','','creator',null,'~',20,'7a9ba53b-5725-4173-bb40-ebe2620532aa','uap/refer/riart/userDefaultRefer/index','用户',null,'N',null,null,null,'2020-05-04 16:02:22',null,'Y',null);
            go
            insert into pub_form_property(pk_form_property,areaid,classid,code,colnum,color,creationtime,creator,datatype,dataval,defaultvalue,defaultvar,define1,define2,define3,disabled,dr,editformula,hyperlinkflag,iscode,isdefined,ismultiselectedenabled,isnextrow,isrevise,istotal,itemtype,label,maxlength,metadataproperty,metaid,metapath,modifiedtime,modifier,position,proid,refcode,refname,relatemeta,required,resid,showformula,textrows,ts,validateformula,visible,width)
            values('0001ZZZZb1b355b5586a','0001ZZZZ89b75d54b772','92adc06c-0c3d-4667-b8c6-12e8624f6cb5','creationtime','1','#111111',null,'~',34,null, null,null,null,null,null,'N',0,null,'N','N','N',null,'N','N','N','datetimepicker',null,28,NULL,'','creationtime',null,'~',21,'9414b38a-9148-43c3-8085-132388e2afa3','/common-ref/','-99',null,'N',null,null,null,'2020-05-04 16:02:22',null,'Y',null);
            go
            insert into pub_form_property(pk_form_property,areaid,classid,code,colnum,color,creationtime,creator,datatype,dataval,defaultvalue,defaultvar,define1,define2,define3,disabled,dr,editformula,hyperlinkflag,iscode,isdefined,ismultiselectedenabled,isnextrow,isrevise,istotal,itemtype,label,maxlength,metadataproperty,metaid,metapath,modifiedtime,modifier,position,proid,refcode,refname,relatemeta,required,resid,showformula,textrows,ts,validateformula,visible,width)
            values('0001ZZZZ3b514eba6008','0001ZZZZ106536cea6ae','92adc06c-0c3d-4667-b8c6-12e8624f6cb5','billmaker','1','#111111',null,'~',204,null, null,null,null,null,null,'N',0,null,'N','N','N',null,'N','N','N','refer',null,28,'uap.user.user_name','','billmaker',null,'~',18,'664e7ae3-901f-4f95-8c8c-d207c8eb9a5a','uap/refer/riart/userDefaultRefer/index','用户',null,'N',null,null,null,'2020-05-04 16:02:22',null,'Y',null);
            go
            insert into pub_form_property(pk_form_property,areaid,classid,code,colnum,color,creationtime,creator,datatype,dataval,defaultvalue,defaultvar,define1,define2,define3,disabled,dr,editformula,hyperlinkflag,iscode,isdefined,ismultiselectedenabled,isnextrow,isrevise,istotal,itemtype,label,maxlength,metadataproperty,metaid,metapath,modifiedtime,modifier,position,proid,refcode,refname,relatemeta,required,resid,showformula,textrows,ts,validateformula,visible,width)
            values('0001ZZZZ3b514eba6009','0001ZZZZ106536cea6ae','92adc06c-0c3d-4667-b8c6-12e8624f6cb5','maketime','1','#111111',null,'~',33,null, null,null,null,null,null,'N',0,null,'N','N','N',null,'N','N','N','datepicker',null,28,NULL,'','maketime',null,'~',19,'eeb80fb6-853f-4376-bbba-9bb75165394d','/common-ref/','-99',null,'N',null,null,null,'2020-05-04 16:02:22',null,'Y',null);
            go
            insert into pub_form_property(pk_form_property,areaid,classid,code,colnum,color,creationtime,creator,datatype,dataval,defaultvalue,defaultvar,define1,define2,define3,disabled,dr,editformula,hyperlinkflag,iscode,isdefined,ismultiselectedenabled,isnextrow,isrevise,istotal,itemtype,label,maxlength,metadataproperty,metaid,metapath,modifiedtime,modifier,position,proid,refcode,refname,relatemeta,required,resid,showformula,textrows,ts,validateformula,visible,width)
            values('0001ZZZZ3b514eba6010','0001ZZZZ106536cea6ae','92adc06c-0c3d-4667-b8c6-12e8624f6cb5','vbillcode','1','#111111',null,'~',1,null, null,null,null,null,null,'Y',0,null,'N','N','N',null,'N','N','N','input',null,28,NULL,'','vbillcode',null,'~',12,'2a65fb4f-fda6-410b-9c5a-1a2482b9797e','/common-ref/','-99',null,'N',null,null,null,'2020-05-04 16:02:22',null,'Y',null);
            go
            insert into pub_form_property(pk_form_property,areaid,classid,code,colnum,color,creationtime,creator,datatype,dataval,defaultvalue,defaultvar,define1,define2,define3,disabled,dr,editformula,hyperlinkflag,iscode,isdefined,ismultiselectedenabled,isnextrow,isrevise,istotal,itemtype,label,maxlength,metadataproperty,metaid,metapath,modifiedtime,modifier,position,proid,refcode,refname,relatemeta,required,resid,showformula,textrows,ts,validateformula,visible,width)
            values('0001ZZZZ3b514eba6011','0001ZZZZ106536cea6ae','92adc06c-0c3d-4667-b8c6-12e8624f6cb5','dbilldate','1','#111111',null,'~',33,null, null,null,null,null,null,'N',0,null,'N','N','N',null,'N','N','N','datepicker',null,28,NULL,'','dbilldate',null,'~',6,'9350b5f2-32f6-4ac3-870c-463cda433d78','/common-ref/','-99',null,'N',null,null,null,'2020-05-04 16:02:22',null,'Y',null);
            go
            insert into pub_form_property(pk_form_property,areaid,classid,code,colnum,color,creationtime,creator,datatype,dataval,defaultvalue,defaultvar,define1,define2,define3,disabled,dr,editformula,hyperlinkflag,iscode,isdefined,ismultiselectedenabled,isnextrow,isrevise,istotal,itemtype,label,maxlength,metadataproperty,metaid,metapath,modifiedtime,modifier,position,proid,refcode,refname,relatemeta,required,resid,showformula,textrows,ts,validateformula,visible,width)
            values('0001ZZZZ3b514eba6012','0001ZZZZ106536cea6ae','92adc06c-0c3d-4667-b8c6-12e8624f6cb5','fstatusflag','1','#111111',null,'~',203,'自由=-1,审批未通过=0,审批通过=1,审批进行中=2,提交=3', null,null,null,null,null,'N',0,null,'N','N','N',null,'N','N','N','select',null,28,NULL,'','fstatusflag',null,'~',11,'1b9579c1-8430-49ec-a49f-a23109b4e4aa','/common-ref/','-99',null,'N',null,null,null,'2020-05-04 16:02:22',null,'Y',null);
            go
            insert into pub_form_property(pk_form_property,areaid,classid,code,colnum,color,creationtime,creator,datatype,dataval,defaultvalue,defaultvar,define1,define2,define3,disabled,dr,editformula,hyperlinkflag,iscode,isdefined,ismultiselectedenabled,isnextrow,isrevise,istotal,itemtype,label,maxlength,metadataproperty,metaid,metapath,modifiedtime,modifier,position,proid,refcode,refname,relatemeta,required,resid,showformula,textrows,ts,validateformula,visible,width)
            values('0001ZZZZ3b514eba6013','0001ZZZZ106536cea6ae','92adc06c-0c3d-4667-b8c6-12e8624f6cb5','pk_billtypeid','1','#111111',null,'~',204,null, null,null,null,null,null,'N',0,null,'N','N','N',null,'N','N','N','refer',null,28,'uap.BilltypeVO.billtypename','','pk_billtypeid',null,'~',14,'2df014af-9a6a-4678-ba3c-f1db9eaa63e4','uap/refer/riart/billtype/index','影响因素单据类型',null,'N',null,null,null,'2020-05-04 16:02:22',null,'Y',null);
            go
            insert into pub_form_property(pk_form_property,areaid,classid,code,colnum,color,creationtime,creator,datatype,dataval,defaultvalue,defaultvar,define1,define2,define3,disabled,dr,editformula,hyperlinkflag,iscode,isdefined,ismultiselectedenabled,isnextrow,isrevise,istotal,itemtype,label,maxlength,metadataproperty,metaid,metapath,modifiedtime,modifier,position,proid,refcode,refname,relatemeta,required,resid,showformula,textrows,ts,validateformula,visible,width)
            values('0001ZZZZ3b514eba6014','0001ZZZZ106536cea6ae','92adc06c-0c3d-4667-b8c6-12e8624f6cb5','billtype','1','#111111',null,'~',1,null, null,null,null,null,null,'N',0,null,'N','N','N',null,'N','N','N','input',null,28,NULL,'','billtype',null,'~',15,'bb011b20-62ff-4c9f-a5ce-7498a89d0179','/common-ref/','-99',null,'N',null,null,null,'2020-05-04 16:02:22',null,'Y',null);
            go
            insert into pub_form_property(pk_form_property,areaid,classid,code,colnum,color,creationtime,creator,datatype,dataval,defaultvalue,defaultvar,define1,define2,define3,disabled,dr,editformula,hyperlinkflag,iscode,isdefined,ismultiselectedenabled,isnextrow,isrevise,istotal,itemtype,label,maxlength,metadataproperty,metaid,metapath,modifiedtime,modifier,position,proid,refcode,refname,relatemeta,required,resid,showformula,textrows,ts,validateformula,visible,width)
            values('0001ZZZZ3b514eba6015','0001ZZZZ106536cea6ae','92adc06c-0c3d-4667-b8c6-12e8624f6cb5','revisitdate','1','#111111',null,'~',33,null, null,null,null,null,null,'N',0,null,'N','N','N',null,'N','N','N','datepicker',null,28,NULL,'','revisitdate',null,'~',7,'4a529af1-7293-4e16-946c-c50ecd6fade6','/common-ref/','-99',null,'N',null,null,null,'2020-05-04 16:02:22',null,'Y',null);
            go
            insert into pub_form_property(pk_form_property,areaid,classid,code,colnum,color,creationtime,creator,datatype,dataval,defaultvalue,defaultvar,define1,define2,define3,disabled,dr,editformula,hyperlinkflag,iscode,isdefined,ismultiselectedenabled,isnextrow,isrevise,istotal,itemtype,label,maxlength,metadataproperty,metaid,metapath,modifiedtime,modifier,position,proid,refcode,refname,relatemeta,required,resid,showformula,textrows,ts,validateformula,visible,width)
            values('0001ZZZZ3b514eba6016','0001ZZZZ106536cea6ae','92adc06c-0c3d-4667-b8c6-12e8624f6cb5','vnote','1','#111111',null,'~',1,null, null,null,null,null,null,'N',0,null,'N','N','N',null,'N','N','N','input',null,28,NULL,'','vnote',null,'~',27,'2c280fe7-342a-47fd-98d7-960d50c0819c','/common-ref/','-99',null,'N',null,null,null,'2020-05-04 16:02:22',null,'Y',null);
            go
            insert into pub_form_property(pk_form_property,areaid,classid,code,colnum,color,creationtime,creator,datatype,dataval,defaultvalue,defaultvar,define1,define2,define3,disabled,dr,editformula,hyperlinkflag,iscode,isdefined,ismultiselectedenabled,isnextrow,isrevise,istotal,itemtype,label,maxlength,metadataproperty,metaid,metapath,modifiedtime,modifier,position,proid,refcode,refname,relatemeta,required,resid,showformula,textrows,ts,validateformula,visible,width)
            values('0001ZZZZa235dc81cb11','0001ZZZZ89b75d54b772','92adc06c-0c3d-4667-b8c6-12e8624f6cb5','approver','1','#111111',null,'~',204,null, null,null,null,null,null,'N',0,null,'N','N','N',null,'N','N','N','refer',null,28,'uap.user.user_name','','approver',null,'~',24,'af409645-e1df-4874-88b8-23a8c6480b84','uap/refer/riart/userDefaultRefer/index','用户',null,'N',null,null,null,'2020-05-04 16:02:22',null,'Y',null);
            go
            insert into pub_form_property(pk_form_property,areaid,classid,code,colnum,color,creationtime,creator,datatype,dataval,defaultvalue,defaultvar,define1,define2,define3,disabled,dr,editformula,hyperlinkflag,iscode,isdefined,ismultiselectedenabled,isnextrow,isrevise,istotal,itemtype,label,maxlength,metadataproperty,metaid,metapath,modifiedtime,modifier,position,proid,refcode,refname,relatemeta,required,resid,showformula,textrows,ts,validateformula,visible,width)
            values('0001ZZZZ352e19336242','0001ZZZZ89b75d54b772','92adc06c-0c3d-4667-b8c6-12e8624f6cb5','approvenote','1','#111111',null,'~',1,null, null,null,null,null,null,'N',0,null,'N','N','N',null,'N','N','N','input',null,28,NULL,'','approvenote',null,'~',26,'ecba4a3f-be9d-4aaf-ae91-a1c649f10fdc','/common-ref/','-99',null,'N',null,null,null,'2020-05-04 16:02:22',null,'Y',null);
            go
            insert into pub_form_property(pk_form_property,areaid,classid,code,colnum,color,creationtime,creator,datatype,dataval,defaultvalue,defaultvar,define1,define2,define3,disabled,dr,editformula,hyperlinkflag,iscode,isdefined,ismultiselectedenabled,isnextrow,isrevise,istotal,itemtype,label,maxlength,metadataproperty,metaid,metapath,modifiedtime,modifier,position,proid,refcode,refname,relatemeta,required,resid,showformula,textrows,ts,validateformula,visible,width)
            values('0001ZZZZ01d43296fea7','0001ZZZZ89b75d54b772','92adc06c-0c3d-4667-b8c6-12e8624f6cb5','approvedate','1','#111111',null,'~',34,null, null,null,null,null,null,'N',0,null,'N','N','N',null,'N','N','N','datetimepicker',null,28,NULL,'','approvedate',null,'~',2,'cda82430-95c4-4a8b-a928-06f6cf659688','/common-ref/','-99',null,'N',null,null,null,'2020-05-04 16:02:22',null,'Y',null);
            go
            insert into pub_form_property(pk_form_property,areaid,classid,code,colnum,color,creationtime,creator,datatype,dataval,defaultvalue,defaultvar,define1,define2,define3,disabled,dr,editformula,hyperlinkflag,iscode,isdefined,ismultiselectedenabled,isnextrow,isrevise,istotal,itemtype,label,maxlength,metadataproperty,metaid,metapath,modifiedtime,modifier,position,proid,refcode,refname,relatemeta,required,resid,showformula,textrows,ts,validateformula,visible,width)
            values('0001ZZZZ3b514eba6020','0001ZZZZ106536cea6ae','92adc06c-0c3d-4667-b8c6-12e8624f6cb5','approvestatus','1','#111111',null,'~',203,'自由=-1,审批未通过=0,审批通过=1,审批进行中=2,提交=3', null,null,null,null,null,'N',0,null,'N','N','N',null,'N','N','N','select',null,28,NULL,'','approvestatus',null,'~',25,'10d0aeed-f5ce-41b8-854d-6a124cfe0d08','/common-ref/','-99',null,'N',null,null,null,'2020-05-04 16:02:22',null,'Y',null);
            go
            insert into pub_form_property(pk_form_property,areaid,classid,code,colnum,color,creationtime,creator,datatype,dataval,defaultvalue,defaultvar,define1,define2,define3,disabled,dr,editformula,hyperlinkflag,iscode,isdefined,ismultiselectedenabled,isnextrow,isrevise,istotal,itemtype,label,maxlength,metadataproperty,metaid,metapath,modifiedtime,modifier,position,proid,refcode,refname,relatemeta,required,resid,showformula,textrows,ts,validateformula,visible,width)
            values('0001ZZZZ3b514eba6021','0001ZZZZ106536cea6ae','92adc06c-0c3d-4667-b8c6-12e8624f6cb5','custname','1','#111111',null,'~',204,null, null,null,null,null,null,'N',0,null,'N','N','N',null,'N','N','N','refer',null,28,'uap.customer.name','','custname',null,'~',8,'8bb8688d-5ecd-480a-b7e2-dc723abb8aed','uapbd/refer/customer/CustomerDefaultTreeGridRef/index','客户档案',null,'N',null,null,null,'2020-05-04 16:02:22',null,'Y',null);
            go
            insert into pub_form_property(pk_form_property,areaid,classid,code,colnum,color,creationtime,creator,datatype,dataval,defaultvalue,defaultvar,define1,define2,define3,disabled,dr,editformula,hyperlinkflag,iscode,isdefined,ismultiselectedenabled,isnextrow,isrevise,istotal,itemtype,label,maxlength,metadataproperty,metaid,metapath,modifiedtime,modifier,position,proid,refcode,refname,relatemeta,required,resid,showformula,textrows,ts,validateformula,visible,width)
            values('0001ZZZZ3b514eba6036','0001ZZZZ106536cea6ae','92adc06c-0c3d-4667-b8c6-12e8624f6cb5','pk_org','1','#111111',null,'~',204,null, null,null,null,null,null,'N',0,null,'N','N','N',null,'N','N','N','refer',null,28,'uap.org.name','','pk_org',null,'~',4,'13fbce40-546e-4322-8179-720fc00b96e3','uapbd/refer/org/BusinessUnitAndDeptTreeRef/index','业务单元及部门',null,'N',null,null,null,'2020-05-04 16:02:22',null,'Y',null);
            go
            insert into pub_form_property(pk_form_property,areaid,classid,code,colnum,color,creationtime,creator,datatype,dataval,defaultvalue,defaultvar,define1,define2,define3,disabled,dr,editformula,hyperlinkflag,iscode,isdefined,ismultiselectedenabled,isnextrow,isrevise,istotal,itemtype,label,maxlength,metadataproperty,metaid,metapath,modifiedtime,modifier,position,proid,refcode,refname,relatemeta,required,resid,showformula,textrows,ts,validateformula,visible,width)
            values('0001ZZZZ3b514eba6037','0001ZZZZ106536cea6ae','92adc06c-0c3d-4667-b8c6-12e8624f6cb5','pk_org_v','1','#111111',null,'~',204,null, null,null,null,null,null,'N',0,null,'N','N','N',null,'N','N','N','refer',null,28,'uap.org_v.name','','pk_org_v',null,'~',5,'fd470b2f-bcae-4a85-adfa-cbc00f3b2d24','uapbd/refer/orgv/BusinessUnitVersionDefaultAllTreeRef/index','业务单元版本(所有)',null,'N',null,null,null,'2020-05-04 16:02:22',null,'N',null);
            go
            insert into pub_form_property(pk_form_property,areaid,classid,code,colnum,color,creationtime,creator,datatype,dataval,defaultvalue,defaultvar,define1,define2,define3,disabled,dr,editformula,hyperlinkflag,iscode,isdefined,ismultiselectedenabled,isnextrow,isrevise,istotal,itemtype,label,maxlength,metadataproperty,metaid,metapath,modifiedtime,modifier,position,proid,refcode,refname,relatemeta,required,resid,showformula,textrows,ts,validateformula,visible,width)
            values('0001ZZZZ3b514eba6038','0001ZZZZ106536cea6ae','92adc06c-0c3d-4667-b8c6-12e8624f6cb5','handingperson','1','#111111',null,'~',204,null, null,null,null,null,null,'N',0,null,'N','N','N',null,'N','N','N','refer',null,28,NULL,'','handingperson',null,'~',10,'088117fa-24ee-4ede-bfda-dc2b104e90b2','uapbd/refer/psninfo/PsndocRiartTreeGridRef/index','人员',null,'N',null,null,null,'2020-05-04 16:02:22',null,'Y',null);
            go
            insert into pub_form_property(pk_form_property,areaid,classid,code,colnum,color,creationtime,creator,datatype,dataval,defaultvalue,defaultvar,define1,define2,define3,disabled,dr,editformula,hyperlinkflag,iscode,isdefined,ismultiselectedenabled,isnextrow,isrevise,istotal,itemtype,label,maxlength,metadataproperty,metaid,metapath,modifiedtime,modifier,position,proid,refcode,refname,relatemeta,required,resid,showformula,textrows,ts,validateformula,visible,width)
            values('0001ZZZZ3b514eba6039','0001ZZZZ106536cea6ae','92adc06c-0c3d-4667-b8c6-12e8624f6cb5','handingdept','1','#111111',null,'~',204,null, null,null,null,null,null,'N',0,null,'N','N','N',null,'N','N','N','refer',null,28,'uap.dept.name','','handingdept',null,'~',9,'35464ac5-c95d-49c7-a04d-800808f5c7f6','uapbd/refer/org/DeptTreeRef/index','部门',null,'N',null,null,null,'2020-05-04 16:02:22',null,'Y',null);
            go
            insert into pub_form_property(pk_form_property,areaid,classid,code,colnum,color,creationtime,creator,datatype,dataval,defaultvalue,defaultvar,define1,define2,define3,disabled,dr,editformula,hyperlinkflag,iscode,isdefined,ismultiselectedenabled,isnextrow,isrevise,istotal,itemtype,label,maxlength,metadataproperty,metaid,metapath,modifiedtime,modifier,position,proid,refcode,refname,relatemeta,required,resid,showformula,textrows,ts,validateformula,visible,width)
            values('0001ZZZZ3b514eba6090','0001ZZZZ106536cea6ae','92adc06c-0c3d-4667-b8c6-12e8624f6cb5','pk_group','1','#111111',null,'~',204,null, null,null,null,null,null,'N',0,null,'N','N','N',null,'N','N','N','refer',null,28,'uap.group.name','','pk_group',null,'~',3,'fd08a816-b0dd-4bb2-8149-493c3e0984ee','uap/refer/riart/groupTreeRef/index','集团',null,'N',null,null,null,'2020-05-04 16:02:22',null,'Y',null);
            go




            insert into pub_form_property(pk_form_property,areaid,classid,code,colnum,color,creationtime,creator,datatype,dataval,defaultvalue,defaultvar,define1,define2,define3,disabled,dr,editformula,hyperlinkflag,iscode,isdefined,ismultiselectedenabled,isnextrow,isrevise,istotal,itemtype,label,maxlength,metadataproperty,metaid,metapath,modifiedtime,modifier,position,proid,refcode,refname,relatemeta,required,resid,showformula,textrows,ts,validateformula,visible,width)
            values('0001ZZZZc2ff36d7b001','0001ZZZZ7d1d2d4b7944','37bd045a-cc27-4f6b-a969-e946eed05117','projectname','1','#111111',null,'~',1,null, null,null,null,null,null,'N',0,null,'N','N','N',null,'N','N','N','input','名称',28,NULL,'','id_custregisterbvo.projectname',null,'~',4,'88580e0b-3790-462c-89bb-7ac01ef72ac6',null,null,null,'N',null,null,null,'2020-05-04 16:02:22',null,'Y',null);
            go
            insert into pub_form_property(pk_form_property,areaid,classid,code,colnum,color,creationtime,creator,datatype,dataval,defaultvalue,defaultvar,define1,define2,define3,disabled,dr,editformula,hyperlinkflag,iscode,isdefined,ismultiselectedenabled,isnextrow,isrevise,istotal,itemtype,label,maxlength,metadataproperty,metaid,metapath,modifiedtime,modifier,position,proid,refcode,refname,relatemeta,required,resid,showformula,textrows,ts,validateformula,visible,width)
            values('0001ZZZZc2ff36d7b002','0001ZZZZ7d1d2d4b7944','37bd045a-cc27-4f6b-a969-e946eed05117','projectcode','1','#111111',null,'~',1,null, null,null,null,null,null,'N',0,null,'N','N','N',null,'N','N','N','input','编号',28,NULL,'','id_custregisterbvo.projectcode',null,'~',3,'061a16c3-b351-4e6d-abbf-12c4965439d1',null,null,null,'N',null,null,null,'2020-05-04 16:02:22',null,'Y',null);
            go
            insert into pub_form_property(pk_form_property,areaid,classid,code,colnum,color,creationtime,creator,datatype,dataval,defaultvalue,defaultvar,define1,define2,define3,disabled,dr,editformula,hyperlinkflag,iscode,isdefined,ismultiselectedenabled,isnextrow,isrevise,istotal,itemtype,label,maxlength,metadataproperty,metaid,metapath,modifiedtime,modifier,position,proid,refcode,refname,relatemeta,required,resid,showformula,textrows,ts,validateformula,visible,width)
            values('0001ZZZZc2ff36d7b003','0001ZZZZ7d1d2d4b7944','37bd045a-cc27-4f6b-a969-e946eed05117','rowno','1','#111111',null,'~',1,null, null,null,null,null,null,'N',0,null,'N','N','N',null,'N','N','N','input','行号',28,NULL,'','id_custregisterbvo.rowno',null,'~',2,'47ca084a-8e01-43a1-af22-03f79895f2ab',null,null,null,'N',null,null,null,'2020-05-04 16:02:22',null,'Y',null);
            go

            insert into pub_form_property(pk_form_property,areaid,classid,code,colnum,color,creationtime,creator,datatype,dataval,defaultvalue,defaultvar,define1,define2,define3,disabled,dr,editformula,hyperlinkflag,iscode,isdefined,ismultiselectedenabled,isnextrow,isrevise,istotal,itemtype,label,maxlength,metadataproperty,metaid,metapath,modifiedtime,modifier,position,proid,refcode,refname,relatemeta,required,resid,showformula,textrows,ts,validateformula,visible,width)
            values('0001ZZZZ1eb6b305e001','0001ZZZZ6386e43d16b5','37bd045a-cc27-4f6b-a969-e946eed05117','projectname','1','#111111',null,'~',1,null, null,null,null,null,null,'N',0,null,'N','N','N',null,'N','N','N','input','名称',28,NULL,'','id_custregisterbvo.projectname',null,'~',4,'1dd17a3b-2f6c-4f84-b235-99d792795a28',null,null,null,'N',null,null,null,'2020-05-04 16:02:22',null,'Y',null);
            go
            insert into pub_form_property(pk_form_property,areaid,classid,code,colnum,color,creationtime,creator,datatype,dataval,defaultvalue,defaultvar,define1,define2,define3,disabled,dr,editformula,hyperlinkflag,iscode,isdefined,ismultiselectedenabled,isnextrow,isrevise,istotal,itemtype,label,maxlength,metadataproperty,metaid,metapath,modifiedtime,modifier,position,proid,refcode,refname,relatemeta,required,resid,showformula,textrows,ts,validateformula,visible,width)
            values('0001ZZZZ1eb6b305e002','0001ZZZZ6386e43d16b5','37bd045a-cc27-4f6b-a969-e946eed05117','projectcode','1','#111111',null,'~',1,null, null,null,null,null,null,'N',0,null,'N','N','N',null,'N','N','N','input','编号',28,NULL,'','id_custregisterbvo.projectcode',null,'~',3,'d086cb51-a7fc-420a-9259-ef001069ac59',null,null,null,'N',null,null,null,'2020-05-04 16:02:22',null,'Y',null);
            go
            insert into pub_form_property(pk_form_property,areaid,classid,code,colnum,color,creationtime,creator,datatype,dataval,defaultvalue,defaultvar,define1,define2,define3,disabled,dr,editformula,hyperlinkflag,iscode,isdefined,ismultiselectedenabled,isnextrow,isrevise,istotal,itemtype,label,maxlength,metadataproperty,metaid,metapath,modifiedtime,modifier,position,proid,refcode,refname,relatemeta,required,resid,showformula,textrows,ts,validateformula,visible,width)
            values('0001ZZZZ1eb6b305e003','0001ZZZZ6386e43d16b5','37bd045a-cc27-4f6b-a969-e946eed05117','rowno','1','#111111',null,'~',1,null, null,null,null,null,null,'N',0,null,'N','N','N',null,'N','N','N','input','行号',28,NULL,'','id_custregisterbvo.rowno',null,'~',2,'9fa4d8bb-25e4-459f-b67a-0cfa42b31549',null,null,null,'N',null,null,null,'2020-05-04 16:02:22',null,'Y',null);
            go

            insert into pub_form_property(pk_form_property,areaid,classid,code,colnum,color,creationtime,creator,datatype,dataval,defaultvalue,defaultvar,define1,define2,define3,disabled,dr,editformula,hyperlinkflag,iscode,isdefined,ismultiselectedenabled,isnextrow,isrevise,istotal,itemtype,label,maxlength,metadataproperty,metaid,metapath,modifiedtime,modifier,position,proid,refcode,refname,relatemeta,required,resid,showformula,textrows,ts,validateformula,visible,width)
            values('0001ZZZZ88c95c836001','0001ZZZZ4036c710ef39','37bd045a-cc27-4f6b-a969-e946eed05117','projectname','1','#111111',null,'~',1,null, null,null,null,null,null,'N',0,null,'N','N','N',null,'N','N','N','input','名称',28,NULL,'','id_custregisterbvo.projectname',null,'~',4,'53b0de6c-5456-4e91-ab7a-6abd297fd38a',null,null,null,'N',null,null,null,'2020-05-04 16:02:22',null,'Y',null);
            go
            insert into pub_form_property(pk_form_property,areaid,classid,code,colnum,color,creationtime,creator,datatype,dataval,defaultvalue,defaultvar,define1,define2,define3,disabled,dr,editformula,hyperlinkflag,iscode,isdefined,ismultiselectedenabled,isnextrow,isrevise,istotal,itemtype,label,maxlength,metadataproperty,metaid,metapath,modifiedtime,modifier,position,proid,refcode,refname,relatemeta,required,resid,showformula,textrows,ts,validateformula,visible,width)
            values('0001ZZZZ88c95c836002','0001ZZZZ4036c710ef39','37bd045a-cc27-4f6b-a969-e946eed05117','projectcode','1','#111111',null,'~',1,null, null,null,null,null,null,'N',0,null,'N','N','N',null,'N','N','N','input','编号',28,NULL,'','id_custregisterbvo.projectcode',null,'~',3,'66f4172b-2250-4663-9306-c7435ca9fa64',null,null,null,'N',null,null,null,'2020-05-04 16:02:22',null,'Y',null);
            go
            insert into pub_form_property(pk_form_property,areaid,classid,code,colnum,color,creationtime,creator,datatype,dataval,defaultvalue,defaultvar,define1,define2,define3,disabled,dr,editformula,hyperlinkflag,iscode,isdefined,ismultiselectedenabled,isnextrow,isrevise,istotal,itemtype,label,maxlength,metadataproperty,metaid,metapath,modifiedtime,modifier,position,proid,refcode,refname,relatemeta,required,resid,showformula,textrows,ts,validateformula,visible,width)
            values('0001ZZZZ88c95c836003','0001ZZZZ4036c710ef39','37bd045a-cc27-4f6b-a969-e946eed05117','rowno','1','#111111',null,'~',1,null, null,null,null,null,null,'N',0,null,'N','N','N',null,'N','N','N','input','行号',28,NULL,'','id_custregisterbvo.rowno',null,'~',2,'0976daf2-258a-4aa3-8af1-f1fc27985209',null,null,null,'N',null,null,null,'2020-05-04 16:02:22',null,'Y',null);
            go







            insert into pub_form_property(pk_form_property,areaid,classid,code,colnum,color,creationtime,creator,datatype,dataval,defaultvalue,defaultvar,define1,define2,define3,disabled,dr,editformula,hyperlinkflag,iscode,isdefined,ismultiselectedenabled,isnextrow,isrevise,istotal,itemtype,label,maxlength,metadataproperty,metaid,metapath,modifiedtime,modifier,position,proid,refcode,refname,relatemeta,required,resid,showformula,textrows,ts,validateformula,visible,width)
            values('0001ZZZZ23498dbc9001','0001ZZZZ664e7800965b','92adc06c-0c3d-4667-b8c6-12e8624f6cb5','pk_busitype','1','#111111',null,'~',204,null, null,null,null,null,null,'N',0,null,'N','N','N',null,'N','N','N','refer','业务类型',28,'uap.BusitypeVO.businame','','pk_busitype',null,'~',13,'2bdcad5b-5f17-48db-a40f-39b1f15f1233','uap/refer/riart/busitype/index','业务流程',null,'N',null,null,null,'2020-05-04 16:02:22',null,'Y',null);
            go
            insert into pub_form_property(pk_form_property,areaid,classid,code,colnum,color,creationtime,creator,datatype,dataval,defaultvalue,defaultvar,define1,define2,define3,disabled,dr,editformula,hyperlinkflag,iscode,isdefined,ismultiselectedenabled,isnextrow,isrevise,istotal,itemtype,label,maxlength,metadataproperty,metaid,metapath,modifiedtime,modifier,position,proid,refcode,refname,relatemeta,required,resid,showformula,textrows,ts,validateformula,visible,width)
            values('0001ZZZZ23498dbc9002','0001ZZZZ664e7800965b','92adc06c-0c3d-4667-b8c6-12e8624f6cb5','pk_transtype','1','#111111',null,'~',204,null, null,null,null,null,null,'N',0,null,'N','N','N',null,'N','N','N','refer','交易类型',28,'uap.BilltypeVO.billtypename','','pk_transtype',null,'~',17,'aad52574-a3fc-4c60-ad1b-732e6931097d','uap/refer/riart/transtype/index','影响因素交 易类型',null,'N',null,null,null,'2020-05-04 16:02:22',null,'Y',null);
            go
            insert into pub_form_property(pk_form_property,areaid,classid,code,colnum,color,creationtime,creator,datatype,dataval,defaultvalue,defaultvar,define1,define2,define3,disabled,dr,editformula,hyperlinkflag,iscode,isdefined,ismultiselectedenabled,isnextrow,isrevise,istotal,itemtype,label,maxlength,metadataproperty,metaid,metapath,modifiedtime,modifier,position,proid,refcode,refname,relatemeta,required,resid,showformula,textrows,ts,validateformula,visible,width)
            values('0001ZZZZ23498dbc9003','0001ZZZZ664e7800965b','92adc06c-0c3d-4667-b8c6-12e8624f6cb5','transtypecode','1','#111111',null,'~',1,null, null,null,null,null,null,'N',0,null,'N','N','N',null,'N','N','N','input','交易类型编码',28,NULL,'','transtypecode',null,'~',16,'77430dcf-9f8d-461e-b297-e3a998902d7f','/common-ref/','-99',null,'N',null,null,null,'2020-05-04 16:02:22',null,'Y',null);
            go
            insert into pub_form_property(pk_form_property,areaid,classid,code,colnum,color,creationtime,creator,datatype,dataval,defaultvalue,defaultvar,define1,define2,define3,disabled,dr,editformula,hyperlinkflag,iscode,isdefined,ismultiselectedenabled,isnextrow,isrevise,istotal,itemtype,label,maxlength,metadataproperty,metaid,metapath,modifiedtime,modifier,position,proid,refcode,refname,relatemeta,required,resid,showformula,textrows,ts,validateformula,visible,width)
            values('0001ZZZZe6a716e5b2db','0001ZZZZ331f4331f115','92adc06c-0c3d-4667-b8c6-12e8624f6cb5','modifier','1','#111111',null,'~',204,null, null,null,null,null,null,'N',0,null,'N','N','N',null,'N','N','N','refer','修改人',28,'uap.user.user_name','','modifier',null,'~',22,'958e906c-c6d7-4122-8640-8276a7b9c674','uap/refer/riart/userDefaultRefer/index','用户',null,'N',null,null,null,'2020-05-04 16:02:22',null,'Y',null);
            go
            insert into pub_form_property(pk_form_property,areaid,classid,code,colnum,color,creationtime,creator,datatype,dataval,defaultvalue,defaultvar,define1,define2,define3,disabled,dr,editformula,hyperlinkflag,iscode,isdefined,ismultiselectedenabled,isnextrow,isrevise,istotal,itemtype,label,maxlength,metadataproperty,metaid,metapath,modifiedtime,modifier,position,proid,refcode,refname,relatemeta,required,resid,showformula,textrows,ts,validateformula,visible,width)
            values('0001ZZZZ6e67506f2ad4','0001ZZZZ331f4331f115','92adc06c-0c3d-4667-b8c6-12e8624f6cb5','modifiedtime','1','#111111',null,'~',34,null, null,null,null,null,null,'N',0,null,'N','N','N',null,'N','N','N','datetimepicker','修改时间',28,NULL,'','modifiedtime',null,'~',23,'ba2ec863-eb67-427c-9db9-6e622910eff6','/common-ref/','-99',null,'N',null,null,null,'2020-05-04 16:02:22',null,'Y',null);
            go
            insert into pub_form_property(pk_form_property,areaid,classid,code,colnum,color,creationtime,creator,datatype,dataval,defaultvalue,defaultvar,define1,define2,define3,disabled,dr,editformula,hyperlinkflag,iscode,isdefined,ismultiselectedenabled,isnextrow,isrevise,istotal,itemtype,label,maxlength,metadataproperty,metaid,metapath,modifiedtime,modifier,position,proid,refcode,refname,relatemeta,required,resid,showformula,textrows,ts,validateformula,visible,width)
            values('0001ZZZZd6f85153fe8c','0001ZZZZ331f4331f115','92adc06c-0c3d-4667-b8c6-12e8624f6cb5','creator','1','#111111',null,'~',204,null, null,null,null,null,null,'N',0,null,'N','N','N',null,'N','N','N','refer','创建人',28,'uap.user.user_name','','creator',null,'~',20,'3b7b2b10-6317-4932-a703-a0ddeddcccff','uap/refer/riart/userDefaultRefer/index','用户',null,'N',null,null,null,'2020-05-04 16:02:22',null,'Y',null);
            go
            insert into pub_form_property(pk_form_property,areaid,classid,code,colnum,color,creationtime,creator,datatype,dataval,defaultvalue,defaultvar,define1,define2,define3,disabled,dr,editformula,hyperlinkflag,iscode,isdefined,ismultiselectedenabled,isnextrow,isrevise,istotal,itemtype,label,maxlength,metadataproperty,metaid,metapath,modifiedtime,modifier,position,proid,refcode,refname,relatemeta,required,resid,showformula,textrows,ts,validateformula,visible,width)
            values('0001ZZZZ104970880bce','0001ZZZZ331f4331f115','92adc06c-0c3d-4667-b8c6-12e8624f6cb5','creationtime','1','#111111',null,'~',34,null, null,null,null,null,null,'N',0,null,'N','N','N',null,'N','N','N','datetimepicker','创建时间',28,NULL,'','creationtime',null,'~',21,'d48d0faa-c547-4293-9238-64af209e9a35','/common-ref/','-99',null,'N',null,null,null,'2020-05-04 16:02:22',null,'Y',null);
            go
            insert into pub_form_property(pk_form_property,areaid,classid,code,colnum,color,creationtime,creator,datatype,dataval,defaultvalue,defaultvar,define1,define2,define3,disabled,dr,editformula,hyperlinkflag,iscode,isdefined,ismultiselectedenabled,isnextrow,isrevise,istotal,itemtype,label,maxlength,metadataproperty,metaid,metapath,modifiedtime,modifier,position,proid,refcode,refname,relatemeta,required,resid,showformula,textrows,ts,validateformula,visible,width)
            values('0001ZZZZ23498dbc9008','0001ZZZZ664e7800965b','92adc06c-0c3d-4667-b8c6-12e8624f6cb5','billmaker','1','#111111',null,'~',204,null, null,null,null,null,null,'N',0,null,'N','N','N',null,'N','N','N','refer','制单人',28,'uap.user.user_name','','billmaker',null,'~',18,'56bcbeb2-51c3-45b6-ba09-f6642f0e320b','uap/refer/riart/userDefaultRefer/index','用户',null,'N',null,null,null,'2020-05-04 16:02:22',null,'Y',null);
            go
            insert into pub_form_property(pk_form_property,areaid,classid,code,colnum,color,creationtime,creator,datatype,dataval,defaultvalue,defaultvar,define1,define2,define3,disabled,dr,editformula,hyperlinkflag,iscode,isdefined,ismultiselectedenabled,isnextrow,isrevise,istotal,itemtype,label,maxlength,metadataproperty,metaid,metapath,modifiedtime,modifier,position,proid,refcode,refname,relatemeta,required,resid,showformula,textrows,ts,validateformula,visible,width)
            values('0001ZZZZ23498dbc9009','0001ZZZZ664e7800965b','92adc06c-0c3d-4667-b8c6-12e8624f6cb5','maketime','1','#111111',null,'~',33,null, null,null,null,null,null,'N',0,null,'N','N','N',null,'N','N','N','datepicker','制单时间',28,NULL,'','maketime',null,'~',19,'c61ac7ac-7f20-424d-a0a7-b435b90e4da5','/common-ref/','-99',null,'N',null,null,null,'2020-05-04 16:02:22',null,'Y',null);
            go
            insert into pub_form_property(pk_form_property,areaid,classid,code,colnum,color,creationtime,creator,datatype,dataval,defaultvalue,defaultvar,define1,define2,define3,disabled,dr,editformula,hyperlinkflag,iscode,isdefined,ismultiselectedenabled,isnextrow,isrevise,istotal,itemtype,label,maxlength,metadataproperty,metaid,metapath,modifiedtime,modifier,position,proid,refcode,refname,relatemeta,required,resid,showformula,textrows,ts,validateformula,visible,width)
            values('0001ZZZZ23498dbc9010','0001ZZZZ664e7800965b','92adc06c-0c3d-4667-b8c6-12e8624f6cb5','vbillcode','1','#111111',null,'~',1,null, null,null,null,null,null,'Y',0,null,'N','N','N',null,'N','N','N','input','单据号',28,NULL,'','vbillcode',null,'~',12,'aaaa8376-322a-4d41-953b-3d9e80954b99','/common-ref/','-99',null,'N',null,null,null,'2020-05-04 16:02:22',null,'Y',null);
            go
            insert into pub_form_property(pk_form_property,areaid,classid,code,colnum,color,creationtime,creator,datatype,dataval,defaultvalue,defaultvar,define1,define2,define3,disabled,dr,editformula,hyperlinkflag,iscode,isdefined,ismultiselectedenabled,isnextrow,isrevise,istotal,itemtype,label,maxlength,metadataproperty,metaid,metapath,modifiedtime,modifier,position,proid,refcode,refname,relatemeta,required,resid,showformula,textrows,ts,validateformula,visible,width)
            values('0001ZZZZ23498dbc9011','0001ZZZZ664e7800965b','92adc06c-0c3d-4667-b8c6-12e8624f6cb5','dbilldate','1','#111111',null,'~',33,null, null,null,null,null,null,'N',0,null,'N','N','N',null,'N','N','N','datepicker','单据日期',28,NULL,'','dbilldate',null,'~',6,'34650790-6943-4663-8ee3-334ddcae0452','/common-ref/','-99',null,'N',null,null,null,'2020-05-04 16:02:22',null,'Y',null);
            go
            insert into pub_form_property(pk_form_property,areaid,classid,code,colnum,color,creationtime,creator,datatype,dataval,defaultvalue,defaultvar,define1,define2,define3,disabled,dr,editformula,hyperlinkflag,iscode,isdefined,ismultiselectedenabled,isnextrow,isrevise,istotal,itemtype,label,maxlength,metadataproperty,metaid,metapath,modifiedtime,modifier,position,proid,refcode,refname,relatemeta,required,resid,showformula,textrows,ts,validateformula,visible,width)
            values('0001ZZZZ23498dbc9012','0001ZZZZ664e7800965b','92adc06c-0c3d-4667-b8c6-12e8624f6cb5','fstatusflag','1','#111111',null,'~',203,'自由=-1,审批未通过=0,审批通过=1,审批进行中=2,提交=3', null,null,null,null,null,'N',0,null,'N','N','N',null,'N','N','N','select','单据状态',28,NULL,'','fstatusflag',null,'~',11,'0952885b-9d7f-4717-9f3b-fa1f51c5c248','/common-ref/','-99',null,'N',null,null,null,'2020-05-04 16:02:22',null,'Y',null);
            go
            insert into pub_form_property(pk_form_property,areaid,classid,code,colnum,color,creationtime,creator,datatype,dataval,defaultvalue,defaultvar,define1,define2,define3,disabled,dr,editformula,hyperlinkflag,iscode,isdefined,ismultiselectedenabled,isnextrow,isrevise,istotal,itemtype,label,maxlength,metadataproperty,metaid,metapath,modifiedtime,modifier,position,proid,refcode,refname,relatemeta,required,resid,showformula,textrows,ts,validateformula,visible,width)
            values('0001ZZZZ23498dbc9013','0001ZZZZ664e7800965b','92adc06c-0c3d-4667-b8c6-12e8624f6cb5','pk_billtypeid','1','#111111',null,'~',204,null, null,null,null,null,null,'N',0,null,'N','N','N',null,'N','N','N','refer','单据类型',28,'uap.BilltypeVO.billtypename','','pk_billtypeid',null,'~',14,'604eee27-18d2-4770-b768-ff6441cfb46d','uap/refer/riart/billtype/index','影响因素单据类型',null,'N',null,null,null,'2020-05-04 16:02:22',null,'Y',null);
            go
            insert into pub_form_property(pk_form_property,areaid,classid,code,colnum,color,creationtime,creator,datatype,dataval,defaultvalue,defaultvar,define1,define2,define3,disabled,dr,editformula,hyperlinkflag,iscode,isdefined,ismultiselectedenabled,isnextrow,isrevise,istotal,itemtype,label,maxlength,metadataproperty,metaid,metapath,modifiedtime,modifier,position,proid,refcode,refname,relatemeta,required,resid,showformula,textrows,ts,validateformula,visible,width)
            values('0001ZZZZ23498dbc9014','0001ZZZZ664e7800965b','92adc06c-0c3d-4667-b8c6-12e8624f6cb5','billtype','1','#111111',null,'~',1,null, null,null,null,null,null,'N',0,null,'N','N','N',null,'N','N','N','input','单据类型编码',28,NULL,'','billtype',null,'~',15,'ba3dbbca-e552-455d-ba35-1ba8a403e6f8','/common-ref/','-99',null,'N',null,null,null,'2020-05-04 16:02:22',null,'Y',null);
            go
            insert into pub_form_property(pk_form_property,areaid,classid,code,colnum,color,creationtime,creator,datatype,dataval,defaultvalue,defaultvar,define1,define2,define3,disabled,dr,editformula,hyperlinkflag,iscode,isdefined,ismultiselectedenabled,isnextrow,isrevise,istotal,itemtype,label,maxlength,metadataproperty,metaid,metapath,modifiedtime,modifier,position,proid,refcode,refname,relatemeta,required,resid,showformula,textrows,ts,validateformula,visible,width)
            values('0001ZZZZ23498dbc9015','0001ZZZZ664e7800965b','92adc06c-0c3d-4667-b8c6-12e8624f6cb5','revisitdate','1','#111111',null,'~',33,null, null,null,null,null,null,'N',0,null,'N','N','N',null,'N','N','N','datepicker','回访日期',28,NULL,'','revisitdate',null,'~',7,'b34a5483-c23f-43b7-8d3e-51925b8cb2b8','/common-ref/','-99',null,'N',null,null,null,'2020-05-04 16:02:22',null,'Y',null);
            go
            insert into pub_form_property(pk_form_property,areaid,classid,code,colnum,color,creationtime,creator,datatype,dataval,defaultvalue,defaultvar,define1,define2,define3,disabled,dr,editformula,hyperlinkflag,iscode,isdefined,ismultiselectedenabled,isnextrow,isrevise,istotal,itemtype,label,maxlength,metadataproperty,metaid,metapath,modifiedtime,modifier,position,proid,refcode,refname,relatemeta,required,resid,showformula,textrows,ts,validateformula,visible,width)
            values('0001ZZZZ23498dbc9016','0001ZZZZ664e7800965b','92adc06c-0c3d-4667-b8c6-12e8624f6cb5','vnote','1','#111111',null,'~',1,null, null,null,null,null,null,'N',0,null,'N','N','N',null,'N','N','N','input','备注',28,NULL,'','vnote',null,'~',27,'bffc381f-e6c5-4f65-8fee-c0f72b6921db','/common-ref/','-99',null,'N',null,null,null,'2020-05-04 16:02:22',null,'Y',null);
            go
            insert into pub_form_property(pk_form_property,areaid,classid,code,colnum,color,creationtime,creator,datatype,dataval,defaultvalue,defaultvar,define1,define2,define3,disabled,dr,editformula,hyperlinkflag,iscode,isdefined,ismultiselectedenabled,isnextrow,isrevise,istotal,itemtype,label,maxlength,metadataproperty,metaid,metapath,modifiedtime,modifier,position,proid,refcode,refname,relatemeta,required,resid,showformula,textrows,ts,validateformula,visible,width)
            values('0001ZZZZ5d2b4750e66c','0001ZZZZ331f4331f115','92adc06c-0c3d-4667-b8c6-12e8624f6cb5','approver','1','#111111',null,'~',204,null, null,null,null,null,null,'N',0,null,'N','N','N',null,'N','N','N','refer','审批人',28,'uap.user.user_name','','approver',null,'~',24,'d87678af-3ebc-4264-8b9a-417adf713a63','uap/refer/riart/userDefaultRefer/index','用户',null,'N',null,null,null,'2020-05-04 16:02:22',null,'Y',null);
            go
            insert into pub_form_property(pk_form_property,areaid,classid,code,colnum,color,creationtime,creator,datatype,dataval,defaultvalue,defaultvar,define1,define2,define3,disabled,dr,editformula,hyperlinkflag,iscode,isdefined,ismultiselectedenabled,isnextrow,isrevise,istotal,itemtype,label,maxlength,metadataproperty,metaid,metapath,modifiedtime,modifier,position,proid,refcode,refname,relatemeta,required,resid,showformula,textrows,ts,validateformula,visible,width)
            values('0001ZZZZ368c25c52776','0001ZZZZ331f4331f115','92adc06c-0c3d-4667-b8c6-12e8624f6cb5','approvenote','1','#111111',null,'~',1,null, null,null,null,null,null,'N',0,null,'N','N','N',null,'N','N','N','input','审批批语',28,NULL,'','approvenote',null,'~',26,'f2ca7296-4553-4b27-96ca-77a9241b1f30','/common-ref/','-99',null,'N',null,null,null,'2020-05-04 16:02:22',null,'Y',null);
            go
            insert into pub_form_property(pk_form_property,areaid,classid,code,colnum,color,creationtime,creator,datatype,dataval,defaultvalue,defaultvar,define1,define2,define3,disabled,dr,editformula,hyperlinkflag,iscode,isdefined,ismultiselectedenabled,isnextrow,isrevise,istotal,itemtype,label,maxlength,metadataproperty,metaid,metapath,modifiedtime,modifier,position,proid,refcode,refname,relatemeta,required,resid,showformula,textrows,ts,validateformula,visible,width)
            values('0001ZZZZ12f0a35242ae','0001ZZZZ331f4331f115','92adc06c-0c3d-4667-b8c6-12e8624f6cb5','approvedate','1','#111111',null,'~',34,null, null,null,null,null,null,'N',0,null,'N','N','N',null,'N','N','N','datetimepicker','审批时间',28,NULL,'','approvedate',null,'~',2,'181a8feb-1db5-4f9e-9fa6-af0a828b5036','/common-ref/','-99',null,'N',null,null,null,'2020-05-04 16:02:22',null,'Y',null);
            go
            insert into pub_form_property(pk_form_property,areaid,classid,code,colnum,color,creationtime,creator,datatype,dataval,defaultvalue,defaultvar,define1,define2,define3,disabled,dr,editformula,hyperlinkflag,iscode,isdefined,ismultiselectedenabled,isnextrow,isrevise,istotal,itemtype,label,maxlength,metadataproperty,metaid,metapath,modifiedtime,modifier,position,proid,refcode,refname,relatemeta,required,resid,showformula,textrows,ts,validateformula,visible,width)
            values('0001ZZZZ23498dbc9020','0001ZZZZ664e7800965b','92adc06c-0c3d-4667-b8c6-12e8624f6cb5','approvestatus','1','#111111',null,'~',203,'自由=-1,审批未通过=0,审批通过=1,审批进行中=2,提交=3', null,null,null,null,null,'N',0,null,'N','N','N',null,'N','N','N','select','审批状态',28,NULL,'','approvestatus',null,'~',25,'98a17111-69e5-41bd-9627-3f133588ab2e','/common-ref/','-99',null,'N',null,null,null,'2020-05-04 16:02:22',null,'Y',null);
            go
            insert into pub_form_property(pk_form_property,areaid,classid,code,colnum,color,creationtime,creator,datatype,dataval,defaultvalue,defaultvar,define1,define2,define3,disabled,dr,editformula,hyperlinkflag,iscode,isdefined,ismultiselectedenabled,isnextrow,isrevise,istotal,itemtype,label,maxlength,metadataproperty,metaid,metapath,modifiedtime,modifier,position,proid,refcode,refname,relatemeta,required,resid,showformula,textrows,ts,validateformula,visible,width)
            values('0001ZZZZ23498dbc9021','0001ZZZZ664e7800965b','92adc06c-0c3d-4667-b8c6-12e8624f6cb5','custname','1','#111111',null,'~',204,null, null,null,null,null,null,'N',0,null,'N','N','N',null,'N','N','N','refer','客户名称',28,'uap.customer.name','','custname',null,'~',8,'199f59da-b620-407b-b9c6-94092f5b0b9b','uapbd/refer/customer/CustomerDefaultTreeGridRef/index','客户档案',null,'N',null,null,null,'2020-05-04 16:02:22',null,'Y',null);
            go
            insert into pub_form_property(pk_form_property,areaid,classid,code,colnum,color,creationtime,creator,datatype,dataval,defaultvalue,defaultvar,define1,define2,define3,disabled,dr,editformula,hyperlinkflag,iscode,isdefined,ismultiselectedenabled,isnextrow,isrevise,istotal,itemtype,label,maxlength,metadataproperty,metaid,metapath,modifiedtime,modifier,position,proid,refcode,refname,relatemeta,required,resid,showformula,textrows,ts,validateformula,visible,width)
            values('0001ZZZZ23498dbc9036','0001ZZZZ664e7800965b','92adc06c-0c3d-4667-b8c6-12e8624f6cb5','pk_org','1','#111111',null,'~',204,null, null,null,null,null,null,'N',0,null,'N','N','N',null,'N','N','N','refer','组织',28,'uap.org.name','','pk_org',null,'~',4,'f66dee05-3c27-4a2b-ac09-dfc7ba6f01af','uapbd/refer/org/BusinessUnitAndDeptTreeRef/index','业务单元及部门',null,'N',null,null,null,'2020-05-04 16:02:22',null,'Y',null);
            go
            insert into pub_form_property(pk_form_property,areaid,classid,code,colnum,color,creationtime,creator,datatype,dataval,defaultvalue,defaultvar,define1,define2,define3,disabled,dr,editformula,hyperlinkflag,iscode,isdefined,ismultiselectedenabled,isnextrow,isrevise,istotal,itemtype,label,maxlength,metadataproperty,metaid,metapath,modifiedtime,modifier,position,proid,refcode,refname,relatemeta,required,resid,showformula,textrows,ts,validateformula,visible,width)
            values('0001ZZZZ23498dbc9037','0001ZZZZ664e7800965b','92adc06c-0c3d-4667-b8c6-12e8624f6cb5','pk_org_v','1','#111111',null,'~',204,null, null,null,null,null,null,'N',0,null,'N','N','N',null,'N','N','N','refer','组织版本',28,'uap.org_v.name','','pk_org_v',null,'~',5,'3bbde065-0fbd-4942-9673-c3d844a277ff','uapbd/refer/orgv/BusinessUnitVersionDefaultAllTreeRef/index','业务单元版本(所有)',null,'N',null,null,null,'2020-05-04 16:02:22',null,'N',null);
            go
            insert into pub_form_property(pk_form_property,areaid,classid,code,colnum,color,creationtime,creator,datatype,dataval,defaultvalue,defaultvar,define1,define2,define3,disabled,dr,editformula,hyperlinkflag,iscode,isdefined,ismultiselectedenabled,isnextrow,isrevise,istotal,itemtype,label,maxlength,metadataproperty,metaid,metapath,modifiedtime,modifier,position,proid,refcode,refname,relatemeta,required,resid,showformula,textrows,ts,validateformula,visible,width)
            values('0001ZZZZ23498dbc9038','0001ZZZZ664e7800965b','92adc06c-0c3d-4667-b8c6-12e8624f6cb5','handingperson','1','#111111',null,'~',204,null, null,null,null,null,null,'N',0,null,'N','N','N',null,'N','N','N','refer','经办人名称',28,NULL,'','handingperson',null,'~',10,'a77affe2-c954-4670-b186-574c1fdbb963','uapbd/refer/psninfo/PsndocRiartTreeGridRef/index','人员',null,'N',null,null,null,'2020-05-04 16:02:22',null,'Y',null);
            go
            insert into pub_form_property(pk_form_property,areaid,classid,code,colnum,color,creationtime,creator,datatype,dataval,defaultvalue,defaultvar,define1,define2,define3,disabled,dr,editformula,hyperlinkflag,iscode,isdefined,ismultiselectedenabled,isnextrow,isrevise,istotal,itemtype,label,maxlength,metadataproperty,metaid,metapath,modifiedtime,modifier,position,proid,refcode,refname,relatemeta,required,resid,showformula,textrows,ts,validateformula,visible,width)
            values('0001ZZZZ23498dbc9039','0001ZZZZ664e7800965b','92adc06c-0c3d-4667-b8c6-12e8624f6cb5','handingdept','1','#111111',null,'~',204,null, null,null,null,null,null,'N',0,null,'N','N','N',null,'N','N','N','refer','经办部门名称',28,'uap.dept.name','','handingdept',null,'~',9,'4203afb7-d184-4331-8767-fcce4912856e','uapbd/refer/org/DeptTreeRef/index','部门',null,'N',null,null,null,'2020-05-04 16:02:22',null,'Y',null);
            go
            insert into pub_form_property(pk_form_property,areaid,classid,code,colnum,color,creationtime,creator,datatype,dataval,defaultvalue,defaultvar,define1,define2,define3,disabled,dr,editformula,hyperlinkflag,iscode,isdefined,ismultiselectedenabled,isnextrow,isrevise,istotal,itemtype,label,maxlength,metadataproperty,metaid,metapath,modifiedtime,modifier,position,proid,refcode,refname,relatemeta,required,resid,showformula,textrows,ts,validateformula,visible,width)
            values('0001ZZZZ23498dbc9090','0001ZZZZ664e7800965b','92adc06c-0c3d-4667-b8c6-12e8624f6cb5','pk_group','1','#111111',null,'~',204,null, null,null,null,null,null,'N',0,null,'N','N','N',null,'N','N','N','refer','集团',28,'uap.group.name','','pk_group',null,'~',3,'5090bbc0-b9cd-4266-ae59-4f71a0129230','uap/refer/riart/groupTreeRef/index','集团',null,'N',null,null,null,'2020-05-04 16:02:22',null,'Y',null);
            go




            insert into pub_form_property(pk_form_property,areaid,classid,code,colnum,color,creationtime,creator,datatype,dataval,defaultvalue,defaultvar,define1,define2,define3,disabled,dr,editformula,hyperlinkflag,iscode,isdefined,ismultiselectedenabled,isnextrow,isrevise,istotal,itemtype,label,maxlength,metadataproperty,metaid,metapath,modifiedtime,modifier,position,proid,refcode,refname,relatemeta,required,resid,showformula,textrows,ts,validateformula,visible,width)
            values('0001ZZZZd27b53359001','0001ZZZZ94abe61debde','37bd045a-cc27-4f6b-a969-e946eed05117','projectname','1','#111111',null,'~',1,null, null,null,null,null,null,'N',0,null,'N','N','N',null,'N','N','N','input','名称',28,NULL,'','id_custregisterbvo.projectname',null,'~',4,'6f5052bb-8cea-4e8f-9a55-8f464bcdaef6',null,null,null,'N',null,null,null,'2020-05-04 16:02:22',null,'Y',null);
            go
            insert into pub_form_property(pk_form_property,areaid,classid,code,colnum,color,creationtime,creator,datatype,dataval,defaultvalue,defaultvar,define1,define2,define3,disabled,dr,editformula,hyperlinkflag,iscode,isdefined,ismultiselectedenabled,isnextrow,isrevise,istotal,itemtype,label,maxlength,metadataproperty,metaid,metapath,modifiedtime,modifier,position,proid,refcode,refname,relatemeta,required,resid,showformula,textrows,ts,validateformula,visible,width)
            values('0001ZZZZd27b53359002','0001ZZZZ94abe61debde','37bd045a-cc27-4f6b-a969-e946eed05117','projectcode','1','#111111',null,'~',1,null, null,null,null,null,null,'N',0,null,'N','N','N',null,'N','N','N','input','编号',28,NULL,'','id_custregisterbvo.projectcode',null,'~',3,'f2e73d95-1c95-46d2-be4b-05c29fdced38',null,null,null,'N',null,null,null,'2020-05-04 16:02:22',null,'Y',null);
            go
            insert into pub_form_property(pk_form_property,areaid,classid,code,colnum,color,creationtime,creator,datatype,dataval,defaultvalue,defaultvar,define1,define2,define3,disabled,dr,editformula,hyperlinkflag,iscode,isdefined,ismultiselectedenabled,isnextrow,isrevise,istotal,itemtype,label,maxlength,metadataproperty,metaid,metapath,modifiedtime,modifier,position,proid,refcode,refname,relatemeta,required,resid,showformula,textrows,ts,validateformula,visible,width)
            values('0001ZZZZd27b53359003','0001ZZZZ94abe61debde','37bd045a-cc27-4f6b-a969-e946eed05117','rowno','1','#111111',null,'~',1,null, null,null,null,null,null,'N',0,null,'N','N','N',null,'N','N','N','input','行号',28,NULL,'','id_custregisterbvo.rowno',null,'~',2,'47c49424-7d00-4804-82cc-40bb715bc129',null,null,null,'N',null,null,null,'2020-05-04 16:02:22',null,'Y',null);
            go

            insert into pub_form_property(pk_form_property,areaid,classid,code,colnum,color,creationtime,creator,datatype,dataval,defaultvalue,defaultvar,define1,define2,define3,disabled,dr,editformula,hyperlinkflag,iscode,isdefined,ismultiselectedenabled,isnextrow,isrevise,istotal,itemtype,label,maxlength,metadataproperty,metaid,metapath,modifiedtime,modifier,position,proid,refcode,refname,relatemeta,required,resid,showformula,textrows,ts,validateformula,visible,width)
            values('0001ZZZZ1868c1185001','0001ZZZZf37f240ce4b3','37bd045a-cc27-4f6b-a969-e946eed05117','projectname','1','#111111',null,'~',1,null, null,null,null,null,null,'N',0,null,'N','N','N',null,'N','N','N','input','名称',28,NULL,'','id_custregisterbvo.projectname',null,'~',4,'7907da76-f525-4ba6-8e16-bb9ad7fa2432',null,null,null,'N',null,null,null,'2020-05-04 16:02:22',null,'Y',null);
            go
            insert into pub_form_property(pk_form_property,areaid,classid,code,colnum,color,creationtime,creator,datatype,dataval,defaultvalue,defaultvar,define1,define2,define3,disabled,dr,editformula,hyperlinkflag,iscode,isdefined,ismultiselectedenabled,isnextrow,isrevise,istotal,itemtype,label,maxlength,metadataproperty,metaid,metapath,modifiedtime,modifier,position,proid,refcode,refname,relatemeta,required,resid,showformula,textrows,ts,validateformula,visible,width)
            values('0001ZZZZ1868c1185002','0001ZZZZf37f240ce4b3','37bd045a-cc27-4f6b-a969-e946eed05117','projectcode','1','#111111',null,'~',1,null, null,null,null,null,null,'N',0,null,'N','N','N',null,'N','N','N','input','编号',28,NULL,'','id_custregisterbvo.projectcode',null,'~',3,'57b72d78-63b8-4cdf-83b3-57ae75816172',null,null,null,'N',null,null,null,'2020-05-04 16:02:22',null,'Y',null);
            go
            insert into pub_form_property(pk_form_property,areaid,classid,code,colnum,color,creationtime,creator,datatype,dataval,defaultvalue,defaultvar,define1,define2,define3,disabled,dr,editformula,hyperlinkflag,iscode,isdefined,ismultiselectedenabled,isnextrow,isrevise,istotal,itemtype,label,maxlength,metadataproperty,metaid,metapath,modifiedtime,modifier,position,proid,refcode,refname,relatemeta,required,resid,showformula,textrows,ts,validateformula,visible,width)
            values('0001ZZZZ1868c1185003','0001ZZZZf37f240ce4b3','37bd045a-cc27-4f6b-a969-e946eed05117','rowno','1','#111111',null,'~',1,null, null,null,null,null,null,'N',0,null,'N','N','N',null,'N','N','N','input','行号',28,NULL,'','id_custregisterbvo.rowno',null,'~',2,'1db0d724-22ee-49b0-833f-44beb26fc053',null,null,null,'N',null,null,null,'2020-05-04 16:02:22',null,'Y',null);
            go

            insert into pub_form_property(pk_form_property,areaid,classid,code,colnum,color,creationtime,creator,datatype,dataval,defaultvalue,defaultvar,define1,define2,define3,disabled,dr,editformula,hyperlinkflag,iscode,isdefined,ismultiselectedenabled,isnextrow,isrevise,istotal,itemtype,label,maxlength,metadataproperty,metaid,metapath,modifiedtime,modifier,position,proid,refcode,refname,relatemeta,required,resid,showformula,textrows,ts,validateformula,visible,width)
            values('0001ZZZZ2debe6c63001','0001ZZZZ6b80e740d34d','37bd045a-cc27-4f6b-a969-e946eed05117','projectname','1','#111111',null,'~',1,null, null,null,null,null,null,'N',0,null,'N','N','N',null,'N','N','N','input','名称',28,NULL,'','id_custregisterbvo.projectname',null,'~',4,'4b5e8a72-7cb2-454d-a9ed-294192494f7a',null,null,null,'N',null,null,null,'2020-05-04 16:02:22',null,'Y',null);
            go
            insert into pub_form_property(pk_form_property,areaid,classid,code,colnum,color,creationtime,creator,datatype,dataval,defaultvalue,defaultvar,define1,define2,define3,disabled,dr,editformula,hyperlinkflag,iscode,isdefined,ismultiselectedenabled,isnextrow,isrevise,istotal,itemtype,label,maxlength,metadataproperty,metaid,metapath,modifiedtime,modifier,position,proid,refcode,refname,relatemeta,required,resid,showformula,textrows,ts,validateformula,visible,width)
            values('0001ZZZZ2debe6c63002','0001ZZZZ6b80e740d34d','37bd045a-cc27-4f6b-a969-e946eed05117','projectcode','1','#111111',null,'~',1,null, null,null,null,null,null,'N',0,null,'N','N','N',null,'N','N','N','input','编号',28,NULL,'','id_custregisterbvo.projectcode',null,'~',3,'5fa087e1-f58d-465e-80d1-d75df8e1734f',null,null,null,'N',null,null,null,'2020-05-04 16:02:22',null,'Y',null);
            go
            insert into pub_form_property(pk_form_property,areaid,classid,code,colnum,color,creationtime,creator,datatype,dataval,defaultvalue,defaultvar,define1,define2,define3,disabled,dr,editformula,hyperlinkflag,iscode,isdefined,ismultiselectedenabled,isnextrow,isrevise,istotal,itemtype,label,maxlength,metadataproperty,metaid,metapath,modifiedtime,modifier,position,proid,refcode,refname,relatemeta,required,resid,showformula,textrows,ts,validateformula,visible,width)
            values('0001ZZZZ2debe6c63003','0001ZZZZ6b80e740d34d','37bd045a-cc27-4f6b-a969-e946eed05117','rowno','1','#111111',null,'~',1,null, null,null,null,null,null,'N',0,null,'N','N','N',null,'N','N','N','input','行号',28,NULL,'','id_custregisterbvo.rowno',null,'~',2,'082853ba-cf33-4eb3-8f4e-96b3779b6176',null,null,null,'N',null,null,null,'2020-05-04 16:02:22',null,'Y',null);
            go
