insert into pub_page_templet(pk_page_templet,appcode,clazz,code,creationtime,creator,dr,headcode,isdefault,metaid,modifiedtime,modifier,name,pagecode,parentid,pk_group,pk_org,resid,resmodule,templetdesc,ts)
values('0001ZZZZe2a121f66544','91H10550','nc.vo.adprepare.tendaysprojectplan.AggTendaysprojplanHVO','91H10550_LIST',null,'~',0,'list_head','Y',null,null,'~','项目旬计划列表','91H10550_LIST','root',null,null,null,null,'项目旬计划列表页面','2020-05-20 15:57:12');
go

insert into pub_page_templet(pk_page_templet,appcode,clazz,code,creationtime,creator,dr,headcode,isdefault,metaid,modifiedtime,modifier,name,pagecode,parentid,pk_group,pk_org,resid,resmodule,templetdesc,ts)
values('0001ZZZZ5c351f8782e8','91H10550','nc.vo.adprepare.tendaysprojectplan.AggTendaysprojplanHVO','91H10550_CARD',null,'~',0,'card_head','N',null,null,'~','项目旬计划卡片','91H10550_CARD','root',null,null,null,null,'项目旬计划卡片页面','2020-05-20 15:57:12');
go

insert into pub_page_templet(pk_page_templet,appcode,clazz,code,creationtime,creator,dr,headcode,isdefault,metaid,modifiedtime,modifier,name,pagecode,parentid,pk_group,pk_org,resid,resmodule,templetdesc,ts)
values('0001ZZZZ143aff38bcbe','91H10550','nc.vo.adprepare.tendaysprojectplan.AggTendaysprojplanHVO','91H10550L_CARD',null,'~',0,'card_head','N',null,null,'~','项目旬计划联查卡片','91H10550L_CARD','root',null,null,null,null,'项目旬计划联查卡片页面','2020-05-20 15:57:12');
go

insert into pub_page_templet(pk_page_templet,appcode,clazz,code,creationtime,creator,dr,headcode,isdefault,metaid,modifiedtime,modifier,name,pagecode,parentid,pk_group,pk_org,resid,resmodule,templetdesc,ts)
values('0001ZZZZ7bb01307169c','91H10550A','nc.vo.adprepare.tendaysprojectplan.AggTendaysprojplanHVO','91H10550A_CARD',null,'~',0,'card_head','N',null,null,'~','项目旬计划审批卡片','91H10550A_CARD','root',null,null,null,null,'项目旬计划审批卡片页面','2020-05-20 15:57:12');
go







insert into pub_area(pk_area,areadesc,areastatus,areatype,clazz,code,creationtime,creator,dr,isunfold,metaid,metaname,metaspace,modifiedtime,modifier,name,pagination,position,relationcode,resid,templetid,ts)
values('0001ZZZZ0151abfe4c67',null,'browse',0,'nc.vo.adprepare.tendaysprojectplan.TendaysprojplanHVO','list_query',null,'~',0,null,'23375c27-0c5a-4405-91eb-dca16fe2a3b3','项目旬计划主实体',null,null,'~','查询区',null,2,null,'','0001ZZZZe2a121f66544','2020-05-20 15:57:12');
go
insert into pub_area(pk_area,areadesc,areastatus,areatype,clazz,code,creationtime,creator,dr,isunfold,metaid,metaname,metaspace,modifiedtime,modifier,name,pagination,position,relationcode,resid,templetid,ts)
values('0001ZZZZ9eabf924e3b1',null,'browse',2,'nc.vo.adprepare.tendaysprojectplan.TendaysprojplanHVO','list_head',null,'~',0,null,'23375c27-0c5a-4405-91eb-dca16fe2a3b3','项目旬计划主实体',null,null,'~','表头',null,1,null,'','0001ZZZZe2a121f66544','2020-05-20 15:57:12');
go




insert into pub_area(pk_area,areadesc,areastatus,areatype,clazz,code,creationtime,creator,dr,isunfold,metaid,metaname,metaspace,modifiedtime,modifier,name,pagination,position,relationcode,resid,templetid,ts)
values('0001ZZZZf8412016ca8d',null,'browse',1,'nc.vo.adprepare.tendaysprojectplan.TendaysprojplanHVO','card_head',null,'~',0,null,'23375c27-0c5a-4405-91eb-dca16fe2a3b3','项目旬计划主实体','adprepare.tendaysprojectplan',null,'~','项目旬计划主实体',null,1,null,null,'0001ZZZZ5c351f8782e8','2020-05-20 15:57:12');
go
insert into pub_area(pk_area,areadesc,areastatus,areatype,clazz,code,creationtime,creator,dr,isunfold,metaid,metaname,metaspace,modifiedtime,modifier,name,pagination,position,relationcode,resid,templetid,ts)
values('0001ZZZZd899178198bb',null,'browse',1,'nc.vo.adprepare.tendaysprojectplan.TendaysprojplanHVO','card_operate',null,'~',0,null,'23375c27-0c5a-4405-91eb-dca16fe2a3b3','项目旬计划主实体','adprepare.tendaysprojectplan',null,'~','操作信息',null,2,'card_head',null,'0001ZZZZ5c351f8782e8','2020-05-20 15:57:12');
go
insert into pub_area(pk_area,areadesc,areastatus,areatype,clazz,code,creationtime,creator,dr,isunfold,metaid,metaname,metaspace,modifiedtime,modifier,name,pagination,position,relationcode,resid,templetid,ts)
values('0001ZZZZ5f7e4f389fcb',null,'browse',2,'nc.vo.adprepare.tendaysprojectplan.TendaysprojplanBVO','card_body',null,'~',0,null,'23375c27-0c5a-4405-91eb-dca16fe2a3b3','项目旬计划主实体','adprepare.tendaysprojectplan',null,'~','项目旬计划子实体',null,3,null,null,'0001ZZZZ5c351f8782e8','2020-05-20 15:57:12');
go
insert into pub_area(pk_area,areadesc,areastatus,areatype,clazz,code,creationtime,creator,dr,isunfold,metaid,metaname,metaspace,modifiedtime,modifier,name,pagination,position,relationcode,resid,templetid,ts)
values('0001ZZZZ0478847226b7',null,'edit',1,'nc.vo.adprepare.tendaysprojectplan.TendaysprojplanBVO','card_body_edit',null,'~',0,null,'23375c27-0c5a-4405-91eb-dca16fe2a3b3','项目旬计划主实体','adprepare.tendaysprojectplan',null,'~','项目旬计划子实体',null,4,'card_body',null,'0001ZZZZ5c351f8782e8','2020-05-20 15:57:12');
go
insert into pub_area(pk_area,areadesc,areastatus,areatype,clazz,code,creationtime,creator,dr,isunfold,metaid,metaname,metaspace,modifiedtime,modifier,name,pagination,position,relationcode,resid,templetid,ts)
values('0001ZZZZ1c6eab01b32d',null,'browse',1,'nc.vo.adprepare.tendaysprojectplan.TendaysprojplanBVO','card_body_browse',null,'~',0,null,'23375c27-0c5a-4405-91eb-dca16fe2a3b3','项目旬计划主实体','adprepare.tendaysprojectplan',null,'~','项目旬计划子实体',null,5,'card_body',null,'0001ZZZZ5c351f8782e8','2020-05-20 15:57:12');
go


insert into pub_area(pk_area,areadesc,areastatus,areatype,clazz,code,creationtime,creator,dr,isunfold,metaid,metaname,metaspace,modifiedtime,modifier,name,pagination,position,relationcode,resid,templetid,ts)
values('0001ZZZZ5080319f4f1a',null,'browse',1,'nc.vo.adprepare.tendaysprojectplan.TendaysprojplanHVO','card_head',null,'~',0,null,'23375c27-0c5a-4405-91eb-dca16fe2a3b3','项目旬计划主实体','adprepare.tendaysprojectplan',null,'~','项目旬计划主实体',null,1,null,null,'0001ZZZZ143aff38bcbe','2020-05-20 15:57:12');
go
insert into pub_area(pk_area,areadesc,areastatus,areatype,clazz,code,creationtime,creator,dr,isunfold,metaid,metaname,metaspace,modifiedtime,modifier,name,pagination,position,relationcode,resid,templetid,ts)
values('0001ZZZZaa1b6384a95e',null,'browse',1,'nc.vo.adprepare.tendaysprojectplan.TendaysprojplanHVO','card_operate',null,'~',0,null,'23375c27-0c5a-4405-91eb-dca16fe2a3b3','项目旬计划主实体','adprepare.tendaysprojectplan',null,'~','操作信息',null,2,'card_head',null,'0001ZZZZ143aff38bcbe','2020-05-20 15:57:12');
go
insert into pub_area(pk_area,areadesc,areastatus,areatype,clazz,code,creationtime,creator,dr,isunfold,metaid,metaname,metaspace,modifiedtime,modifier,name,pagination,position,relationcode,resid,templetid,ts)
values('0001ZZZZ5ea99e6b35bb',null,'browse',2,'nc.vo.adprepare.tendaysprojectplan.TendaysprojplanBVO','card_body',null,'~',0,null,'23375c27-0c5a-4405-91eb-dca16fe2a3b3','项目旬计划主实体','adprepare.tendaysprojectplan',null,'~','项目旬计划子实体',null,3,null,null,'0001ZZZZ143aff38bcbe','2020-05-20 15:57:12');
go
insert into pub_area(pk_area,areadesc,areastatus,areatype,clazz,code,creationtime,creator,dr,isunfold,metaid,metaname,metaspace,modifiedtime,modifier,name,pagination,position,relationcode,resid,templetid,ts)
values('0001ZZZZ76351e6e49f6',null,'edit',1,'nc.vo.adprepare.tendaysprojectplan.TendaysprojplanBVO','card_body_edit',null,'~',0,null,'23375c27-0c5a-4405-91eb-dca16fe2a3b3','项目旬计划主实体','adprepare.tendaysprojectplan',null,'~','项目旬计划子实体',null,4,'card_body',null,'0001ZZZZ143aff38bcbe','2020-05-20 15:57:12');
go
insert into pub_area(pk_area,areadesc,areastatus,areatype,clazz,code,creationtime,creator,dr,isunfold,metaid,metaname,metaspace,modifiedtime,modifier,name,pagination,position,relationcode,resid,templetid,ts)
values('0001ZZZZ55e535463056',null,'browse',1,'nc.vo.adprepare.tendaysprojectplan.TendaysprojplanBVO','card_body_browse',null,'~',0,null,'23375c27-0c5a-4405-91eb-dca16fe2a3b3','项目旬计划主实体','adprepare.tendaysprojectplan',null,'~','项目旬计划子实体',null,5,'card_body',null,'0001ZZZZ143aff38bcbe','2020-05-20 15:57:12');
go

insert into pub_area(pk_area,areadesc,areastatus,areatype,clazz,code,creationtime,creator,dr,isunfold,metaid,metaname,metaspace,modifiedtime,modifier,name,pagination,position,relationcode,resid,templetid,ts)
values('0001ZZZZ640602f5fcc3',null,'browse',1,'nc.vo.adprepare.tendaysprojectplan.TendaysprojplanHVO','card_head',null,'~',0,null,'23375c27-0c5a-4405-91eb-dca16fe2a3b3','项目旬计划主实体','adprepare.tendaysprojectplan',null,'~','项目旬计划主实体',null,1,null,null,'0001ZZZZ7bb01307169c','2020-05-20 15:57:12');
go
insert into pub_area(pk_area,areadesc,areastatus,areatype,clazz,code,creationtime,creator,dr,isunfold,metaid,metaname,metaspace,modifiedtime,modifier,name,pagination,position,relationcode,resid,templetid,ts)
values('0001ZZZZ60de4508f447',null,'browse',1,'nc.vo.adprepare.tendaysprojectplan.TendaysprojplanHVO','card_operate',null,'~',0,null,'23375c27-0c5a-4405-91eb-dca16fe2a3b3','项目旬计划主实体','adprepare.tendaysprojectplan',null,'~','操作信息',null,2,'card_head',null,'0001ZZZZ7bb01307169c','2020-05-20 15:57:12');
go
insert into pub_area(pk_area,areadesc,areastatus,areatype,clazz,code,creationtime,creator,dr,isunfold,metaid,metaname,metaspace,modifiedtime,modifier,name,pagination,position,relationcode,resid,templetid,ts)
values('0001ZZZZ755f8eadf5b7',null,'browse',2,'nc.vo.adprepare.tendaysprojectplan.TendaysprojplanBVO','card_body',null,'~',0,null,'23375c27-0c5a-4405-91eb-dca16fe2a3b3','项目旬计划主实体','adprepare.tendaysprojectplan',null,'~','项目旬计划子实体',null,3,null,null,'0001ZZZZ7bb01307169c','2020-05-20 15:57:12');
go
insert into pub_area(pk_area,areadesc,areastatus,areatype,clazz,code,creationtime,creator,dr,isunfold,metaid,metaname,metaspace,modifiedtime,modifier,name,pagination,position,relationcode,resid,templetid,ts)
values('0001ZZZZ7cd614f43549',null,'edit',1,'nc.vo.adprepare.tendaysprojectplan.TendaysprojplanBVO','card_body_edit',null,'~',0,null,'23375c27-0c5a-4405-91eb-dca16fe2a3b3','项目旬计划主实体','adprepare.tendaysprojectplan',null,'~','项目旬计划子实体',null,4,'card_body',null,'0001ZZZZ7bb01307169c','2020-05-20 15:57:12');
go
insert into pub_area(pk_area,areadesc,areastatus,areatype,clazz,code,creationtime,creator,dr,isunfold,metaid,metaname,metaspace,modifiedtime,modifier,name,pagination,position,relationcode,resid,templetid,ts)
values('0001ZZZZ1690ecb3f7a1',null,'browse',1,'nc.vo.adprepare.tendaysprojectplan.TendaysprojplanBVO','card_body_browse',null,'~',0,null,'23375c27-0c5a-4405-91eb-dca16fe2a3b3','项目旬计划主实体','adprepare.tendaysprojectplan',null,'~','项目旬计划子实体',null,5,'card_body',null,'0001ZZZZ7bb01307169c','2020-05-20 15:57:12');
go




            insert into pub_query_property(pk_query_property,areaid,classid,code,containlower,creationtime,creator,datatype,dataval,defaultvalue,define1,define2,define3,define4,define5,disabled,dr,isbeyondorg,ischeck,isdefined,isfixedcondition,ismultiselectedenabled,isnotmeta,isquerycondition,isuse,itemtype,label,maxlength,metadataproperty,metapath,opersign,opersignname,position,proid,querytablename,refcode,refname,required,resid,returntype,showtype,tablecode,ts,usefunc,visible,visibleposition,width)
            values('0001ZZZZb9e2934dca8b','0001ZZZZ0151abfe4c67','23375c27-0c5a-4405-91eb-dca16fe2a3b3','pk_busitype',null,null,'~',204,'','','','','','','','N',0,'N','N','N','N','N','N','Y','Y','refer','业务类型',20,'uap.BusitypeVO.businame','pk_busitype','=@','等于@',21,'13f7ffc0-75f8-4165-a0c0-bde0581080ff','','uap/refer/riart/busitype/index','业务流程','N','','refpk',1,'','2020-05-20 15:57:12','N','Y',null,1);
            go
            insert into pub_query_property(pk_query_property,areaid,classid,code,containlower,creationtime,creator,datatype,dataval,defaultvalue,define1,define2,define3,define4,define5,disabled,dr,isbeyondorg,ischeck,isdefined,isfixedcondition,ismultiselectedenabled,isnotmeta,isquerycondition,isuse,itemtype,label,maxlength,metadataproperty,metapath,opersign,opersignname,position,proid,querytablename,refcode,refname,required,resid,returntype,showtype,tablecode,ts,usefunc,visible,visibleposition,width)
            values('0001ZZZZ592191eb1b36','0001ZZZZ0151abfe4c67','23375c27-0c5a-4405-91eb-dca16fe2a3b3','pk_transtype',null,null,'~',204,'','','','','','','','N',0,'N','N','N','N','N','N','Y','Y','refer','交易类型',20,'uap.BilltypeVO.billtypename','pk_transtype','=@','等于@',25,'973f4634-dbdb-4ac4-8a54-21a081105667','','uap/refer/riart/transtype/index','影响因素交 易类型','N','','refpk',1,'','2020-05-20 15:57:12','N','Y',null,1);
            go
            insert into pub_query_property(pk_query_property,areaid,classid,code,containlower,creationtime,creator,datatype,dataval,defaultvalue,define1,define2,define3,define4,define5,disabled,dr,isbeyondorg,ischeck,isdefined,isfixedcondition,ismultiselectedenabled,isnotmeta,isquerycondition,isuse,itemtype,label,maxlength,metadataproperty,metapath,opersign,opersignname,position,proid,querytablename,refcode,refname,required,resid,returntype,showtype,tablecode,ts,usefunc,visible,visibleposition,width)
            values('0001ZZZZd3eac75a4833','0001ZZZZ0151abfe4c67','23375c27-0c5a-4405-91eb-dca16fe2a3b3','transtypecode',null,null,'~',1,'','','','','','','','N',0,'N','N','N','N','N','N','Y','Y','input','交易类型编码',50,NULL,'transtypecode','=@','等于@',24,'29ad42ac-0d4f-4e93-8ada-314b18b0bbec','','/common-ref/','-99','N','','refpk',1,'','2020-05-20 15:57:12','N','Y',null,1);
            go
            insert into pub_query_property(pk_query_property,areaid,classid,code,containlower,creationtime,creator,datatype,dataval,defaultvalue,define1,define2,define3,define4,define5,disabled,dr,isbeyondorg,ischeck,isdefined,isfixedcondition,ismultiselectedenabled,isnotmeta,isquerycondition,isuse,itemtype,label,maxlength,metadataproperty,metapath,opersign,opersignname,position,proid,querytablename,refcode,refname,required,resid,returntype,showtype,tablecode,ts,usefunc,visible,visibleposition,width)
            values('0001ZZZZe2620d49c7dd','0001ZZZZ0151abfe4c67','23375c27-0c5a-4405-91eb-dca16fe2a3b3','missionname',null,null,'~',1,'','','','','','','','N',0,'N','N','N','N','N','N','Y','Y','input','任务名称',50,NULL,'missionname','=@','等于@',5,'9930d336-a0ea-4960-9d68-ce28d532ca08','','/common-ref/','-99','N','','refpk',1,'','2020-05-20 15:57:12','N','Y',null,1);
            go
            insert into pub_query_property(pk_query_property,areaid,classid,code,containlower,creationtime,creator,datatype,dataval,defaultvalue,define1,define2,define3,define4,define5,disabled,dr,isbeyondorg,ischeck,isdefined,isfixedcondition,ismultiselectedenabled,isnotmeta,isquerycondition,isuse,itemtype,label,maxlength,metadataproperty,metapath,opersign,opersignname,position,proid,querytablename,refcode,refname,required,resid,returntype,showtype,tablecode,ts,usefunc,visible,visibleposition,width)
            values('0001ZZZZ19b8c87e62fd','0001ZZZZ0151abfe4c67','23375c27-0c5a-4405-91eb-dca16fe2a3b3','missiondetail',null,null,'~',1,'','','','','','','','N',0,'N','N','N','N','N','N','Y','Y','input','任务描述',50,NULL,'missiondetail','=@','等于@',9,'a0d23d41-f2e8-4cd2-b93e-933408b1c384','','/common-ref/','-99','N','','refpk',1,'','2020-05-20 15:57:12','N','Y',null,1);
            go
            insert into pub_query_property(pk_query_property,areaid,classid,code,containlower,creationtime,creator,datatype,dataval,defaultvalue,define1,define2,define3,define4,define5,disabled,dr,isbeyondorg,ischeck,isdefined,isfixedcondition,ismultiselectedenabled,isnotmeta,isquerycondition,isuse,itemtype,label,maxlength,metadataproperty,metapath,opersign,opersignname,position,proid,querytablename,refcode,refname,required,resid,returntype,showtype,tablecode,ts,usefunc,visible,visibleposition,width)
            values('0001ZZZZ21b027cd5b58','0001ZZZZ0151abfe4c67','23375c27-0c5a-4405-91eb-dca16fe2a3b3','missioncode',null,null,'~',1,'','','','','','','','N',0,'N','N','N','N','N','N','Y','Y','input','任务编码',50,NULL,'missioncode','=@','等于@',4,'f4af4d22-7d75-44c3-b322-0fa4cb93dff7','','/common-ref/','-99','N','','refpk',1,'','2020-05-20 15:57:12','N','Y',null,1);
            go
            insert into pub_query_property(pk_query_property,areaid,classid,code,containlower,creationtime,creator,datatype,dataval,defaultvalue,define1,define2,define3,define4,define5,disabled,dr,isbeyondorg,ischeck,isdefined,isfixedcondition,ismultiselectedenabled,isnotmeta,isquerycondition,isuse,itemtype,label,maxlength,metadataproperty,metapath,opersign,opersignname,position,proid,querytablename,refcode,refname,required,resid,returntype,showtype,tablecode,ts,usefunc,visible,visibleposition,width)
            values('0001ZZZZ78470aeb085d','0001ZZZZ0151abfe4c67','23375c27-0c5a-4405-91eb-dca16fe2a3b3','modifier',null,null,'~',204,'','','','','','','','N',0,'N','N','N','N','N','N','Y','Y','refer','修改人',20,'uap.user.user_name','modifier','=@','等于@',30,'7d481cbb-3505-47bf-8f56-09c7bbb894a5','','uap/refer/riart/userDefaultRefer/index','用户','N','','refpk',1,'','2020-05-20 15:57:12','N','Y',null,1);
            go
            insert into pub_query_property(pk_query_property,areaid,classid,code,containlower,creationtime,creator,datatype,dataval,defaultvalue,define1,define2,define3,define4,define5,disabled,dr,isbeyondorg,ischeck,isdefined,isfixedcondition,ismultiselectedenabled,isnotmeta,isquerycondition,isuse,itemtype,label,maxlength,metadataproperty,metapath,opersign,opersignname,position,proid,querytablename,refcode,refname,required,resid,returntype,showtype,tablecode,ts,usefunc,visible,visibleposition,width)
            values('0001ZZZZ666faed27aa3','0001ZZZZ0151abfe4c67','23375c27-0c5a-4405-91eb-dca16fe2a3b3','modifiedtime',null,null,'~',34,'','','','','','','','N',0,'N','N','N','N','N','N','Y','Y','datetimepicker','修改时间',19,NULL,'modifiedtime','=@','等于@',31,'64ab3c0e-f88e-48c3-aeb4-366737d5b848','','/common-ref/','-99','N','','refpk',1,'','2020-05-20 15:57:12','N','Y',null,1);
            go
            insert into pub_query_property(pk_query_property,areaid,classid,code,containlower,creationtime,creator,datatype,dataval,defaultvalue,define1,define2,define3,define4,define5,disabled,dr,isbeyondorg,ischeck,isdefined,isfixedcondition,ismultiselectedenabled,isnotmeta,isquerycondition,isuse,itemtype,label,maxlength,metadataproperty,metapath,opersign,opersignname,position,proid,querytablename,refcode,refname,required,resid,returntype,showtype,tablecode,ts,usefunc,visible,visibleposition,width)
            values('0001ZZZZc7d8b2f5f0a5','0001ZZZZ0151abfe4c67','23375c27-0c5a-4405-91eb-dca16fe2a3b3','creator',null,null,'~',204,'','','','','','','','N',0,'N','N','N','N','N','N','Y','Y','refer','创建人',20,'uap.user.user_name','creator','=@','等于@',28,'73f15681-ccf1-4af9-a77c-95f4d0e41624','','uap/refer/riart/userDefaultRefer/index','用户','N','','refpk',1,'','2020-05-20 15:57:12','N','Y',null,1);
            go
            insert into pub_query_property(pk_query_property,areaid,classid,code,containlower,creationtime,creator,datatype,dataval,defaultvalue,define1,define2,define3,define4,define5,disabled,dr,isbeyondorg,ischeck,isdefined,isfixedcondition,ismultiselectedenabled,isnotmeta,isquerycondition,isuse,itemtype,label,maxlength,metadataproperty,metapath,opersign,opersignname,position,proid,querytablename,refcode,refname,required,resid,returntype,showtype,tablecode,ts,usefunc,visible,visibleposition,width)
            values('0001ZZZZ623ca60e20b3','0001ZZZZ0151abfe4c67','23375c27-0c5a-4405-91eb-dca16fe2a3b3','creationtime',null,null,'~',34,'','','','','','','','N',0,'N','N','N','N','N','N','Y','Y','datetimepicker','创建时间',19,NULL,'creationtime','=@','等于@',29,'63246c7f-7cfb-44a8-b363-5f5f446ab3f8','','/common-ref/','-99','N','','refpk',1,'','2020-05-20 15:57:12','N','Y',null,1);
            go
            insert into pub_query_property(pk_query_property,areaid,classid,code,containlower,creationtime,creator,datatype,dataval,defaultvalue,define1,define2,define3,define4,define5,disabled,dr,isbeyondorg,ischeck,isdefined,isfixedcondition,ismultiselectedenabled,isnotmeta,isquerycondition,isuse,itemtype,label,maxlength,metadataproperty,metapath,opersign,opersignname,position,proid,querytablename,refcode,refname,required,resid,returntype,showtype,tablecode,ts,usefunc,visible,visibleposition,width)
            values('0001ZZZZ84b1a0c88c26','0001ZZZZ0151abfe4c67','23375c27-0c5a-4405-91eb-dca16fe2a3b3','billmaker',null,null,'~',204,'','','','','','','','N',0,'N','N','N','N','N','N','Y','Y','refer','制单人',20,'uap.user.user_name','billmaker','=@','等于@',26,'30348685-fb9a-4997-9272-6e048b671226','','uap/refer/riart/userDefaultRefer/index','用户','N','','refpk',1,'','2020-05-20 15:57:12','N','Y',null,1);
            go
            insert into pub_query_property(pk_query_property,areaid,classid,code,containlower,creationtime,creator,datatype,dataval,defaultvalue,define1,define2,define3,define4,define5,disabled,dr,isbeyondorg,ischeck,isdefined,isfixedcondition,ismultiselectedenabled,isnotmeta,isquerycondition,isuse,itemtype,label,maxlength,metadataproperty,metapath,opersign,opersignname,position,proid,querytablename,refcode,refname,required,resid,returntype,showtype,tablecode,ts,usefunc,visible,visibleposition,width)
            values('0001ZZZZc39177c2e489','0001ZZZZ0151abfe4c67','23375c27-0c5a-4405-91eb-dca16fe2a3b3','maketime',null,null,'~',33,'','','','','','','','N',0,'N','N','N','N','N','N','Y','Y','datepicker','制单时间',19,NULL,'maketime','=@','等于@',27,'7ced53ea-d562-4311-ac74-5a24623a3e9f','','/common-ref/','-99','N','','refpk',1,'','2020-05-20 15:57:12','N','Y',null,1);
            go
            insert into pub_query_property(pk_query_property,areaid,classid,code,containlower,creationtime,creator,datatype,dataval,defaultvalue,define1,define2,define3,define4,define5,disabled,dr,isbeyondorg,ischeck,isdefined,isfixedcondition,ismultiselectedenabled,isnotmeta,isquerycondition,isuse,itemtype,label,maxlength,metadataproperty,metapath,opersign,opersignname,position,proid,querytablename,refcode,refname,required,resid,returntype,showtype,tablecode,ts,usefunc,visible,visibleposition,width)
            values('0001ZZZZ4213540107a7','0001ZZZZ0151abfe4c67','23375c27-0c5a-4405-91eb-dca16fe2a3b3','advanceplan',null,null,'~',1,'','','','','','','','N',0,'N','N','N','N','N','N','Y','Y','input','前置计划',50,NULL,'advanceplan','=@','等于@',10,'6155d99b-7af0-4714-a85b-22ff9b143d4b','','/common-ref/','-99','N','','refpk',1,'','2020-05-20 15:57:12','N','Y',null,1);
            go
            insert into pub_query_property(pk_query_property,areaid,classid,code,containlower,creationtime,creator,datatype,dataval,defaultvalue,define1,define2,define3,define4,define5,disabled,dr,isbeyondorg,ischeck,isdefined,isfixedcondition,ismultiselectedenabled,isnotmeta,isquerycondition,isuse,itemtype,label,maxlength,metadataproperty,metapath,opersign,opersignname,position,proid,querytablename,refcode,refname,required,resid,returntype,showtype,tablecode,ts,usefunc,visible,visibleposition,width)
            values('0001ZZZZ5e6ddc3361b0','0001ZZZZ0151abfe4c67','23375c27-0c5a-4405-91eb-dca16fe2a3b3','dbilldate',null,null,'~',33,'','','','','','','','N',0,'N','N','N','N','N','N','Y','Y','datepicker','单据日期',19,NULL,'dbilldate','=@','等于@',18,'555924a4-63c3-4064-8784-4cc0b9ba71da','','/common-ref/','-99','N','','refpk',1,'','2020-05-20 15:57:12','N','Y',null,1);
            go
            insert into pub_query_property(pk_query_property,areaid,classid,code,containlower,creationtime,creator,datatype,dataval,defaultvalue,define1,define2,define3,define4,define5,disabled,dr,isbeyondorg,ischeck,isdefined,isfixedcondition,ismultiselectedenabled,isnotmeta,isquerycondition,isuse,itemtype,label,maxlength,metadataproperty,metapath,opersign,opersignname,position,proid,querytablename,refcode,refname,required,resid,returntype,showtype,tablecode,ts,usefunc,visible,visibleposition,width)
            values('0001ZZZZ325f7c467b76','0001ZZZZ0151abfe4c67','23375c27-0c5a-4405-91eb-dca16fe2a3b3','billstatus',null,null,'~',203,'自由=-1,审批未通过=0,审批通过=1,审批进行中=2,提交=3','','','','','','','N',0,'N','N','N','N','N','N','Y','Y','select','单据状态',50,NULL,'billstatus','=@','等于@',19,'3b17f55b-2ba2-4ecd-888e-1eba155a4a26','','/common-ref/','-99','N','','refpk',1,'','2020-05-20 15:57:12','N','Y',null,1);
            go
            insert into pub_query_property(pk_query_property,areaid,classid,code,containlower,creationtime,creator,datatype,dataval,defaultvalue,define1,define2,define3,define4,define5,disabled,dr,isbeyondorg,ischeck,isdefined,isfixedcondition,ismultiselectedenabled,isnotmeta,isquerycondition,isuse,itemtype,label,maxlength,metadataproperty,metapath,opersign,opersignname,position,proid,querytablename,refcode,refname,required,resid,returntype,showtype,tablecode,ts,usefunc,visible,visibleposition,width)
            values('0001ZZZZ68fb507a61e2','0001ZZZZ0151abfe4c67','23375c27-0c5a-4405-91eb-dca16fe2a3b3','pk_billtypeid',null,null,'~',204,'','','','','','','','N',0,'N','N','N','N','N','N','Y','Y','refer','单据类型',20,'uap.BilltypeVO.billtypename','pk_billtypeid','=@','等于@',22,'53cb10bf-b558-4aaa-b823-2d13ec421a8c','','uap/refer/riart/billtype/index','影响因素单据类型','N','','refpk',1,'','2020-05-20 15:57:12','N','Y',null,1);
            go
            insert into pub_query_property(pk_query_property,areaid,classid,code,containlower,creationtime,creator,datatype,dataval,defaultvalue,define1,define2,define3,define4,define5,disabled,dr,isbeyondorg,ischeck,isdefined,isfixedcondition,ismultiselectedenabled,isnotmeta,isquerycondition,isuse,itemtype,label,maxlength,metadataproperty,metapath,opersign,opersignname,position,proid,querytablename,refcode,refname,required,resid,returntype,showtype,tablecode,ts,usefunc,visible,visibleposition,width)
            values('0001ZZZZdf8442bc0915','0001ZZZZ0151abfe4c67','23375c27-0c5a-4405-91eb-dca16fe2a3b3','billtype',null,null,'~',1,'','','','','','','','N',0,'N','N','N','N','N','N','Y','Y','input','单据类型编码',50,NULL,'billtype','=@','等于@',23,'71af2b6b-ac3f-4be9-b40e-f58d92f4bfa6','','/common-ref/','-99','N','','refpk',1,'','2020-05-20 15:57:12','N','Y',null,1);
            go
            insert into pub_query_property(pk_query_property,areaid,classid,code,containlower,creationtime,creator,datatype,dataval,defaultvalue,define1,define2,define3,define4,define5,disabled,dr,isbeyondorg,ischeck,isdefined,isfixedcondition,ismultiselectedenabled,isnotmeta,isquerycondition,isuse,itemtype,label,maxlength,metadataproperty,metapath,opersign,opersignname,position,proid,querytablename,refcode,refname,required,resid,returntype,showtype,tablecode,ts,usefunc,visible,visibleposition,width)
            values('0001ZZZZ54d9fcc1e2f1','0001ZZZZ0151abfe4c67','23375c27-0c5a-4405-91eb-dca16fe2a3b3','approver',null,null,'~',204,'','','','','','','','N',0,'N','N','N','N','N','N','Y','Y','refer','审批人',20,'uap.user.user_name','approver','=@','等于@',32,'8e28e68f-9bee-4661-bb8a-ace3edc39a40','','uap/refer/riart/userDefaultRefer/index','用户','N','','refpk',1,'','2020-05-20 15:57:12','N','Y',null,1);
            go
            insert into pub_query_property(pk_query_property,areaid,classid,code,containlower,creationtime,creator,datatype,dataval,defaultvalue,define1,define2,define3,define4,define5,disabled,dr,isbeyondorg,ischeck,isdefined,isfixedcondition,ismultiselectedenabled,isnotmeta,isquerycondition,isuse,itemtype,label,maxlength,metadataproperty,metapath,opersign,opersignname,position,proid,querytablename,refcode,refname,required,resid,returntype,showtype,tablecode,ts,usefunc,visible,visibleposition,width)
            values('0001ZZZZ454d14547e27','0001ZZZZ0151abfe4c67','23375c27-0c5a-4405-91eb-dca16fe2a3b3','approvedate',null,null,'~',34,'','','','','','','','N',0,'N','N','N','N','N','N','Y','Y','datetimepicker','审批时间',19,NULL,'approvedate','=@','等于@',14,'6ef5e24f-a2b6-4386-aa8f-2bf487c1265f','','/common-ref/','-99','N','','refpk',1,'','2020-05-20 15:57:12','N','Y',null,1);
            go
            insert into pub_query_property(pk_query_property,areaid,classid,code,containlower,creationtime,creator,datatype,dataval,defaultvalue,define1,define2,define3,define4,define5,disabled,dr,isbeyondorg,ischeck,isdefined,isfixedcondition,ismultiselectedenabled,isnotmeta,isquerycondition,isuse,itemtype,label,maxlength,metadataproperty,metapath,opersign,opersignname,position,proid,querytablename,refcode,refname,required,resid,returntype,showtype,tablecode,ts,usefunc,visible,visibleposition,width)
            values('0001ZZZZ3dba5d12948b','0001ZZZZ0151abfe4c67','23375c27-0c5a-4405-91eb-dca16fe2a3b3','approvestatus',null,null,'~',203,'自由=-1,审批未通过=0,审批通过=1,审批进行中=2,提交=3','','','','','','','N',0,'N','N','N','N','N','N','Y','Y','select','审批状态',50,NULL,'approvestatus','=@','等于@',33,'451f4342-9137-4f9a-86dc-e9cccfbea2a0','','/common-ref/','-99','N','','refpk',1,'','2020-05-20 15:57:12','N','Y',null,1);
            go
            insert into pub_query_property(pk_query_property,areaid,classid,code,containlower,creationtime,creator,datatype,dataval,defaultvalue,define1,define2,define3,define4,define5,disabled,dr,isbeyondorg,ischeck,isdefined,isfixedcondition,ismultiselectedenabled,isnotmeta,isquerycondition,isuse,itemtype,label,maxlength,metadataproperty,metapath,opersign,opersignname,position,proid,querytablename,refcode,refname,required,resid,returntype,showtype,tablecode,ts,usefunc,visible,visibleposition,width)
            values('0001ZZZZc59c010e2ad5','0001ZZZZ0151abfe4c67','23375c27-0c5a-4405-91eb-dca16fe2a3b3','pk_org',null,null,'~',204,'','','','','','','','N',0,'N','N','N','N','N','N','Y','Y','refer','组织',20,'uap.org.name','pk_org','=@','等于@',16,'c5ef88b9-6623-4bf1-ad41-e46825985522','','uapbd/refer/org/BusinessUnitAndDeptTreeRef/index','业务单元及部门','N','','refpk',1,'','2020-05-20 15:57:12','N','Y',null,1);
            go
            insert into pub_query_property(pk_query_property,areaid,classid,code,containlower,creationtime,creator,datatype,dataval,defaultvalue,define1,define2,define3,define4,define5,disabled,dr,isbeyondorg,ischeck,isdefined,isfixedcondition,ismultiselectedenabled,isnotmeta,isquerycondition,isuse,itemtype,label,maxlength,metadataproperty,metapath,opersign,opersignname,position,proid,querytablename,refcode,refname,required,resid,returntype,showtype,tablecode,ts,usefunc,visible,visibleposition,width)
            values('0001ZZZZfaebe9492c76','0001ZZZZ0151abfe4c67','23375c27-0c5a-4405-91eb-dca16fe2a3b3','pk_org_v',null,null,'~',204,'','','','','','','','N',0,'N','N','N','N','N','N','Y','Y','refer','组织版本',20,'uap.org_v.name','pk_org_v','=@','等于@',17,'86a6c727-48b5-4d2d-af8c-6fa8913bd1fe','','uapbd/refer/orgv/BusinessUnitVersionDefaultAllTreeRef/index','业务单元版本(所有)','N','','refpk',1,'','2020-05-20 15:57:12','N','N',null,1);
            go
            insert into pub_query_property(pk_query_property,areaid,classid,code,containlower,creationtime,creator,datatype,dataval,defaultvalue,define1,define2,define3,define4,define5,disabled,dr,isbeyondorg,ischeck,isdefined,isfixedcondition,ismultiselectedenabled,isnotmeta,isquerycondition,isuse,itemtype,label,maxlength,metadataproperty,metapath,opersign,opersignname,position,proid,querytablename,refcode,refname,required,resid,returntype,showtype,tablecode,ts,usefunc,visible,visibleposition,width)
            values('0001ZZZZd5c63ff0ab20','0001ZZZZ0151abfe4c67','23375c27-0c5a-4405-91eb-dca16fe2a3b3','planname',null,null,'~',1,'','','','','','','','N',0,'N','N','N','N','N','N','Y','Y','input','计划名称',50,NULL,'planname','=@','等于@',3,'e7e55e64-0a98-4b71-a536-583bbed79930','','/common-ref/','-99','N','','refpk',1,'','2020-05-20 15:57:12','N','Y',null,1);
            go
            insert into pub_query_property(pk_query_property,areaid,classid,code,containlower,creationtime,creator,datatype,dataval,defaultvalue,define1,define2,define3,define4,define5,disabled,dr,isbeyondorg,ischeck,isdefined,isfixedcondition,ismultiselectedenabled,isnotmeta,isquerycondition,isuse,itemtype,label,maxlength,metadataproperty,metapath,opersign,opersignname,position,proid,querytablename,refcode,refname,required,resid,returntype,showtype,tablecode,ts,usefunc,visible,visibleposition,width)
            values('0001ZZZZc6b175c0433d','0001ZZZZ0151abfe4c67','23375c27-0c5a-4405-91eb-dca16fe2a3b3','planduration',null,null,'~',1,'','','','','','','','N',0,'N','N','N','N','N','N','Y','Y','input','计划工期',50,NULL,'planduration','=@','等于@',8,'d9a36dae-1e23-4a0d-81a3-8b878a020447','','/common-ref/','-99','N','','refpk',1,'','2020-05-20 15:57:12','N','Y',null,1);
            go
            insert into pub_query_property(pk_query_property,areaid,classid,code,containlower,creationtime,creator,datatype,dataval,defaultvalue,define1,define2,define3,define4,define5,disabled,dr,isbeyondorg,ischeck,isdefined,isfixedcondition,ismultiselectedenabled,isnotmeta,isquerycondition,isuse,itemtype,label,maxlength,metadataproperty,metapath,opersign,opersignname,position,proid,querytablename,refcode,refname,required,resid,returntype,showtype,tablecode,ts,usefunc,visible,visibleposition,width)
            values('0001ZZZZ1c067bfc8448','0001ZZZZ0151abfe4c67','23375c27-0c5a-4405-91eb-dca16fe2a3b3','projectstartdate',null,null,'~',33,'','','','','','','','N',0,'N','N','N','N','N','N','Y','Y','datepicker','计划开始日期',19,NULL,'projectstartdate','=@','等于@',6,'a6b4efed-d4e6-41a8-a5b2-deca05cf0a9c','','/common-ref/','-99','N','','refpk',1,'','2020-05-20 15:57:12','N','Y',null,1);
            go
            insert into pub_query_property(pk_query_property,areaid,classid,code,containlower,creationtime,creator,datatype,dataval,defaultvalue,define1,define2,define3,define4,define5,disabled,dr,isbeyondorg,ischeck,isdefined,isfixedcondition,ismultiselectedenabled,isnotmeta,isquerycondition,isuse,itemtype,label,maxlength,metadataproperty,metapath,opersign,opersignname,position,proid,querytablename,refcode,refname,required,resid,returntype,showtype,tablecode,ts,usefunc,visible,visibleposition,width)
            values('0001ZZZZ67e7ed2a9e61','0001ZZZZ0151abfe4c67','23375c27-0c5a-4405-91eb-dca16fe2a3b3','projectdeaddate',null,null,'~',33,'','','','','','','','N',0,'N','N','N','N','N','N','Y','Y','datepicker','计划截止日期',19,NULL,'projectdeaddate','=@','等于@',7,'3c2d8f47-2e1f-4123-add0-073af372521c','','/common-ref/','-99','N','','refpk',1,'','2020-05-20 15:57:12','N','Y',null,1);
            go
            insert into pub_query_property(pk_query_property,areaid,classid,code,containlower,creationtime,creator,datatype,dataval,defaultvalue,define1,define2,define3,define4,define5,disabled,dr,isbeyondorg,ischeck,isdefined,isfixedcondition,ismultiselectedenabled,isnotmeta,isquerycondition,isuse,itemtype,label,maxlength,metadataproperty,metapath,opersign,opersignname,position,proid,querytablename,refcode,refname,required,resid,returntype,showtype,tablecode,ts,usefunc,visible,visibleposition,width)
            values('0001ZZZZ2e6550cbbe22','0001ZZZZ0151abfe4c67','23375c27-0c5a-4405-91eb-dca16fe2a3b3','dutyperson',null,null,'~',204,'','','','','','','','N',0,'N','N','N','N','N','N','Y','Y','refer','责任人',20,NULL,'dutyperson','=@','等于@',12,'d74c4861-95f7-47e8-b0f6-b349a9c8ca9f','','uapbd/refer/psninfo/PsndocRiartTreeGridRef/index','人员','N','','refpk',1,'','2020-05-20 15:57:12','N','Y',null,1);
            go
            insert into pub_query_property(pk_query_property,areaid,classid,code,containlower,creationtime,creator,datatype,dataval,defaultvalue,define1,define2,define3,define4,define5,disabled,dr,isbeyondorg,ischeck,isdefined,isfixedcondition,ismultiselectedenabled,isnotmeta,isquerycondition,isuse,itemtype,label,maxlength,metadataproperty,metapath,opersign,opersignname,position,proid,querytablename,refcode,refname,required,resid,returntype,showtype,tablecode,ts,usefunc,visible,visibleposition,width)
            values('0001ZZZZ914f530ca8e9','0001ZZZZ0151abfe4c67','23375c27-0c5a-4405-91eb-dca16fe2a3b3','dutydept',null,null,'~',204,'','','','','','','','N',0,'N','N','N','N','N','N','Y','Y','refer','责任部门',20,'uap.dept.name','dutydept','=@','等于@',13,'05ecac2d-86ee-4e6a-9c9a-8562e5d0ca33','','uapbd/refer/org/DeptTreeRef/index','部门','N','','refpk',1,'','2020-05-20 15:57:12','N','Y',null,1);
            go
            insert into pub_query_property(pk_query_property,areaid,classid,code,containlower,creationtime,creator,datatype,dataval,defaultvalue,define1,define2,define3,define4,define5,disabled,dr,isbeyondorg,ischeck,isdefined,isfixedcondition,ismultiselectedenabled,isnotmeta,isquerycondition,isuse,itemtype,label,maxlength,metadataproperty,metapath,opersign,opersignname,position,proid,querytablename,refcode,refname,required,resid,returntype,showtype,tablecode,ts,usefunc,visible,visibleposition,width)
            values('0001ZZZZaf0e8df211dd','0001ZZZZ0151abfe4c67','23375c27-0c5a-4405-91eb-dca16fe2a3b3','milepost',null,null,'~',1,'','','','','','','','N',0,'N','N','N','N','N','N','Y','Y','input','里程碑',50,NULL,'milepost','=@','等于@',11,'bc867965-f4aa-4684-9724-93b6caa4f3c8','','/common-ref/','-99','N','','refpk',1,'','2020-05-20 15:57:12','N','Y',null,1);
            go
            insert into pub_query_property(pk_query_property,areaid,classid,code,containlower,creationtime,creator,datatype,dataval,defaultvalue,define1,define2,define3,define4,define5,disabled,dr,isbeyondorg,ischeck,isdefined,isfixedcondition,ismultiselectedenabled,isnotmeta,isquerycondition,isuse,itemtype,label,maxlength,metadataproperty,metapath,opersign,opersignname,position,proid,querytablename,refcode,refname,required,resid,returntype,showtype,tablecode,ts,usefunc,visible,visibleposition,width)
            values('0001ZZZZc06139acb65d','0001ZZZZ0151abfe4c67','23375c27-0c5a-4405-91eb-dca16fe2a3b3','pk_group',null,null,'~',204,'','','','','','','','N',0,'N','N','N','N','N','N','Y','Y','refer','集团',20,'uap.group.name','pk_group','=@','等于@',15,'8e439d18-963f-495e-98cd-7a42ca182a1c','','uap/refer/riart/groupTreeRef/index','集团','N','','refpk',1,'','2020-05-20 15:57:12','N','Y',null,1);
            go
            insert into pub_query_property(pk_query_property,areaid,classid,code,containlower,creationtime,creator,datatype,dataval,defaultvalue,define1,define2,define3,define4,define5,disabled,dr,isbeyondorg,ischeck,isdefined,isfixedcondition,ismultiselectedenabled,isnotmeta,isquerycondition,isuse,itemtype,label,maxlength,metadataproperty,metapath,opersign,opersignname,position,proid,querytablename,refcode,refname,required,resid,returntype,showtype,tablecode,ts,usefunc,visible,visibleposition,width)
            values('0001ZZZZ1713043f61a0','0001ZZZZ0151abfe4c67','23375c27-0c5a-4405-91eb-dca16fe2a3b3','projectname',null,null,'~',1,'','','','','','','','N',0,'N','N','N','N','N','N','Y','Y','input','项目名称',50,NULL,'projectname','=@','等于@',2,'0eb432b8-2b2a-4008-92e2-cfc8959cf2e6','','/common-ref/','-99','N','','refpk',1,'','2020-05-20 15:57:12','N','Y',null,1);
            go


        insert into pub_form_property(pk_form_property,areaid,classid,code,colnum,color,creationtime,creator,datatype,dataval,defaultvalue,defaultvar,define1,define2,define3,disabled,dr,editformula,hyperlinkflag,iscode,isdefined,ismultiselectedenabled,isnextrow,isrevise,istotal,itemtype,label,maxlength,metadataproperty,metaid,metapath,modifiedtime,modifier,position,proid,refcode,refname,relatemeta,required,resid,showformula,textrows,ts,validateformula,visible,width)
        values('0001ZZZZ54f8bdbd1001','0001ZZZZ9eabf924e3b1','23375c27-0c5a-4405-91eb-dca16fe2a3b3','pk_busitype',null,'#111111',null,'~',204, '', null,null,null,null,null,'N',0,null,'N','N','N',null,'N','N','N','refer',null,28,'uap.BusitypeVO.businame','7717f1a3-b777-454e-abb5-ef8705a0f0c2','pk_busitype',null,'~',21,'42acba40-589e-4ab5-ad8f-b23d1b03e408','uap/refer/riart/busitype/index','业务流程',null,'N','app_91H10550_00002',null,null,'2020-05-20 15:57:12',null,'Y',null);
        go

        insert into pub_form_property(pk_form_property,areaid,classid,code,colnum,color,creationtime,creator,datatype,dataval,defaultvalue,defaultvar,define1,define2,define3,disabled,dr,editformula,hyperlinkflag,iscode,isdefined,ismultiselectedenabled,isnextrow,isrevise,istotal,itemtype,label,maxlength,metadataproperty,metaid,metapath,modifiedtime,modifier,position,proid,refcode,refname,relatemeta,required,resid,showformula,textrows,ts,validateformula,visible,width)
        values('0001ZZZZ54f8bdbd1002','0001ZZZZ9eabf924e3b1','23375c27-0c5a-4405-91eb-dca16fe2a3b3','pk_transtype',null,'#111111',null,'~',204, '', null,null,null,null,null,'N',0,null,'N','N','N',null,'N','N','N','refer',null,28,'uap.BilltypeVO.billtypename','b0fa41cd-a649-4309-b685-d341a5d1b0ed','pk_transtype',null,'~',25,'01cd6a67-4902-446a-8585-a5d57b50df8f','uap/refer/riart/transtype/index','影响因素交 易类型',null,'N','app_91H10550_00003',null,null,'2020-05-20 15:57:12',null,'Y',null);
        go

        insert into pub_form_property(pk_form_property,areaid,classid,code,colnum,color,creationtime,creator,datatype,dataval,defaultvalue,defaultvar,define1,define2,define3,disabled,dr,editformula,hyperlinkflag,iscode,isdefined,ismultiselectedenabled,isnextrow,isrevise,istotal,itemtype,label,maxlength,metadataproperty,metaid,metapath,modifiedtime,modifier,position,proid,refcode,refname,relatemeta,required,resid,showformula,textrows,ts,validateformula,visible,width)
        values('0001ZZZZ54f8bdbd1003','0001ZZZZ9eabf924e3b1','23375c27-0c5a-4405-91eb-dca16fe2a3b3','transtypecode',null,'#111111',null,'~',1, null, null,null,null,null,null,'N',0,null,'N','N','N',null,'N','N','N','input',null,28,NULL,'','transtypecode',null,'~',24,'83a248c4-4f61-4da7-90fa-207fbe37264a','/common-ref/','-99',null,'N','app_91H10550_00004',null,null,'2020-05-20 15:57:12',null,'Y',null);
        go

        insert into pub_form_property(pk_form_property,areaid,classid,code,colnum,color,creationtime,creator,datatype,dataval,defaultvalue,defaultvar,define1,define2,define3,disabled,dr,editformula,hyperlinkflag,iscode,isdefined,ismultiselectedenabled,isnextrow,isrevise,istotal,itemtype,label,maxlength,metadataproperty,metaid,metapath,modifiedtime,modifier,position,proid,refcode,refname,relatemeta,required,resid,showformula,textrows,ts,validateformula,visible,width)
        values('0001ZZZZ54f8bdbd1004','0001ZZZZ9eabf924e3b1','23375c27-0c5a-4405-91eb-dca16fe2a3b3','missionname',null,'#111111',null,'~',1, null, null,null,null,null,null,'N',0,null,'N','N','N',null,'N','N','N','input',null,28,NULL,'','missionname',null,'~',5,'6dda51eb-269c-482b-9913-af8139b99aab','/common-ref/','-99',null,'N','app_91H10550_00005',null,null,'2020-05-20 15:57:12',null,'Y',null);
        go

        insert into pub_form_property(pk_form_property,areaid,classid,code,colnum,color,creationtime,creator,datatype,dataval,defaultvalue,defaultvar,define1,define2,define3,disabled,dr,editformula,hyperlinkflag,iscode,isdefined,ismultiselectedenabled,isnextrow,isrevise,istotal,itemtype,label,maxlength,metadataproperty,metaid,metapath,modifiedtime,modifier,position,proid,refcode,refname,relatemeta,required,resid,showformula,textrows,ts,validateformula,visible,width)
        values('0001ZZZZ54f8bdbd1005','0001ZZZZ9eabf924e3b1','23375c27-0c5a-4405-91eb-dca16fe2a3b3','missiondetail',null,'#111111',null,'~',1, null, null,null,null,null,null,'N',0,null,'N','N','N',null,'N','N','N','input',null,28,NULL,'','missiondetail',null,'~',9,'fecdb8bd-8983-4089-ae1f-ed043144fe25','/common-ref/','-99',null,'N','app_91H10550_00006',null,null,'2020-05-20 15:57:12',null,'Y',null);
        go

        insert into pub_form_property(pk_form_property,areaid,classid,code,colnum,color,creationtime,creator,datatype,dataval,defaultvalue,defaultvar,define1,define2,define3,disabled,dr,editformula,hyperlinkflag,iscode,isdefined,ismultiselectedenabled,isnextrow,isrevise,istotal,itemtype,label,maxlength,metadataproperty,metaid,metapath,modifiedtime,modifier,position,proid,refcode,refname,relatemeta,required,resid,showformula,textrows,ts,validateformula,visible,width)
        values('0001ZZZZ54f8bdbd1006','0001ZZZZ9eabf924e3b1','23375c27-0c5a-4405-91eb-dca16fe2a3b3','missioncode',null,'#111111',null,'~',1, null, null,null,null,null,null,'N',0,null,'N','N','N',null,'N','N','N','input',null,28,NULL,'','missioncode',null,'~',4,'02d79b49-8564-477a-b853-a11c608d70e2','/common-ref/','-99',null,'N','app_91H10550_00007',null,null,'2020-05-20 15:57:12',null,'Y',null);
        go

        insert into pub_form_property(pk_form_property,areaid,classid,code,colnum,color,creationtime,creator,datatype,dataval,defaultvalue,defaultvar,define1,define2,define3,disabled,dr,editformula,hyperlinkflag,iscode,isdefined,ismultiselectedenabled,isnextrow,isrevise,istotal,itemtype,label,maxlength,metadataproperty,metaid,metapath,modifiedtime,modifier,position,proid,refcode,refname,relatemeta,required,resid,showformula,textrows,ts,validateformula,visible,width)
        values('0001ZZZZ54f8bdbd1007','0001ZZZZ9eabf924e3b1','23375c27-0c5a-4405-91eb-dca16fe2a3b3','modifier',null,'#111111',null,'~',204, '', null,null,null,null,null,'N',0,null,'N','N','N',null,'N','N','N','refer',null,28,'uap.user.user_name','f6f9a473-56c0-432f-8bc7-fbf8fde54fee','modifier',null,'~',30,'84448b1f-b6d3-44f4-8d01-9e37fc124ade','uap/refer/riart/userDefaultRefer/index','用户',null,'N','app_91H10550_00008',null,null,'2020-05-20 15:57:12',null,'Y',null);
        go

        insert into pub_form_property(pk_form_property,areaid,classid,code,colnum,color,creationtime,creator,datatype,dataval,defaultvalue,defaultvar,define1,define2,define3,disabled,dr,editformula,hyperlinkflag,iscode,isdefined,ismultiselectedenabled,isnextrow,isrevise,istotal,itemtype,label,maxlength,metadataproperty,metaid,metapath,modifiedtime,modifier,position,proid,refcode,refname,relatemeta,required,resid,showformula,textrows,ts,validateformula,visible,width)
        values('0001ZZZZ54f8bdbd1008','0001ZZZZ9eabf924e3b1','23375c27-0c5a-4405-91eb-dca16fe2a3b3','modifiedtime',null,'#111111',null,'~',34, null, null,null,null,null,null,'N',0,null,'N','N','N',null,'N','N','N','datetimepicker',null,28,NULL,'','modifiedtime',null,'~',31,'7aa71cfd-12b3-4693-bcad-5dff8f351d75','/common-ref/','-99',null,'N','app_91H10550_00009',null,null,'2020-05-20 15:57:12',null,'Y',null);
        go

        insert into pub_form_property(pk_form_property,areaid,classid,code,colnum,color,creationtime,creator,datatype,dataval,defaultvalue,defaultvar,define1,define2,define3,disabled,dr,editformula,hyperlinkflag,iscode,isdefined,ismultiselectedenabled,isnextrow,isrevise,istotal,itemtype,label,maxlength,metadataproperty,metaid,metapath,modifiedtime,modifier,position,proid,refcode,refname,relatemeta,required,resid,showformula,textrows,ts,validateformula,visible,width)
        values('0001ZZZZ54f8bdbd1009','0001ZZZZ9eabf924e3b1','23375c27-0c5a-4405-91eb-dca16fe2a3b3','creator',null,'#111111',null,'~',204, '', null,null,null,null,null,'N',0,null,'N','N','N',null,'N','N','N','refer',null,28,'uap.user.user_name','f6f9a473-56c0-432f-8bc7-fbf8fde54fee','creator',null,'~',28,'ebddb97f-e28d-409b-ba3d-6ccade59f1dc','uap/refer/riart/userDefaultRefer/index','用户',null,'N','app_91H10550_00010',null,null,'2020-05-20 15:57:12',null,'Y',null);
        go

        insert into pub_form_property(pk_form_property,areaid,classid,code,colnum,color,creationtime,creator,datatype,dataval,defaultvalue,defaultvar,define1,define2,define3,disabled,dr,editformula,hyperlinkflag,iscode,isdefined,ismultiselectedenabled,isnextrow,isrevise,istotal,itemtype,label,maxlength,metadataproperty,metaid,metapath,modifiedtime,modifier,position,proid,refcode,refname,relatemeta,required,resid,showformula,textrows,ts,validateformula,visible,width)
        values('0001ZZZZ54f8bdbd1010','0001ZZZZ9eabf924e3b1','23375c27-0c5a-4405-91eb-dca16fe2a3b3','creationtime',null,'#111111',null,'~',34, null, null,null,null,null,null,'N',0,null,'N','N','N',null,'N','N','N','datetimepicker',null,28,NULL,'','creationtime',null,'~',29,'0268b14d-3aa6-420a-a200-2f1c639adb9f','/common-ref/','-99',null,'N','app_91H10550_00011',null,null,'2020-05-20 15:57:12',null,'Y',null);
        go

        insert into pub_form_property(pk_form_property,areaid,classid,code,colnum,color,creationtime,creator,datatype,dataval,defaultvalue,defaultvar,define1,define2,define3,disabled,dr,editformula,hyperlinkflag,iscode,isdefined,ismultiselectedenabled,isnextrow,isrevise,istotal,itemtype,label,maxlength,metadataproperty,metaid,metapath,modifiedtime,modifier,position,proid,refcode,refname,relatemeta,required,resid,showformula,textrows,ts,validateformula,visible,width)
        values('0001ZZZZ54f8bdbd1011','0001ZZZZ9eabf924e3b1','23375c27-0c5a-4405-91eb-dca16fe2a3b3','billmaker',null,'#111111',null,'~',204, '', null,null,null,null,null,'N',0,null,'N','N','N',null,'N','N','N','refer',null,28,'uap.user.user_name','f6f9a473-56c0-432f-8bc7-fbf8fde54fee','billmaker',null,'~',26,'65b7890c-a0bf-4aad-96f2-a869118d98f5','uap/refer/riart/userDefaultRefer/index','用户',null,'N','app_91H10550_00012',null,null,'2020-05-20 15:57:12',null,'Y',null);
        go

        insert into pub_form_property(pk_form_property,areaid,classid,code,colnum,color,creationtime,creator,datatype,dataval,defaultvalue,defaultvar,define1,define2,define3,disabled,dr,editformula,hyperlinkflag,iscode,isdefined,ismultiselectedenabled,isnextrow,isrevise,istotal,itemtype,label,maxlength,metadataproperty,metaid,metapath,modifiedtime,modifier,position,proid,refcode,refname,relatemeta,required,resid,showformula,textrows,ts,validateformula,visible,width)
        values('0001ZZZZ54f8bdbd1012','0001ZZZZ9eabf924e3b1','23375c27-0c5a-4405-91eb-dca16fe2a3b3','maketime',null,'#111111',null,'~',33, null, null,null,null,null,null,'N',0,null,'N','N','N',null,'N','N','N','datepicker',null,28,NULL,'','maketime',null,'~',27,'13d10079-ab87-44c7-92b1-367f1626d96d','/common-ref/','-99',null,'N','app_91H10550_00013',null,null,'2020-05-20 15:57:12',null,'Y',null);
        go

        insert into pub_form_property(pk_form_property,areaid,classid,code,colnum,color,creationtime,creator,datatype,dataval,defaultvalue,defaultvar,define1,define2,define3,disabled,dr,editformula,hyperlinkflag,iscode,isdefined,ismultiselectedenabled,isnextrow,isrevise,istotal,itemtype,label,maxlength,metadataproperty,metaid,metapath,modifiedtime,modifier,position,proid,refcode,refname,relatemeta,required,resid,showformula,textrows,ts,validateformula,visible,width)
        values('0001ZZZZ54f8bdbd1013','0001ZZZZ9eabf924e3b1','23375c27-0c5a-4405-91eb-dca16fe2a3b3','advanceplan',null,'#111111',null,'~',1, null, null,null,null,null,null,'N',0,null,'N','N','N',null,'N','N','N','input',null,28,NULL,'','advanceplan',null,'~',10,'1a5dc7a3-a841-471c-9417-db9f830c4c0f','/common-ref/','-99',null,'N','app_91H10550_00014',null,null,'2020-05-20 15:57:12',null,'Y',null);
        go

        insert into pub_form_property(pk_form_property,areaid,classid,code,colnum,color,creationtime,creator,datatype,dataval,defaultvalue,defaultvar,define1,define2,define3,disabled,dr,editformula,hyperlinkflag,iscode,isdefined,ismultiselectedenabled,isnextrow,isrevise,istotal,itemtype,label,maxlength,metadataproperty,metaid,metapath,modifiedtime,modifier,position,proid,refcode,refname,relatemeta,required,resid,showformula,textrows,ts,validateformula,visible,width)
        values('0001ZZZZ54f8bdbd1014','0001ZZZZ9eabf924e3b1','23375c27-0c5a-4405-91eb-dca16fe2a3b3','billno',null,'#111111',null,'~',1, null, null,null,null,null,null,'Y',0,null,'N','N','N',null,'N','N','N','input',null,28,NULL,'','billno',null,'~',20,'6d4351da-8ee2-48d0-993a-dc165a7c20e1','/common-ref/','-99',null,'N','app_91H10550_00015',null,null,'2020-05-20 15:57:12',null,'Y',null);
        go

        insert into pub_form_property(pk_form_property,areaid,classid,code,colnum,color,creationtime,creator,datatype,dataval,defaultvalue,defaultvar,define1,define2,define3,disabled,dr,editformula,hyperlinkflag,iscode,isdefined,ismultiselectedenabled,isnextrow,isrevise,istotal,itemtype,label,maxlength,metadataproperty,metaid,metapath,modifiedtime,modifier,position,proid,refcode,refname,relatemeta,required,resid,showformula,textrows,ts,validateformula,visible,width)
        values('0001ZZZZ54f8bdbd1015','0001ZZZZ9eabf924e3b1','23375c27-0c5a-4405-91eb-dca16fe2a3b3','dbilldate',null,'#111111',null,'~',33, null, null,null,null,null,null,'N',0,null,'N','N','N',null,'N','N','N','datepicker',null,28,NULL,'','dbilldate',null,'~',18,'6dd5c0d3-d464-4dfe-b79a-64e706bdc213','/common-ref/','-99',null,'N','app_91H10550_00016',null,null,'2020-05-20 15:57:12',null,'Y',null);
        go

        insert into pub_form_property(pk_form_property,areaid,classid,code,colnum,color,creationtime,creator,datatype,dataval,defaultvalue,defaultvar,define1,define2,define3,disabled,dr,editformula,hyperlinkflag,iscode,isdefined,ismultiselectedenabled,isnextrow,isrevise,istotal,itemtype,label,maxlength,metadataproperty,metaid,metapath,modifiedtime,modifier,position,proid,refcode,refname,relatemeta,required,resid,showformula,textrows,ts,validateformula,visible,width)
        values('0001ZZZZ54f8bdbd1016','0001ZZZZ9eabf924e3b1','23375c27-0c5a-4405-91eb-dca16fe2a3b3','billstatus',null,'#111111',null,'~',203, '自由=-1,审批未通过=0,审批通过=1,审批进行中=2,提交=3','-1',null,null,null,null,'N',0,null,'N','N','N',null,'N','N','N','select',null,28,NULL,'','billstatus',null,'~',19,'0a8d59c0-8de8-43f3-aa19-a7c3c9d843e0','/common-ref/','-99',null,'N','app_91H10550_00017',null,null,'2020-05-20 15:57:12',null,'Y',null);
        go

        insert into pub_form_property(pk_form_property,areaid,classid,code,colnum,color,creationtime,creator,datatype,dataval,defaultvalue,defaultvar,define1,define2,define3,disabled,dr,editformula,hyperlinkflag,iscode,isdefined,ismultiselectedenabled,isnextrow,isrevise,istotal,itemtype,label,maxlength,metadataproperty,metaid,metapath,modifiedtime,modifier,position,proid,refcode,refname,relatemeta,required,resid,showformula,textrows,ts,validateformula,visible,width)
        values('0001ZZZZ54f8bdbd1017','0001ZZZZ9eabf924e3b1','23375c27-0c5a-4405-91eb-dca16fe2a3b3','pk_billtypeid',null,'#111111',null,'~',204, '', null,null,null,null,null,'N',0,null,'N','N','N',null,'N','N','N','refer',null,28,'uap.BilltypeVO.billtypename','b0fa41cd-a649-4309-b685-d341a5d1b0ed','pk_billtypeid',null,'~',22,'53a445fb-5b23-49f0-ab74-7abc2b82759a','uap/refer/riart/billtype/index','影响因素单据类型',null,'N','app_91H10550_00018',null,null,'2020-05-20 15:57:12',null,'Y',null);
        go

        insert into pub_form_property(pk_form_property,areaid,classid,code,colnum,color,creationtime,creator,datatype,dataval,defaultvalue,defaultvar,define1,define2,define3,disabled,dr,editformula,hyperlinkflag,iscode,isdefined,ismultiselectedenabled,isnextrow,isrevise,istotal,itemtype,label,maxlength,metadataproperty,metaid,metapath,modifiedtime,modifier,position,proid,refcode,refname,relatemeta,required,resid,showformula,textrows,ts,validateformula,visible,width)
        values('0001ZZZZ54f8bdbd1018','0001ZZZZ9eabf924e3b1','23375c27-0c5a-4405-91eb-dca16fe2a3b3','billtype',null,'#111111',null,'~',1, null, null,null,null,null,null,'N',0,null,'N','N','N',null,'N','N','N','input',null,28,NULL,'','billtype',null,'~',23,'69664c5c-69f4-40e8-b01c-d18f5f40feb2','/common-ref/','-99',null,'N','app_91H10550_00019',null,null,'2020-05-20 15:57:12',null,'Y',null);
        go

        insert into pub_form_property(pk_form_property,areaid,classid,code,colnum,color,creationtime,creator,datatype,dataval,defaultvalue,defaultvar,define1,define2,define3,disabled,dr,editformula,hyperlinkflag,iscode,isdefined,ismultiselectedenabled,isnextrow,isrevise,istotal,itemtype,label,maxlength,metadataproperty,metaid,metapath,modifiedtime,modifier,position,proid,refcode,refname,relatemeta,required,resid,showformula,textrows,ts,validateformula,visible,width)
        values('0001ZZZZ54f8bdbd1020','0001ZZZZ9eabf924e3b1','23375c27-0c5a-4405-91eb-dca16fe2a3b3','approver',null,'#111111',null,'~',204, '', null,null,null,null,null,'N',0,null,'N','N','N',null,'N','N','N','refer',null,28,'uap.user.user_name','f6f9a473-56c0-432f-8bc7-fbf8fde54fee','approver',null,'~',32,'c79f60a1-5ded-476d-a1c9-96905f8bf3c9','uap/refer/riart/userDefaultRefer/index','用户',null,'N','app_91H10550_00021',null,null,'2020-05-20 15:57:12',null,'Y',null);
        go

        insert into pub_form_property(pk_form_property,areaid,classid,code,colnum,color,creationtime,creator,datatype,dataval,defaultvalue,defaultvar,define1,define2,define3,disabled,dr,editformula,hyperlinkflag,iscode,isdefined,ismultiselectedenabled,isnextrow,isrevise,istotal,itemtype,label,maxlength,metadataproperty,metaid,metapath,modifiedtime,modifier,position,proid,refcode,refname,relatemeta,required,resid,showformula,textrows,ts,validateformula,visible,width)
        values('0001ZZZZ54f8bdbd1022','0001ZZZZ9eabf924e3b1','23375c27-0c5a-4405-91eb-dca16fe2a3b3','approvedate',null,'#111111',null,'~',34, null, null,null,null,null,null,'N',0,null,'N','N','N',null,'N','N','N','datetimepicker',null,28,NULL,'','approvedate',null,'~',14,'7cc7ffe0-71b8-4622-95cd-3f6ce8fb46b6','/common-ref/','-99',null,'N','app_91H10550_00023',null,null,'2020-05-20 15:57:12',null,'Y',null);
        go

        insert into pub_form_property(pk_form_property,areaid,classid,code,colnum,color,creationtime,creator,datatype,dataval,defaultvalue,defaultvar,define1,define2,define3,disabled,dr,editformula,hyperlinkflag,iscode,isdefined,ismultiselectedenabled,isnextrow,isrevise,istotal,itemtype,label,maxlength,metadataproperty,metaid,metapath,modifiedtime,modifier,position,proid,refcode,refname,relatemeta,required,resid,showformula,textrows,ts,validateformula,visible,width)
        values('0001ZZZZ54f8bdbd1023','0001ZZZZ9eabf924e3b1','23375c27-0c5a-4405-91eb-dca16fe2a3b3','approvestatus',null,'#111111',null,'~',203, '自由=-1,审批未通过=0,审批通过=1,审批进行中=2,提交=3', null,null,null,null,null,'N',0,null,'N','N','N',null,'N','N','N','select',null,28,NULL,'','approvestatus',null,'~',33,'46c744ad-7156-4082-bb73-e87f8ea82275','/common-ref/','-99',null,'N','app_91H10550_00024',null,null,'2020-05-20 15:57:12',null,'Y',null);
        go

        insert into pub_form_property(pk_form_property,areaid,classid,code,colnum,color,creationtime,creator,datatype,dataval,defaultvalue,defaultvar,define1,define2,define3,disabled,dr,editformula,hyperlinkflag,iscode,isdefined,ismultiselectedenabled,isnextrow,isrevise,istotal,itemtype,label,maxlength,metadataproperty,metaid,metapath,modifiedtime,modifier,position,proid,refcode,refname,relatemeta,required,resid,showformula,textrows,ts,validateformula,visible,width)
        values('0001ZZZZ54f8bdbd1037','0001ZZZZ9eabf924e3b1','23375c27-0c5a-4405-91eb-dca16fe2a3b3','pk_org',null,'#111111',null,'~',204, '', null,null,null,null,null,'N',0,null,'N','N','N',null,'N','N','N','refer',null,28,'uap.org.name','985be8a4-3a36-4778-8afe-2d8ed3902659','pk_org',null,'~',16,'f093576c-b9de-4e71-8c18-98adc674f710','uapbd/refer/org/BusinessUnitAndDeptTreeRef/index','业务单元及部门',null,'N','app_91H10550_00038',null,null,'2020-05-20 15:57:12',null,'Y',null);
        go

        insert into pub_form_property(pk_form_property,areaid,classid,code,colnum,color,creationtime,creator,datatype,dataval,defaultvalue,defaultvar,define1,define2,define3,disabled,dr,editformula,hyperlinkflag,iscode,isdefined,ismultiselectedenabled,isnextrow,isrevise,istotal,itemtype,label,maxlength,metadataproperty,metaid,metapath,modifiedtime,modifier,position,proid,refcode,refname,relatemeta,required,resid,showformula,textrows,ts,validateformula,visible,width)
        values('0001ZZZZ54f8bdbd1038','0001ZZZZ9eabf924e3b1','23375c27-0c5a-4405-91eb-dca16fe2a3b3','pk_org_v',null,'#111111',null,'~',204, '', null,null,null,null,null,'N',0,null,'N','N','N',null,'N','N','N','refer',null,28,'uap.org_v.name','da7bba89-9a59-42d6-a262-c13ef459dbd9','pk_org_v',null,'~',17,'54fb28df-13e0-4f4c-9098-6770bc582192','uapbd/refer/orgv/BusinessUnitVersionDefaultAllTreeRef/index','业务单元版本(所有)',null,'N','app_91H10550_00039',null,null,'2020-05-20 15:57:12',null,'N',null);
        go

        insert into pub_form_property(pk_form_property,areaid,classid,code,colnum,color,creationtime,creator,datatype,dataval,defaultvalue,defaultvar,define1,define2,define3,disabled,dr,editformula,hyperlinkflag,iscode,isdefined,ismultiselectedenabled,isnextrow,isrevise,istotal,itemtype,label,maxlength,metadataproperty,metaid,metapath,modifiedtime,modifier,position,proid,refcode,refname,relatemeta,required,resid,showformula,textrows,ts,validateformula,visible,width)
        values('0001ZZZZ54f8bdbd1089','0001ZZZZ9eabf924e3b1','23375c27-0c5a-4405-91eb-dca16fe2a3b3','planname',null,'#111111',null,'~',1, null, null,null,null,null,null,'N',0,null,'N','N','N',null,'N','N','N','input',null,28,NULL,'','planname',null,'~',3,'0151ee0b-f10d-4a75-9513-2e965fdf32af','/common-ref/','-99',null,'N','app_91H10550_00090',null,null,'2020-05-20 15:57:12',null,'Y',null);
        go

        insert into pub_form_property(pk_form_property,areaid,classid,code,colnum,color,creationtime,creator,datatype,dataval,defaultvalue,defaultvar,define1,define2,define3,disabled,dr,editformula,hyperlinkflag,iscode,isdefined,ismultiselectedenabled,isnextrow,isrevise,istotal,itemtype,label,maxlength,metadataproperty,metaid,metapath,modifiedtime,modifier,position,proid,refcode,refname,relatemeta,required,resid,showformula,textrows,ts,validateformula,visible,width)
        values('0001ZZZZ54f8bdbd1090','0001ZZZZ9eabf924e3b1','23375c27-0c5a-4405-91eb-dca16fe2a3b3','planduration',null,'#111111',null,'~',1, null, null,null,null,null,null,'N',0,null,'N','N','N',null,'N','N','N','input',null,28,NULL,'','planduration',null,'~',8,'bbbf7f39-864a-4407-9f65-225cbaa848f4','/common-ref/','-99',null,'N','app_91H10550_00091',null,null,'2020-05-20 15:57:12',null,'Y',null);
        go

        insert into pub_form_property(pk_form_property,areaid,classid,code,colnum,color,creationtime,creator,datatype,dataval,defaultvalue,defaultvar,define1,define2,define3,disabled,dr,editformula,hyperlinkflag,iscode,isdefined,ismultiselectedenabled,isnextrow,isrevise,istotal,itemtype,label,maxlength,metadataproperty,metaid,metapath,modifiedtime,modifier,position,proid,refcode,refname,relatemeta,required,resid,showformula,textrows,ts,validateformula,visible,width)
        values('0001ZZZZ54f8bdbd1091','0001ZZZZ9eabf924e3b1','23375c27-0c5a-4405-91eb-dca16fe2a3b3','projectstartdate',null,'#111111',null,'~',33, null, null,null,null,null,null,'N',0,null,'N','N','N',null,'N','N','N','datepicker',null,28,NULL,'','projectstartdate',null,'~',6,'af5bb561-8e84-46b0-97ef-45e400a53293','/common-ref/','-99',null,'N','app_91H10550_00092',null,null,'2020-05-20 15:57:12',null,'Y',null);
        go

        insert into pub_form_property(pk_form_property,areaid,classid,code,colnum,color,creationtime,creator,datatype,dataval,defaultvalue,defaultvar,define1,define2,define3,disabled,dr,editformula,hyperlinkflag,iscode,isdefined,ismultiselectedenabled,isnextrow,isrevise,istotal,itemtype,label,maxlength,metadataproperty,metaid,metapath,modifiedtime,modifier,position,proid,refcode,refname,relatemeta,required,resid,showformula,textrows,ts,validateformula,visible,width)
        values('0001ZZZZ54f8bdbd1092','0001ZZZZ9eabf924e3b1','23375c27-0c5a-4405-91eb-dca16fe2a3b3','projectdeaddate',null,'#111111',null,'~',33, null, null,null,null,null,null,'N',0,null,'N','N','N',null,'N','N','N','datepicker',null,28,NULL,'','projectdeaddate',null,'~',7,'c025c04a-3497-4445-98ef-76fb2d1b6b67','/common-ref/','-99',null,'N','app_91H10550_00093',null,null,'2020-05-20 15:57:12',null,'Y',null);
        go

        insert into pub_form_property(pk_form_property,areaid,classid,code,colnum,color,creationtime,creator,datatype,dataval,defaultvalue,defaultvar,define1,define2,define3,disabled,dr,editformula,hyperlinkflag,iscode,isdefined,ismultiselectedenabled,isnextrow,isrevise,istotal,itemtype,label,maxlength,metadataproperty,metaid,metapath,modifiedtime,modifier,position,proid,refcode,refname,relatemeta,required,resid,showformula,textrows,ts,validateformula,visible,width)
        values('0001ZZZZ54f8bdbd1093','0001ZZZZ9eabf924e3b1','23375c27-0c5a-4405-91eb-dca16fe2a3b3','dutyperson',null,'#111111',null,'~',204, '', null,null,null,null,null,'N',0,null,'N','N','N',null,'N','N','N','refer',null,28,NULL,'40d39c26-a2b6-4f16-a018-45664cac1a1f','dutyperson',null,'~',12,'4699d98e-b6ec-4b3b-821b-859cb72d52fd','uapbd/refer/psninfo/PsndocRiartTreeGridRef/index','人员',null,'N','app_91H10550_00094',null,null,'2020-05-20 15:57:12',null,'Y',null);
        go

        insert into pub_form_property(pk_form_property,areaid,classid,code,colnum,color,creationtime,creator,datatype,dataval,defaultvalue,defaultvar,define1,define2,define3,disabled,dr,editformula,hyperlinkflag,iscode,isdefined,ismultiselectedenabled,isnextrow,isrevise,istotal,itemtype,label,maxlength,metadataproperty,metaid,metapath,modifiedtime,modifier,position,proid,refcode,refname,relatemeta,required,resid,showformula,textrows,ts,validateformula,visible,width)
        values('0001ZZZZ54f8bdbd1094','0001ZZZZ9eabf924e3b1','23375c27-0c5a-4405-91eb-dca16fe2a3b3','dutydept',null,'#111111',null,'~',204, '', null,null,null,null,null,'N',0,null,'N','N','N',null,'N','N','N','refer',null,28,'uap.dept.name','b26fa3cb-4087-4027-a3b6-c83ab2a086a9','dutydept',null,'~',13,'6fac74dd-98a4-4318-97b4-18803deb2e56','uapbd/refer/org/DeptTreeRef/index','部门',null,'N','app_91H10550_00095',null,null,'2020-05-20 15:57:12',null,'Y',null);
        go

        insert into pub_form_property(pk_form_property,areaid,classid,code,colnum,color,creationtime,creator,datatype,dataval,defaultvalue,defaultvar,define1,define2,define3,disabled,dr,editformula,hyperlinkflag,iscode,isdefined,ismultiselectedenabled,isnextrow,isrevise,istotal,itemtype,label,maxlength,metadataproperty,metaid,metapath,modifiedtime,modifier,position,proid,refcode,refname,relatemeta,required,resid,showformula,textrows,ts,validateformula,visible,width)
        values('0001ZZZZ54f8bdbd1095','0001ZZZZ9eabf924e3b1','23375c27-0c5a-4405-91eb-dca16fe2a3b3','milepost',null,'#111111',null,'~',1, null, null,null,null,null,null,'N',0,null,'N','N','N',null,'N','N','N','input',null,28,NULL,'','milepost',null,'~',11,'acc98635-fe1f-4cb5-8be9-fb15d4224575','/common-ref/','-99',null,'N','app_91H10550_00096',null,null,'2020-05-20 15:57:12',null,'Y',null);
        go

        insert into pub_form_property(pk_form_property,areaid,classid,code,colnum,color,creationtime,creator,datatype,dataval,defaultvalue,defaultvar,define1,define2,define3,disabled,dr,editformula,hyperlinkflag,iscode,isdefined,ismultiselectedenabled,isnextrow,isrevise,istotal,itemtype,label,maxlength,metadataproperty,metaid,metapath,modifiedtime,modifier,position,proid,refcode,refname,relatemeta,required,resid,showformula,textrows,ts,validateformula,visible,width)
        values('0001ZZZZ54f8bdbd1096','0001ZZZZ9eabf924e3b1','23375c27-0c5a-4405-91eb-dca16fe2a3b3','pk_group',null,'#111111',null,'~',204, '', null,null,null,null,null,'N',0,null,'N','N','N',null,'N','N','N','refer',null,28,'uap.group.name','3b6dd171-2900-47f3-bfbe-41e4483a2a65','pk_group',null,'~',15,'90f02553-239f-4b0f-8061-419b1b154627','uap/refer/riart/groupTreeRef/index','集团',null,'N','app_91H10550_00097',null,null,'2020-05-20 15:57:12',null,'Y',null);
        go

        insert into pub_form_property(pk_form_property,areaid,classid,code,colnum,color,creationtime,creator,datatype,dataval,defaultvalue,defaultvar,define1,define2,define3,disabled,dr,editformula,hyperlinkflag,iscode,isdefined,ismultiselectedenabled,isnextrow,isrevise,istotal,itemtype,label,maxlength,metadataproperty,metaid,metapath,modifiedtime,modifier,position,proid,refcode,refname,relatemeta,required,resid,showformula,textrows,ts,validateformula,visible,width)
        values('0001ZZZZ54f8bdbd1097','0001ZZZZ9eabf924e3b1','23375c27-0c5a-4405-91eb-dca16fe2a3b3','projectname',null,'#111111',null,'~',1, null, null,null,null,null,null,'N',0,null,'N','N','N',null,'N','N','N','input',null,28,NULL,'','projectname',null,'~',2,'a27c6dc1-47d4-4f56-aa0e-542ce0985dca','/common-ref/','-99',null,'N','app_91H10550_00098',null,null,'2020-05-20 15:57:12',null,'Y',null);
        go








            insert into pub_form_property(pk_form_property,areaid,classid,code,colnum,color,creationtime,creator,datatype,dataval,defaultvalue,defaultvar,define1,define2,define3,disabled,dr,editformula,hyperlinkflag,iscode,isdefined,ismultiselectedenabled,isnextrow,isrevise,istotal,itemtype,label,maxlength,metadataproperty,metaid,metapath,modifiedtime,modifier,position,proid,refcode,refname,relatemeta,required,resid,showformula,textrows,ts,validateformula,visible,width)
            values('0001ZZZZd88ac2419001','0001ZZZZf8412016ca8d','23375c27-0c5a-4405-91eb-dca16fe2a3b3','pk_busitype','1','#111111',null,'~',204,'' , null,null,null,null,null,'N',0,null,'N','N','N',null,'N','N','N','refer',null,28,'uap.BusitypeVO.businame','','pk_busitype',null,'~',21,'dea3ea31-bb8d-419b-9846-1a202833b57b','uap/refer/riart/busitype/index','业务流程',null,'N','app_91H10550_00002',null,null,'2020-05-20 15:57:12',null,'Y',null);
            go
            insert into pub_form_property(pk_form_property,areaid,classid,code,colnum,color,creationtime,creator,datatype,dataval,defaultvalue,defaultvar,define1,define2,define3,disabled,dr,editformula,hyperlinkflag,iscode,isdefined,ismultiselectedenabled,isnextrow,isrevise,istotal,itemtype,label,maxlength,metadataproperty,metaid,metapath,modifiedtime,modifier,position,proid,refcode,refname,relatemeta,required,resid,showformula,textrows,ts,validateformula,visible,width)
            values('0001ZZZZd88ac2419002','0001ZZZZf8412016ca8d','23375c27-0c5a-4405-91eb-dca16fe2a3b3','pk_transtype','1','#111111',null,'~',204,'' , null,null,null,null,null,'N',0,null,'N','N','N',null,'N','N','N','refer',null,28,'uap.BilltypeVO.billtypename','','pk_transtype',null,'~',25,'0b165f0a-53e2-43ec-b660-0c9fd21f9735','uap/refer/riart/transtype/index','影响因素交 易类型',null,'N','app_91H10550_00003',null,null,'2020-05-20 15:57:12',null,'Y',null);
            go
            insert into pub_form_property(pk_form_property,areaid,classid,code,colnum,color,creationtime,creator,datatype,dataval,defaultvalue,defaultvar,define1,define2,define3,disabled,dr,editformula,hyperlinkflag,iscode,isdefined,ismultiselectedenabled,isnextrow,isrevise,istotal,itemtype,label,maxlength,metadataproperty,metaid,metapath,modifiedtime,modifier,position,proid,refcode,refname,relatemeta,required,resid,showformula,textrows,ts,validateformula,visible,width)
            values('0001ZZZZd88ac2419003','0001ZZZZf8412016ca8d','23375c27-0c5a-4405-91eb-dca16fe2a3b3','transtypecode','1','#111111',null,'~',1,null, null,null,null,null,null,'N',0,null,'N','N','N',null,'N','N','N','input',null,28,NULL,'','transtypecode',null,'~',24,'13a3e709-8712-4a25-b2ee-4711a7ec79a2','/common-ref/','-99',null,'N','app_91H10550_00004',null,null,'2020-05-20 15:57:12',null,'Y',null);
            go
            insert into pub_form_property(pk_form_property,areaid,classid,code,colnum,color,creationtime,creator,datatype,dataval,defaultvalue,defaultvar,define1,define2,define3,disabled,dr,editformula,hyperlinkflag,iscode,isdefined,ismultiselectedenabled,isnextrow,isrevise,istotal,itemtype,label,maxlength,metadataproperty,metaid,metapath,modifiedtime,modifier,position,proid,refcode,refname,relatemeta,required,resid,showformula,textrows,ts,validateformula,visible,width)
            values('0001ZZZZd88ac2419004','0001ZZZZf8412016ca8d','23375c27-0c5a-4405-91eb-dca16fe2a3b3','missionname','1','#111111',null,'~',1,null, null,null,null,null,null,'N',0,null,'N','N','N',null,'N','N','N','input',null,28,NULL,'','missionname',null,'~',5,'7692d30d-b5f6-4498-9716-70c7807a1412','/common-ref/','-99',null,'N','app_91H10550_00005',null,null,'2020-05-20 15:57:12',null,'Y',null);
            go
            insert into pub_form_property(pk_form_property,areaid,classid,code,colnum,color,creationtime,creator,datatype,dataval,defaultvalue,defaultvar,define1,define2,define3,disabled,dr,editformula,hyperlinkflag,iscode,isdefined,ismultiselectedenabled,isnextrow,isrevise,istotal,itemtype,label,maxlength,metadataproperty,metaid,metapath,modifiedtime,modifier,position,proid,refcode,refname,relatemeta,required,resid,showformula,textrows,ts,validateformula,visible,width)
            values('0001ZZZZd88ac2419005','0001ZZZZf8412016ca8d','23375c27-0c5a-4405-91eb-dca16fe2a3b3','missiondetail','1','#111111',null,'~',1,null, null,null,null,null,null,'N',0,null,'N','N','N',null,'N','N','N','input',null,28,NULL,'','missiondetail',null,'~',9,'4aaaf9ee-eb50-425c-a06a-15004f19ccc6','/common-ref/','-99',null,'N','app_91H10550_00006',null,null,'2020-05-20 15:57:12',null,'Y',null);
            go
            insert into pub_form_property(pk_form_property,areaid,classid,code,colnum,color,creationtime,creator,datatype,dataval,defaultvalue,defaultvar,define1,define2,define3,disabled,dr,editformula,hyperlinkflag,iscode,isdefined,ismultiselectedenabled,isnextrow,isrevise,istotal,itemtype,label,maxlength,metadataproperty,metaid,metapath,modifiedtime,modifier,position,proid,refcode,refname,relatemeta,required,resid,showformula,textrows,ts,validateformula,visible,width)
            values('0001ZZZZd88ac2419006','0001ZZZZf8412016ca8d','23375c27-0c5a-4405-91eb-dca16fe2a3b3','missioncode','1','#111111',null,'~',1,null, null,null,null,null,null,'N',0,null,'N','N','N',null,'N','N','N','input',null,28,NULL,'','missioncode',null,'~',4,'30b4b628-4e33-445c-be1d-0f59898be3c5','/common-ref/','-99',null,'N','app_91H10550_00007',null,null,'2020-05-20 15:57:12',null,'Y',null);
            go
            insert into pub_form_property(pk_form_property,areaid,classid,code,colnum,color,creationtime,creator,datatype,dataval,defaultvalue,defaultvar,define1,define2,define3,disabled,dr,editformula,hyperlinkflag,iscode,isdefined,ismultiselectedenabled,isnextrow,isrevise,istotal,itemtype,label,maxlength,metadataproperty,metaid,metapath,modifiedtime,modifier,position,proid,refcode,refname,relatemeta,required,resid,showformula,textrows,ts,validateformula,visible,width)
            values('0001ZZZZ5cc28bad45b6','0001ZZZZd899178198bb','23375c27-0c5a-4405-91eb-dca16fe2a3b3','modifier','1','#111111',null,'~',204,'', null,null,null,null,null,'N',0,null,'N','N','N',null,'N','N','N','refer',null,28,'uap.user.user_name','','modifier',null,'~',30,'b99425f5-74f9-432a-8181-3dbae2715beb','uap/refer/riart/userDefaultRefer/index','用户',null,'N','app_91H10550_00008',null,null,'2020-05-20 15:57:12',null,'Y',null);
            go
            insert into pub_form_property(pk_form_property,areaid,classid,code,colnum,color,creationtime,creator,datatype,dataval,defaultvalue,defaultvar,define1,define2,define3,disabled,dr,editformula,hyperlinkflag,iscode,isdefined,ismultiselectedenabled,isnextrow,isrevise,istotal,itemtype,label,maxlength,metadataproperty,metaid,metapath,modifiedtime,modifier,position,proid,refcode,refname,relatemeta,required,resid,showformula,textrows,ts,validateformula,visible,width)
            values('0001ZZZZ17ce6c36d877','0001ZZZZd899178198bb','23375c27-0c5a-4405-91eb-dca16fe2a3b3','modifiedtime','1','#111111',null,'~',34,null, null,null,null,null,null,'N',0,null,'N','N','N',null,'N','N','N','datetimepicker',null,28,NULL,'','modifiedtime',null,'~',31,'cc63f88f-dacd-4928-b8ae-465d8c3189f7','/common-ref/','-99',null,'N','app_91H10550_00009',null,null,'2020-05-20 15:57:12',null,'Y',null);
            go
            insert into pub_form_property(pk_form_property,areaid,classid,code,colnum,color,creationtime,creator,datatype,dataval,defaultvalue,defaultvar,define1,define2,define3,disabled,dr,editformula,hyperlinkflag,iscode,isdefined,ismultiselectedenabled,isnextrow,isrevise,istotal,itemtype,label,maxlength,metadataproperty,metaid,metapath,modifiedtime,modifier,position,proid,refcode,refname,relatemeta,required,resid,showformula,textrows,ts,validateformula,visible,width)
            values('0001ZZZZ334c66a11f0f','0001ZZZZd899178198bb','23375c27-0c5a-4405-91eb-dca16fe2a3b3','creator','1','#111111',null,'~',204,'', null,null,null,null,null,'N',0,null,'N','N','N',null,'N','N','N','refer',null,28,'uap.user.user_name','','creator',null,'~',28,'44aa7f1f-06f8-40ac-98aa-240266ef7ef7','uap/refer/riart/userDefaultRefer/index','用户',null,'N','app_91H10550_00010',null,null,'2020-05-20 15:57:12',null,'Y',null);
            go
            insert into pub_form_property(pk_form_property,areaid,classid,code,colnum,color,creationtime,creator,datatype,dataval,defaultvalue,defaultvar,define1,define2,define3,disabled,dr,editformula,hyperlinkflag,iscode,isdefined,ismultiselectedenabled,isnextrow,isrevise,istotal,itemtype,label,maxlength,metadataproperty,metaid,metapath,modifiedtime,modifier,position,proid,refcode,refname,relatemeta,required,resid,showformula,textrows,ts,validateformula,visible,width)
            values('0001ZZZZ70f226b8e19b','0001ZZZZd899178198bb','23375c27-0c5a-4405-91eb-dca16fe2a3b3','creationtime','1','#111111',null,'~',34,null, null,null,null,null,null,'N',0,null,'N','N','N',null,'N','N','N','datetimepicker',null,28,NULL,'','creationtime',null,'~',29,'c63ad665-b3b2-4376-bc9a-98f8d84a7540','/common-ref/','-99',null,'N','app_91H10550_00011',null,null,'2020-05-20 15:57:12',null,'Y',null);
            go
            insert into pub_form_property(pk_form_property,areaid,classid,code,colnum,color,creationtime,creator,datatype,dataval,defaultvalue,defaultvar,define1,define2,define3,disabled,dr,editformula,hyperlinkflag,iscode,isdefined,ismultiselectedenabled,isnextrow,isrevise,istotal,itemtype,label,maxlength,metadataproperty,metaid,metapath,modifiedtime,modifier,position,proid,refcode,refname,relatemeta,required,resid,showformula,textrows,ts,validateformula,visible,width)
            values('0001ZZZZd88ac2419011','0001ZZZZf8412016ca8d','23375c27-0c5a-4405-91eb-dca16fe2a3b3','billmaker','1','#111111',null,'~',204,'' , null,null,null,null,null,'N',0,null,'N','N','N',null,'N','N','N','refer',null,28,'uap.user.user_name','','billmaker',null,'~',26,'55e8be33-12d5-451b-bd0b-12b1e6fb107b','uap/refer/riart/userDefaultRefer/index','用户',null,'N','app_91H10550_00012',null,null,'2020-05-20 15:57:12',null,'Y',null);
            go
            insert into pub_form_property(pk_form_property,areaid,classid,code,colnum,color,creationtime,creator,datatype,dataval,defaultvalue,defaultvar,define1,define2,define3,disabled,dr,editformula,hyperlinkflag,iscode,isdefined,ismultiselectedenabled,isnextrow,isrevise,istotal,itemtype,label,maxlength,metadataproperty,metaid,metapath,modifiedtime,modifier,position,proid,refcode,refname,relatemeta,required,resid,showformula,textrows,ts,validateformula,visible,width)
            values('0001ZZZZd88ac2419012','0001ZZZZf8412016ca8d','23375c27-0c5a-4405-91eb-dca16fe2a3b3','maketime','1','#111111',null,'~',33,null, null,null,null,null,null,'N',0,null,'N','N','N',null,'N','N','N','datepicker',null,28,NULL,'','maketime',null,'~',27,'9aa8bc22-e050-4e52-9d1c-28872bc548bb','/common-ref/','-99',null,'N','app_91H10550_00013',null,null,'2020-05-20 15:57:12',null,'Y',null);
            go
            insert into pub_form_property(pk_form_property,areaid,classid,code,colnum,color,creationtime,creator,datatype,dataval,defaultvalue,defaultvar,define1,define2,define3,disabled,dr,editformula,hyperlinkflag,iscode,isdefined,ismultiselectedenabled,isnextrow,isrevise,istotal,itemtype,label,maxlength,metadataproperty,metaid,metapath,modifiedtime,modifier,position,proid,refcode,refname,relatemeta,required,resid,showformula,textrows,ts,validateformula,visible,width)
            values('0001ZZZZd88ac2419013','0001ZZZZf8412016ca8d','23375c27-0c5a-4405-91eb-dca16fe2a3b3','advanceplan','1','#111111',null,'~',1,null, null,null,null,null,null,'N',0,null,'N','N','N',null,'N','N','N','input',null,28,NULL,'','advanceplan',null,'~',10,'d8b1929d-fd91-4c13-9da4-357f98cc74db','/common-ref/','-99',null,'N','app_91H10550_00014',null,null,'2020-05-20 15:57:12',null,'Y',null);
            go
            insert into pub_form_property(pk_form_property,areaid,classid,code,colnum,color,creationtime,creator,datatype,dataval,defaultvalue,defaultvar,define1,define2,define3,disabled,dr,editformula,hyperlinkflag,iscode,isdefined,ismultiselectedenabled,isnextrow,isrevise,istotal,itemtype,label,maxlength,metadataproperty,metaid,metapath,modifiedtime,modifier,position,proid,refcode,refname,relatemeta,required,resid,showformula,textrows,ts,validateformula,visible,width)
            values('0001ZZZZd88ac2419014','0001ZZZZf8412016ca8d','23375c27-0c5a-4405-91eb-dca16fe2a3b3','billno','1','#111111',null,'~',1,null, null,null,null,null,null,'Y',0,null,'N','N','N',null,'N','N','N','input',null,28,NULL,'','billno',null,'~',20,'dc6696e0-698b-4224-8df9-894265a7400a','/common-ref/','-99',null,'N','app_91H10550_00015',null,null,'2020-05-20 15:57:12',null,'Y',null);
            go
            insert into pub_form_property(pk_form_property,areaid,classid,code,colnum,color,creationtime,creator,datatype,dataval,defaultvalue,defaultvar,define1,define2,define3,disabled,dr,editformula,hyperlinkflag,iscode,isdefined,ismultiselectedenabled,isnextrow,isrevise,istotal,itemtype,label,maxlength,metadataproperty,metaid,metapath,modifiedtime,modifier,position,proid,refcode,refname,relatemeta,required,resid,showformula,textrows,ts,validateformula,visible,width)
            values('0001ZZZZd88ac2419015','0001ZZZZf8412016ca8d','23375c27-0c5a-4405-91eb-dca16fe2a3b3','dbilldate','1','#111111',null,'~',33,null, null,null,null,null,null,'N',0,null,'N','N','N',null,'N','N','N','datepicker',null,28,NULL,'','dbilldate',null,'~',18,'e26d5145-836a-4895-a3d2-e6133d1b9173','/common-ref/','-99',null,'N','app_91H10550_00016',null,null,'2020-05-20 15:57:12',null,'Y',null);
            go
            insert into pub_form_property(pk_form_property,areaid,classid,code,colnum,color,creationtime,creator,datatype,dataval,defaultvalue,defaultvar,define1,define2,define3,disabled,dr,editformula,hyperlinkflag,iscode,isdefined,ismultiselectedenabled,isnextrow,isrevise,istotal,itemtype,label,maxlength,metadataproperty,metaid,metapath,modifiedtime,modifier,position,proid,refcode,refname,relatemeta,required,resid,showformula,textrows,ts,validateformula,visible,width)
            values('0001ZZZZd88ac2419016','0001ZZZZf8412016ca8d','23375c27-0c5a-4405-91eb-dca16fe2a3b3','billstatus','1','#111111',null,'~',203,'自由=-1,审批未通过=0,审批通过=1,审批进行中=2,提交=3','-1',null,null,null,null,'Y',0,null,'N','N','N',null,'N','N','N','select',null,28,NULL,'','billstatus',null,'~',19,'7fc6d5c4-e31d-453d-91e0-44ef916e9691','/common-ref/','-99',null,'N','app_91H10550_00017',null,null,'2020-05-20 15:57:12',null,'Y',null);
            go
            insert into pub_form_property(pk_form_property,areaid,classid,code,colnum,color,creationtime,creator,datatype,dataval,defaultvalue,defaultvar,define1,define2,define3,disabled,dr,editformula,hyperlinkflag,iscode,isdefined,ismultiselectedenabled,isnextrow,isrevise,istotal,itemtype,label,maxlength,metadataproperty,metaid,metapath,modifiedtime,modifier,position,proid,refcode,refname,relatemeta,required,resid,showformula,textrows,ts,validateformula,visible,width)
            values('0001ZZZZd88ac2419017','0001ZZZZf8412016ca8d','23375c27-0c5a-4405-91eb-dca16fe2a3b3','pk_billtypeid','1','#111111',null,'~',204,'' , null,null,null,null,null,'N',0,null,'N','N','N',null,'N','N','N','refer',null,28,'uap.BilltypeVO.billtypename','','pk_billtypeid',null,'~',22,'74b4c6c6-d286-47c3-b449-2112a0dd1137','uap/refer/riart/billtype/index','影响因素单据类型',null,'N','app_91H10550_00018',null,null,'2020-05-20 15:57:12',null,'Y',null);
            go
            insert into pub_form_property(pk_form_property,areaid,classid,code,colnum,color,creationtime,creator,datatype,dataval,defaultvalue,defaultvar,define1,define2,define3,disabled,dr,editformula,hyperlinkflag,iscode,isdefined,ismultiselectedenabled,isnextrow,isrevise,istotal,itemtype,label,maxlength,metadataproperty,metaid,metapath,modifiedtime,modifier,position,proid,refcode,refname,relatemeta,required,resid,showformula,textrows,ts,validateformula,visible,width)
            values('0001ZZZZd88ac2419018','0001ZZZZf8412016ca8d','23375c27-0c5a-4405-91eb-dca16fe2a3b3','billtype','1','#111111',null,'~',1,null, null,null,null,null,null,'N',0,null,'N','N','N',null,'N','N','N','input',null,28,NULL,'','billtype',null,'~',23,'4b631f2d-8366-4bd9-948d-97661639b77c','/common-ref/','-99',null,'N','app_91H10550_00019',null,null,'2020-05-20 15:57:12',null,'Y',null);
            go
            insert into pub_form_property(pk_form_property,areaid,classid,code,colnum,color,creationtime,creator,datatype,dataval,defaultvalue,defaultvar,define1,define2,define3,disabled,dr,editformula,hyperlinkflag,iscode,isdefined,ismultiselectedenabled,isnextrow,isrevise,istotal,itemtype,label,maxlength,metadataproperty,metaid,metapath,modifiedtime,modifier,position,proid,refcode,refname,relatemeta,required,resid,showformula,textrows,ts,validateformula,visible,width)
            values('0001ZZZZ1c7a2fa9764d','0001ZZZZd899178198bb','23375c27-0c5a-4405-91eb-dca16fe2a3b3','approver','1','#111111',null,'~',204,'', null,null,null,null,null,'N',0,null,'N','N','N',null,'N','N','N','refer',null,28,'uap.user.user_name','','approver',null,'~',32,'16edcdb9-d103-4ac6-8b8b-6933a10c0f9c','uap/refer/riart/userDefaultRefer/index','用户',null,'N','app_91H10550_00021',null,null,'2020-05-20 15:57:12',null,'Y',null);
            go
            insert into pub_form_property(pk_form_property,areaid,classid,code,colnum,color,creationtime,creator,datatype,dataval,defaultvalue,defaultvar,define1,define2,define3,disabled,dr,editformula,hyperlinkflag,iscode,isdefined,ismultiselectedenabled,isnextrow,isrevise,istotal,itemtype,label,maxlength,metadataproperty,metaid,metapath,modifiedtime,modifier,position,proid,refcode,refname,relatemeta,required,resid,showformula,textrows,ts,validateformula,visible,width)
            values('0001ZZZZb01ef782bd7a','0001ZZZZd899178198bb','23375c27-0c5a-4405-91eb-dca16fe2a3b3','approvedate','1','#111111',null,'~',34,null, null,null,null,null,null,'N',0,null,'N','N','N',null,'N','N','N','datetimepicker',null,28,NULL,'','approvedate',null,'~',14,'8a0e2a42-1960-4b38-880f-921df5db9d05','/common-ref/','-99',null,'N','app_91H10550_00023',null,null,'2020-05-20 15:57:12',null,'Y',null);
            go
            insert into pub_form_property(pk_form_property,areaid,classid,code,colnum,color,creationtime,creator,datatype,dataval,defaultvalue,defaultvar,define1,define2,define3,disabled,dr,editformula,hyperlinkflag,iscode,isdefined,ismultiselectedenabled,isnextrow,isrevise,istotal,itemtype,label,maxlength,metadataproperty,metaid,metapath,modifiedtime,modifier,position,proid,refcode,refname,relatemeta,required,resid,showformula,textrows,ts,validateformula,visible,width)
            values('0001ZZZZd88ac2419023','0001ZZZZf8412016ca8d','23375c27-0c5a-4405-91eb-dca16fe2a3b3','approvestatus','1','#111111',null,'~',203,'自由=-1,审批未通过=0,审批通过=1,审批进行中=2,提交=3', null,null,null,null,null,'N',0,null,'N','N','N',null,'N','N','N','select',null,28,NULL,'','approvestatus',null,'~',33,'ae242961-092d-418b-9a85-d1ac47e3f91c','/common-ref/','-99',null,'N','app_91H10550_00024',null,null,'2020-05-20 15:57:12',null,'Y',null);
            go
            insert into pub_form_property(pk_form_property,areaid,classid,code,colnum,color,creationtime,creator,datatype,dataval,defaultvalue,defaultvar,define1,define2,define3,disabled,dr,editformula,hyperlinkflag,iscode,isdefined,ismultiselectedenabled,isnextrow,isrevise,istotal,itemtype,label,maxlength,metadataproperty,metaid,metapath,modifiedtime,modifier,position,proid,refcode,refname,relatemeta,required,resid,showformula,textrows,ts,validateformula,visible,width)
            values('0001ZZZZd88ac2419037','0001ZZZZf8412016ca8d','23375c27-0c5a-4405-91eb-dca16fe2a3b3','pk_org','1','#111111',null,'~',204,'' , null,null,null,null,null,'N',0,null,'N','N','N',null,'N','N','N','refer',null,28,'uap.org.name','','pk_org',null,'~',16,'50eb86e2-e141-47ec-8efc-8f7d55b0d56f','uapbd/refer/org/BusinessUnitAndDeptTreeRef/index','业务单元及部门',null,'N','app_91H10550_00038',null,null,'2020-05-20 15:57:12',null,'Y',null);
            go
            insert into pub_form_property(pk_form_property,areaid,classid,code,colnum,color,creationtime,creator,datatype,dataval,defaultvalue,defaultvar,define1,define2,define3,disabled,dr,editformula,hyperlinkflag,iscode,isdefined,ismultiselectedenabled,isnextrow,isrevise,istotal,itemtype,label,maxlength,metadataproperty,metaid,metapath,modifiedtime,modifier,position,proid,refcode,refname,relatemeta,required,resid,showformula,textrows,ts,validateformula,visible,width)
            values('0001ZZZZd88ac2419038','0001ZZZZf8412016ca8d','23375c27-0c5a-4405-91eb-dca16fe2a3b3','pk_org_v','1','#111111',null,'~',204,'' , null,null,null,null,null,'N',0,null,'N','N','N',null,'N','N','N','refer',null,28,'uap.org_v.name','','pk_org_v',null,'~',17,'55bcc100-56ed-44fb-9cf5-6a5d7582d31e','uapbd/refer/orgv/BusinessUnitVersionDefaultAllTreeRef/index','业务单元版本(所有)',null,'N','app_91H10550_00039',null,null,'2020-05-20 15:57:12',null,'N',null);
            go
            insert into pub_form_property(pk_form_property,areaid,classid,code,colnum,color,creationtime,creator,datatype,dataval,defaultvalue,defaultvar,define1,define2,define3,disabled,dr,editformula,hyperlinkflag,iscode,isdefined,ismultiselectedenabled,isnextrow,isrevise,istotal,itemtype,label,maxlength,metadataproperty,metaid,metapath,modifiedtime,modifier,position,proid,refcode,refname,relatemeta,required,resid,showformula,textrows,ts,validateformula,visible,width)
            values('0001ZZZZd88ac2419089','0001ZZZZf8412016ca8d','23375c27-0c5a-4405-91eb-dca16fe2a3b3','planname','1','#111111',null,'~',1,null, null,null,null,null,null,'N',0,null,'N','N','N',null,'N','N','N','input',null,28,NULL,'','planname',null,'~',3,'bb438e7e-b65c-413e-b7c3-db6ab051a459','/common-ref/','-99',null,'N','app_91H10550_00090',null,null,'2020-05-20 15:57:12',null,'Y',null);
            go
            insert into pub_form_property(pk_form_property,areaid,classid,code,colnum,color,creationtime,creator,datatype,dataval,defaultvalue,defaultvar,define1,define2,define3,disabled,dr,editformula,hyperlinkflag,iscode,isdefined,ismultiselectedenabled,isnextrow,isrevise,istotal,itemtype,label,maxlength,metadataproperty,metaid,metapath,modifiedtime,modifier,position,proid,refcode,refname,relatemeta,required,resid,showformula,textrows,ts,validateformula,visible,width)
            values('0001ZZZZd88ac2419090','0001ZZZZf8412016ca8d','23375c27-0c5a-4405-91eb-dca16fe2a3b3','planduration','1','#111111',null,'~',1,null, null,null,null,null,null,'N',0,null,'N','N','N',null,'N','N','N','input',null,28,NULL,'','planduration',null,'~',8,'44e0b79e-cff1-46e5-a041-5252623437ec','/common-ref/','-99',null,'N','app_91H10550_00091',null,null,'2020-05-20 15:57:12',null,'Y',null);
            go
            insert into pub_form_property(pk_form_property,areaid,classid,code,colnum,color,creationtime,creator,datatype,dataval,defaultvalue,defaultvar,define1,define2,define3,disabled,dr,editformula,hyperlinkflag,iscode,isdefined,ismultiselectedenabled,isnextrow,isrevise,istotal,itemtype,label,maxlength,metadataproperty,metaid,metapath,modifiedtime,modifier,position,proid,refcode,refname,relatemeta,required,resid,showformula,textrows,ts,validateformula,visible,width)
            values('0001ZZZZd88ac2419091','0001ZZZZf8412016ca8d','23375c27-0c5a-4405-91eb-dca16fe2a3b3','projectstartdate','1','#111111',null,'~',33,null, null,null,null,null,null,'N',0,null,'N','N','N',null,'N','N','N','datepicker',null,28,NULL,'','projectstartdate',null,'~',6,'e7bdeaf6-72ba-4a09-830f-05f419b0eed7','/common-ref/','-99',null,'N','app_91H10550_00092',null,null,'2020-05-20 15:57:12',null,'Y',null);
            go
            insert into pub_form_property(pk_form_property,areaid,classid,code,colnum,color,creationtime,creator,datatype,dataval,defaultvalue,defaultvar,define1,define2,define3,disabled,dr,editformula,hyperlinkflag,iscode,isdefined,ismultiselectedenabled,isnextrow,isrevise,istotal,itemtype,label,maxlength,metadataproperty,metaid,metapath,modifiedtime,modifier,position,proid,refcode,refname,relatemeta,required,resid,showformula,textrows,ts,validateformula,visible,width)
            values('0001ZZZZd88ac2419092','0001ZZZZf8412016ca8d','23375c27-0c5a-4405-91eb-dca16fe2a3b3','projectdeaddate','1','#111111',null,'~',33,null, null,null,null,null,null,'N',0,null,'N','N','N',null,'N','N','N','datepicker',null,28,NULL,'','projectdeaddate',null,'~',7,'7d08381e-1353-4554-9b02-a87551256a63','/common-ref/','-99',null,'N','app_91H10550_00093',null,null,'2020-05-20 15:57:12',null,'Y',null);
            go
            insert into pub_form_property(pk_form_property,areaid,classid,code,colnum,color,creationtime,creator,datatype,dataval,defaultvalue,defaultvar,define1,define2,define3,disabled,dr,editformula,hyperlinkflag,iscode,isdefined,ismultiselectedenabled,isnextrow,isrevise,istotal,itemtype,label,maxlength,metadataproperty,metaid,metapath,modifiedtime,modifier,position,proid,refcode,refname,relatemeta,required,resid,showformula,textrows,ts,validateformula,visible,width)
            values('0001ZZZZd88ac2419093','0001ZZZZf8412016ca8d','23375c27-0c5a-4405-91eb-dca16fe2a3b3','dutyperson','1','#111111',null,'~',204,'' , null,null,null,null,null,'N',0,null,'N','N','N',null,'N','N','N','refer',null,28,NULL,'','dutyperson',null,'~',12,'7fd75a30-9a80-4d25-a175-9b5426912a44','uapbd/refer/psninfo/PsndocRiartTreeGridRef/index','人员',null,'N','app_91H10550_00094',null,null,'2020-05-20 15:57:12',null,'Y',null);
            go
            insert into pub_form_property(pk_form_property,areaid,classid,code,colnum,color,creationtime,creator,datatype,dataval,defaultvalue,defaultvar,define1,define2,define3,disabled,dr,editformula,hyperlinkflag,iscode,isdefined,ismultiselectedenabled,isnextrow,isrevise,istotal,itemtype,label,maxlength,metadataproperty,metaid,metapath,modifiedtime,modifier,position,proid,refcode,refname,relatemeta,required,resid,showformula,textrows,ts,validateformula,visible,width)
            values('0001ZZZZd88ac2419094','0001ZZZZf8412016ca8d','23375c27-0c5a-4405-91eb-dca16fe2a3b3','dutydept','1','#111111',null,'~',204,'' , null,null,null,null,null,'N',0,null,'N','N','N',null,'N','N','N','refer',null,28,'uap.dept.name','','dutydept',null,'~',13,'041b623d-b77e-4bc3-a388-50c8ee931e8c','uapbd/refer/org/DeptTreeRef/index','部门',null,'N','app_91H10550_00095',null,null,'2020-05-20 15:57:12',null,'Y',null);
            go
            insert into pub_form_property(pk_form_property,areaid,classid,code,colnum,color,creationtime,creator,datatype,dataval,defaultvalue,defaultvar,define1,define2,define3,disabled,dr,editformula,hyperlinkflag,iscode,isdefined,ismultiselectedenabled,isnextrow,isrevise,istotal,itemtype,label,maxlength,metadataproperty,metaid,metapath,modifiedtime,modifier,position,proid,refcode,refname,relatemeta,required,resid,showformula,textrows,ts,validateformula,visible,width)
            values('0001ZZZZd88ac2419095','0001ZZZZf8412016ca8d','23375c27-0c5a-4405-91eb-dca16fe2a3b3','milepost','1','#111111',null,'~',1,null, null,null,null,null,null,'N',0,null,'N','N','N',null,'N','N','N','input',null,28,NULL,'','milepost',null,'~',11,'6ed6ab98-987c-4dce-bfd0-7e35e2195d77','/common-ref/','-99',null,'N','app_91H10550_00096',null,null,'2020-05-20 15:57:12',null,'Y',null);
            go
            insert into pub_form_property(pk_form_property,areaid,classid,code,colnum,color,creationtime,creator,datatype,dataval,defaultvalue,defaultvar,define1,define2,define3,disabled,dr,editformula,hyperlinkflag,iscode,isdefined,ismultiselectedenabled,isnextrow,isrevise,istotal,itemtype,label,maxlength,metadataproperty,metaid,metapath,modifiedtime,modifier,position,proid,refcode,refname,relatemeta,required,resid,showformula,textrows,ts,validateformula,visible,width)
            values('0001ZZZZd88ac2419096','0001ZZZZf8412016ca8d','23375c27-0c5a-4405-91eb-dca16fe2a3b3','pk_group','1','#111111',null,'~',204,'' , null,null,null,null,null,'N',0,null,'N','N','N',null,'N','N','N','refer',null,28,'uap.group.name','','pk_group',null,'~',15,'59f82b44-a2fe-486a-aa5a-cd1b89a6fbdc','uap/refer/riart/groupTreeRef/index','集团',null,'N','app_91H10550_00097',null,null,'2020-05-20 15:57:12',null,'Y',null);
            go
            insert into pub_form_property(pk_form_property,areaid,classid,code,colnum,color,creationtime,creator,datatype,dataval,defaultvalue,defaultvar,define1,define2,define3,disabled,dr,editformula,hyperlinkflag,iscode,isdefined,ismultiselectedenabled,isnextrow,isrevise,istotal,itemtype,label,maxlength,metadataproperty,metaid,metapath,modifiedtime,modifier,position,proid,refcode,refname,relatemeta,required,resid,showformula,textrows,ts,validateformula,visible,width)
            values('0001ZZZZd88ac2419097','0001ZZZZf8412016ca8d','23375c27-0c5a-4405-91eb-dca16fe2a3b3','projectname','1','#111111',null,'~',1,null, null,null,null,null,null,'N',0,null,'N','N','N',null,'N','N','N','input',null,28,NULL,'','projectname',null,'~',2,'3a84e345-7bfd-4b71-b0b4-196058d51370','/common-ref/','-99',null,'N','app_91H10550_00098',null,null,'2020-05-20 15:57:12',null,'Y',null);
            go



















            insert into pub_form_property(pk_form_property,areaid,classid,code,colnum,color,creationtime,creator,datatype,dataval,defaultvalue,defaultvar,define1,define2,define3,disabled,dr,editformula,hyperlinkflag,iscode,isdefined,ismultiselectedenabled,isnextrow,isrevise,istotal,itemtype,label,maxlength,metadataproperty,metaid,metapath,modifiedtime,modifier,position,proid,refcode,refname,relatemeta,required,resid,showformula,textrows,ts,validateformula,visible,width)
            values('0001ZZZZ23e28cc9b001','0001ZZZZ5080319f4f1a','23375c27-0c5a-4405-91eb-dca16fe2a3b3','pk_busitype','1','#111111',null,'~',204,null, null,null,null,null,null,'N',0,null,'N','N','N',null,'N','N','N','refer',null,28,'uap.BusitypeVO.businame','','pk_busitype',null,'~',21,'ee4f022f-e43f-4741-8f46-396f8f3aff7b','uap/refer/riart/busitype/index','业务流程',null,'N',null,null,null,'2020-05-20 15:57:12',null,'Y',null);
            go
            insert into pub_form_property(pk_form_property,areaid,classid,code,colnum,color,creationtime,creator,datatype,dataval,defaultvalue,defaultvar,define1,define2,define3,disabled,dr,editformula,hyperlinkflag,iscode,isdefined,ismultiselectedenabled,isnextrow,isrevise,istotal,itemtype,label,maxlength,metadataproperty,metaid,metapath,modifiedtime,modifier,position,proid,refcode,refname,relatemeta,required,resid,showformula,textrows,ts,validateformula,visible,width)
            values('0001ZZZZ23e28cc9b002','0001ZZZZ5080319f4f1a','23375c27-0c5a-4405-91eb-dca16fe2a3b3','pk_transtype','1','#111111',null,'~',204,null, null,null,null,null,null,'N',0,null,'N','N','N',null,'N','N','N','refer',null,28,'uap.BilltypeVO.billtypename','','pk_transtype',null,'~',25,'dcc3b2f0-4b3c-4c5e-8f24-f130001d5b6a','uap/refer/riart/transtype/index','影响因素交 易类型',null,'N',null,null,null,'2020-05-20 15:57:12',null,'Y',null);
            go
            insert into pub_form_property(pk_form_property,areaid,classid,code,colnum,color,creationtime,creator,datatype,dataval,defaultvalue,defaultvar,define1,define2,define3,disabled,dr,editformula,hyperlinkflag,iscode,isdefined,ismultiselectedenabled,isnextrow,isrevise,istotal,itemtype,label,maxlength,metadataproperty,metaid,metapath,modifiedtime,modifier,position,proid,refcode,refname,relatemeta,required,resid,showformula,textrows,ts,validateformula,visible,width)
            values('0001ZZZZ23e28cc9b003','0001ZZZZ5080319f4f1a','23375c27-0c5a-4405-91eb-dca16fe2a3b3','transtypecode','1','#111111',null,'~',1,null, null,null,null,null,null,'N',0,null,'N','N','N',null,'N','N','N','input',null,28,NULL,'','transtypecode',null,'~',24,'d4821dd7-d3d6-467c-b6c4-a8a595b41151','/common-ref/','-99',null,'N',null,null,null,'2020-05-20 15:57:12',null,'Y',null);
            go
            insert into pub_form_property(pk_form_property,areaid,classid,code,colnum,color,creationtime,creator,datatype,dataval,defaultvalue,defaultvar,define1,define2,define3,disabled,dr,editformula,hyperlinkflag,iscode,isdefined,ismultiselectedenabled,isnextrow,isrevise,istotal,itemtype,label,maxlength,metadataproperty,metaid,metapath,modifiedtime,modifier,position,proid,refcode,refname,relatemeta,required,resid,showformula,textrows,ts,validateformula,visible,width)
            values('0001ZZZZ23e28cc9b004','0001ZZZZ5080319f4f1a','23375c27-0c5a-4405-91eb-dca16fe2a3b3','missionname','1','#111111',null,'~',1,null, null,null,null,null,null,'N',0,null,'N','N','N',null,'N','N','N','input',null,28,NULL,'','missionname',null,'~',5,'47d97732-2947-4e2d-8edf-34d634c70c2a','/common-ref/','-99',null,'N',null,null,null,'2020-05-20 15:57:12',null,'Y',null);
            go
            insert into pub_form_property(pk_form_property,areaid,classid,code,colnum,color,creationtime,creator,datatype,dataval,defaultvalue,defaultvar,define1,define2,define3,disabled,dr,editformula,hyperlinkflag,iscode,isdefined,ismultiselectedenabled,isnextrow,isrevise,istotal,itemtype,label,maxlength,metadataproperty,metaid,metapath,modifiedtime,modifier,position,proid,refcode,refname,relatemeta,required,resid,showformula,textrows,ts,validateformula,visible,width)
            values('0001ZZZZ23e28cc9b005','0001ZZZZ5080319f4f1a','23375c27-0c5a-4405-91eb-dca16fe2a3b3','missiondetail','1','#111111',null,'~',1,null, null,null,null,null,null,'N',0,null,'N','N','N',null,'N','N','N','input',null,28,NULL,'','missiondetail',null,'~',9,'c0e44ffc-7968-4855-8ab8-7196a811e179','/common-ref/','-99',null,'N',null,null,null,'2020-05-20 15:57:12',null,'Y',null);
            go
            insert into pub_form_property(pk_form_property,areaid,classid,code,colnum,color,creationtime,creator,datatype,dataval,defaultvalue,defaultvar,define1,define2,define3,disabled,dr,editformula,hyperlinkflag,iscode,isdefined,ismultiselectedenabled,isnextrow,isrevise,istotal,itemtype,label,maxlength,metadataproperty,metaid,metapath,modifiedtime,modifier,position,proid,refcode,refname,relatemeta,required,resid,showformula,textrows,ts,validateformula,visible,width)
            values('0001ZZZZ23e28cc9b006','0001ZZZZ5080319f4f1a','23375c27-0c5a-4405-91eb-dca16fe2a3b3','missioncode','1','#111111',null,'~',1,null, null,null,null,null,null,'N',0,null,'N','N','N',null,'N','N','N','input',null,28,NULL,'','missioncode',null,'~',4,'d2aef52e-386c-4d77-95de-598813815176','/common-ref/','-99',null,'N',null,null,null,'2020-05-20 15:57:12',null,'Y',null);
            go
            insert into pub_form_property(pk_form_property,areaid,classid,code,colnum,color,creationtime,creator,datatype,dataval,defaultvalue,defaultvar,define1,define2,define3,disabled,dr,editformula,hyperlinkflag,iscode,isdefined,ismultiselectedenabled,isnextrow,isrevise,istotal,itemtype,label,maxlength,metadataproperty,metaid,metapath,modifiedtime,modifier,position,proid,refcode,refname,relatemeta,required,resid,showformula,textrows,ts,validateformula,visible,width)
            values('0001ZZZZc30d64eff72d','0001ZZZZaa1b6384a95e','23375c27-0c5a-4405-91eb-dca16fe2a3b3','modifier','1','#111111',null,'~',204,null, null,null,null,null,null,'N',0,null,'N','N','N',null,'N','N','N','refer',null,28,'uap.user.user_name','','modifier',null,'~',30,'6dcce50d-bbee-43c0-89e2-cff416e19431','uap/refer/riart/userDefaultRefer/index','用户',null,'N',null,null,null,'2020-05-20 15:57:12',null,'Y',null);
            go
            insert into pub_form_property(pk_form_property,areaid,classid,code,colnum,color,creationtime,creator,datatype,dataval,defaultvalue,defaultvar,define1,define2,define3,disabled,dr,editformula,hyperlinkflag,iscode,isdefined,ismultiselectedenabled,isnextrow,isrevise,istotal,itemtype,label,maxlength,metadataproperty,metaid,metapath,modifiedtime,modifier,position,proid,refcode,refname,relatemeta,required,resid,showformula,textrows,ts,validateformula,visible,width)
            values('0001ZZZZ945113668d48','0001ZZZZaa1b6384a95e','23375c27-0c5a-4405-91eb-dca16fe2a3b3','modifiedtime','1','#111111',null,'~',34,null, null,null,null,null,null,'N',0,null,'N','N','N',null,'N','N','N','datetimepicker',null,28,NULL,'','modifiedtime',null,'~',31,'1a2d2bf7-7f6e-4110-9d03-b0e73d774e07','/common-ref/','-99',null,'N',null,null,null,'2020-05-20 15:57:12',null,'Y',null);
            go
            insert into pub_form_property(pk_form_property,areaid,classid,code,colnum,color,creationtime,creator,datatype,dataval,defaultvalue,defaultvar,define1,define2,define3,disabled,dr,editformula,hyperlinkflag,iscode,isdefined,ismultiselectedenabled,isnextrow,isrevise,istotal,itemtype,label,maxlength,metadataproperty,metaid,metapath,modifiedtime,modifier,position,proid,refcode,refname,relatemeta,required,resid,showformula,textrows,ts,validateformula,visible,width)
            values('0001ZZZZ99c9531d2e93','0001ZZZZaa1b6384a95e','23375c27-0c5a-4405-91eb-dca16fe2a3b3','creator','1','#111111',null,'~',204,null, null,null,null,null,null,'N',0,null,'N','N','N',null,'N','N','N','refer',null,28,'uap.user.user_name','','creator',null,'~',28,'c0b70c59-2b0a-4b94-8d74-d0a245245259','uap/refer/riart/userDefaultRefer/index','用户',null,'N',null,null,null,'2020-05-20 15:57:12',null,'Y',null);
            go
            insert into pub_form_property(pk_form_property,areaid,classid,code,colnum,color,creationtime,creator,datatype,dataval,defaultvalue,defaultvar,define1,define2,define3,disabled,dr,editformula,hyperlinkflag,iscode,isdefined,ismultiselectedenabled,isnextrow,isrevise,istotal,itemtype,label,maxlength,metadataproperty,metaid,metapath,modifiedtime,modifier,position,proid,refcode,refname,relatemeta,required,resid,showformula,textrows,ts,validateformula,visible,width)
            values('0001ZZZZ094386fb9587','0001ZZZZaa1b6384a95e','23375c27-0c5a-4405-91eb-dca16fe2a3b3','creationtime','1','#111111',null,'~',34,null, null,null,null,null,null,'N',0,null,'N','N','N',null,'N','N','N','datetimepicker',null,28,NULL,'','creationtime',null,'~',29,'1d779d7e-e18d-497f-a011-7aea6516449f','/common-ref/','-99',null,'N',null,null,null,'2020-05-20 15:57:12',null,'Y',null);
            go
            insert into pub_form_property(pk_form_property,areaid,classid,code,colnum,color,creationtime,creator,datatype,dataval,defaultvalue,defaultvar,define1,define2,define3,disabled,dr,editformula,hyperlinkflag,iscode,isdefined,ismultiselectedenabled,isnextrow,isrevise,istotal,itemtype,label,maxlength,metadataproperty,metaid,metapath,modifiedtime,modifier,position,proid,refcode,refname,relatemeta,required,resid,showformula,textrows,ts,validateformula,visible,width)
            values('0001ZZZZ23e28cc9b011','0001ZZZZ5080319f4f1a','23375c27-0c5a-4405-91eb-dca16fe2a3b3','billmaker','1','#111111',null,'~',204,null, null,null,null,null,null,'N',0,null,'N','N','N',null,'N','N','N','refer',null,28,'uap.user.user_name','','billmaker',null,'~',26,'5104182c-721d-42e0-8747-9a16edf336a4','uap/refer/riart/userDefaultRefer/index','用户',null,'N',null,null,null,'2020-05-20 15:57:12',null,'Y',null);
            go
            insert into pub_form_property(pk_form_property,areaid,classid,code,colnum,color,creationtime,creator,datatype,dataval,defaultvalue,defaultvar,define1,define2,define3,disabled,dr,editformula,hyperlinkflag,iscode,isdefined,ismultiselectedenabled,isnextrow,isrevise,istotal,itemtype,label,maxlength,metadataproperty,metaid,metapath,modifiedtime,modifier,position,proid,refcode,refname,relatemeta,required,resid,showformula,textrows,ts,validateformula,visible,width)
            values('0001ZZZZ23e28cc9b012','0001ZZZZ5080319f4f1a','23375c27-0c5a-4405-91eb-dca16fe2a3b3','maketime','1','#111111',null,'~',33,null, null,null,null,null,null,'N',0,null,'N','N','N',null,'N','N','N','datepicker',null,28,NULL,'','maketime',null,'~',27,'7c959b07-823d-462b-a739-e43dbc978501','/common-ref/','-99',null,'N',null,null,null,'2020-05-20 15:57:12',null,'Y',null);
            go
            insert into pub_form_property(pk_form_property,areaid,classid,code,colnum,color,creationtime,creator,datatype,dataval,defaultvalue,defaultvar,define1,define2,define3,disabled,dr,editformula,hyperlinkflag,iscode,isdefined,ismultiselectedenabled,isnextrow,isrevise,istotal,itemtype,label,maxlength,metadataproperty,metaid,metapath,modifiedtime,modifier,position,proid,refcode,refname,relatemeta,required,resid,showformula,textrows,ts,validateformula,visible,width)
            values('0001ZZZZ23e28cc9b013','0001ZZZZ5080319f4f1a','23375c27-0c5a-4405-91eb-dca16fe2a3b3','advanceplan','1','#111111',null,'~',1,null, null,null,null,null,null,'N',0,null,'N','N','N',null,'N','N','N','input',null,28,NULL,'','advanceplan',null,'~',10,'a7f10ffd-a434-48aa-84aa-6c6634557c3e','/common-ref/','-99',null,'N',null,null,null,'2020-05-20 15:57:12',null,'Y',null);
            go
            insert into pub_form_property(pk_form_property,areaid,classid,code,colnum,color,creationtime,creator,datatype,dataval,defaultvalue,defaultvar,define1,define2,define3,disabled,dr,editformula,hyperlinkflag,iscode,isdefined,ismultiselectedenabled,isnextrow,isrevise,istotal,itemtype,label,maxlength,metadataproperty,metaid,metapath,modifiedtime,modifier,position,proid,refcode,refname,relatemeta,required,resid,showformula,textrows,ts,validateformula,visible,width)
            values('0001ZZZZ23e28cc9b014','0001ZZZZ5080319f4f1a','23375c27-0c5a-4405-91eb-dca16fe2a3b3','billno','1','#111111',null,'~',1,null, null,null,null,null,null,'Y',0,null,'N','N','N',null,'N','N','N','input',null,28,NULL,'','billno',null,'~',20,'ff96bdad-4bbf-43b3-866e-f73014d5274e','/common-ref/','-99',null,'N',null,null,null,'2020-05-20 15:57:12',null,'Y',null);
            go
            insert into pub_form_property(pk_form_property,areaid,classid,code,colnum,color,creationtime,creator,datatype,dataval,defaultvalue,defaultvar,define1,define2,define3,disabled,dr,editformula,hyperlinkflag,iscode,isdefined,ismultiselectedenabled,isnextrow,isrevise,istotal,itemtype,label,maxlength,metadataproperty,metaid,metapath,modifiedtime,modifier,position,proid,refcode,refname,relatemeta,required,resid,showformula,textrows,ts,validateformula,visible,width)
            values('0001ZZZZ23e28cc9b015','0001ZZZZ5080319f4f1a','23375c27-0c5a-4405-91eb-dca16fe2a3b3','dbilldate','1','#111111',null,'~',33,null, null,null,null,null,null,'N',0,null,'N','N','N',null,'N','N','N','datepicker',null,28,NULL,'','dbilldate',null,'~',18,'2b06d19c-77ee-438a-a06a-9a075fdd25ae','/common-ref/','-99',null,'N',null,null,null,'2020-05-20 15:57:12',null,'Y',null);
            go
            insert into pub_form_property(pk_form_property,areaid,classid,code,colnum,color,creationtime,creator,datatype,dataval,defaultvalue,defaultvar,define1,define2,define3,disabled,dr,editformula,hyperlinkflag,iscode,isdefined,ismultiselectedenabled,isnextrow,isrevise,istotal,itemtype,label,maxlength,metadataproperty,metaid,metapath,modifiedtime,modifier,position,proid,refcode,refname,relatemeta,required,resid,showformula,textrows,ts,validateformula,visible,width)
            values('0001ZZZZ23e28cc9b016','0001ZZZZ5080319f4f1a','23375c27-0c5a-4405-91eb-dca16fe2a3b3','billstatus','1','#111111',null,'~',203,'自由=-1,审批未通过=0,审批通过=1,审批进行中=2,提交=3','-1',null,null,null,null,'Y',0,null,'N','N','N',null,'N','N','N','select',null,28,NULL,'','billstatus',null,'~',19,'9feb12fd-80ee-4040-910a-1e6914e0d072','/common-ref/','-99',null,'N',null,null,null,'2020-05-20 15:57:12',null,'Y',null);
            go
            insert into pub_form_property(pk_form_property,areaid,classid,code,colnum,color,creationtime,creator,datatype,dataval,defaultvalue,defaultvar,define1,define2,define3,disabled,dr,editformula,hyperlinkflag,iscode,isdefined,ismultiselectedenabled,isnextrow,isrevise,istotal,itemtype,label,maxlength,metadataproperty,metaid,metapath,modifiedtime,modifier,position,proid,refcode,refname,relatemeta,required,resid,showformula,textrows,ts,validateformula,visible,width)
            values('0001ZZZZ23e28cc9b017','0001ZZZZ5080319f4f1a','23375c27-0c5a-4405-91eb-dca16fe2a3b3','pk_billtypeid','1','#111111',null,'~',204,null, null,null,null,null,null,'N',0,null,'N','N','N',null,'N','N','N','refer',null,28,'uap.BilltypeVO.billtypename','','pk_billtypeid',null,'~',22,'5da634f9-b0fe-48e8-8db3-66471ce71184','uap/refer/riart/billtype/index','影响因素单据类型',null,'N',null,null,null,'2020-05-20 15:57:12',null,'Y',null);
            go
            insert into pub_form_property(pk_form_property,areaid,classid,code,colnum,color,creationtime,creator,datatype,dataval,defaultvalue,defaultvar,define1,define2,define3,disabled,dr,editformula,hyperlinkflag,iscode,isdefined,ismultiselectedenabled,isnextrow,isrevise,istotal,itemtype,label,maxlength,metadataproperty,metaid,metapath,modifiedtime,modifier,position,proid,refcode,refname,relatemeta,required,resid,showformula,textrows,ts,validateformula,visible,width)
            values('0001ZZZZ23e28cc9b018','0001ZZZZ5080319f4f1a','23375c27-0c5a-4405-91eb-dca16fe2a3b3','billtype','1','#111111',null,'~',1,null, null,null,null,null,null,'N',0,null,'N','N','N',null,'N','N','N','input',null,28,NULL,'','billtype',null,'~',23,'5f300182-8c53-4c63-8807-ddfcad5dec45','/common-ref/','-99',null,'N',null,null,null,'2020-05-20 15:57:12',null,'Y',null);
            go
            insert into pub_form_property(pk_form_property,areaid,classid,code,colnum,color,creationtime,creator,datatype,dataval,defaultvalue,defaultvar,define1,define2,define3,disabled,dr,editformula,hyperlinkflag,iscode,isdefined,ismultiselectedenabled,isnextrow,isrevise,istotal,itemtype,label,maxlength,metadataproperty,metaid,metapath,modifiedtime,modifier,position,proid,refcode,refname,relatemeta,required,resid,showformula,textrows,ts,validateformula,visible,width)
            values('0001ZZZZe3696ef1e035','0001ZZZZaa1b6384a95e','23375c27-0c5a-4405-91eb-dca16fe2a3b3','approver','1','#111111',null,'~',204,null, null,null,null,null,null,'N',0,null,'N','N','N',null,'N','N','N','refer',null,28,'uap.user.user_name','','approver',null,'~',32,'f0a81aba-4838-4c67-8c49-0e4d11cfb4a7','uap/refer/riart/userDefaultRefer/index','用户',null,'N',null,null,null,'2020-05-20 15:57:12',null,'Y',null);
            go
            insert into pub_form_property(pk_form_property,areaid,classid,code,colnum,color,creationtime,creator,datatype,dataval,defaultvalue,defaultvar,define1,define2,define3,disabled,dr,editformula,hyperlinkflag,iscode,isdefined,ismultiselectedenabled,isnextrow,isrevise,istotal,itemtype,label,maxlength,metadataproperty,metaid,metapath,modifiedtime,modifier,position,proid,refcode,refname,relatemeta,required,resid,showformula,textrows,ts,validateformula,visible,width)
            values('0001ZZZZ7ffff200b6cd','0001ZZZZaa1b6384a95e','23375c27-0c5a-4405-91eb-dca16fe2a3b3','approvedate','1','#111111',null,'~',34,null, null,null,null,null,null,'N',0,null,'N','N','N',null,'N','N','N','datetimepicker',null,28,NULL,'','approvedate',null,'~',14,'50efbb19-75a7-4203-b671-695eb7e01e40','/common-ref/','-99',null,'N',null,null,null,'2020-05-20 15:57:12',null,'Y',null);
            go
            insert into pub_form_property(pk_form_property,areaid,classid,code,colnum,color,creationtime,creator,datatype,dataval,defaultvalue,defaultvar,define1,define2,define3,disabled,dr,editformula,hyperlinkflag,iscode,isdefined,ismultiselectedenabled,isnextrow,isrevise,istotal,itemtype,label,maxlength,metadataproperty,metaid,metapath,modifiedtime,modifier,position,proid,refcode,refname,relatemeta,required,resid,showformula,textrows,ts,validateformula,visible,width)
            values('0001ZZZZ23e28cc9b023','0001ZZZZ5080319f4f1a','23375c27-0c5a-4405-91eb-dca16fe2a3b3','approvestatus','1','#111111',null,'~',203,'自由=-1,审批未通过=0,审批通过=1,审批进行中=2,提交=3', null,null,null,null,null,'N',0,null,'N','N','N',null,'N','N','N','select',null,28,NULL,'','approvestatus',null,'~',33,'69443d4a-b1d5-49cf-ac25-69bf2f626048','/common-ref/','-99',null,'N',null,null,null,'2020-05-20 15:57:12',null,'Y',null);
            go
            insert into pub_form_property(pk_form_property,areaid,classid,code,colnum,color,creationtime,creator,datatype,dataval,defaultvalue,defaultvar,define1,define2,define3,disabled,dr,editformula,hyperlinkflag,iscode,isdefined,ismultiselectedenabled,isnextrow,isrevise,istotal,itemtype,label,maxlength,metadataproperty,metaid,metapath,modifiedtime,modifier,position,proid,refcode,refname,relatemeta,required,resid,showformula,textrows,ts,validateformula,visible,width)
            values('0001ZZZZ23e28cc9b037','0001ZZZZ5080319f4f1a','23375c27-0c5a-4405-91eb-dca16fe2a3b3','pk_org','1','#111111',null,'~',204,null, null,null,null,null,null,'N',0,null,'N','N','N',null,'N','N','N','refer',null,28,'uap.org.name','','pk_org',null,'~',16,'7f396467-d35d-4b30-961d-105dd0b54965','uapbd/refer/org/BusinessUnitAndDeptTreeRef/index','业务单元及部门',null,'N',null,null,null,'2020-05-20 15:57:12',null,'Y',null);
            go
            insert into pub_form_property(pk_form_property,areaid,classid,code,colnum,color,creationtime,creator,datatype,dataval,defaultvalue,defaultvar,define1,define2,define3,disabled,dr,editformula,hyperlinkflag,iscode,isdefined,ismultiselectedenabled,isnextrow,isrevise,istotal,itemtype,label,maxlength,metadataproperty,metaid,metapath,modifiedtime,modifier,position,proid,refcode,refname,relatemeta,required,resid,showformula,textrows,ts,validateformula,visible,width)
            values('0001ZZZZ23e28cc9b038','0001ZZZZ5080319f4f1a','23375c27-0c5a-4405-91eb-dca16fe2a3b3','pk_org_v','1','#111111',null,'~',204,null, null,null,null,null,null,'N',0,null,'N','N','N',null,'N','N','N','refer',null,28,'uap.org_v.name','','pk_org_v',null,'~',17,'7df69bf3-af36-49da-835e-7ba2055c0569','uapbd/refer/orgv/BusinessUnitVersionDefaultAllTreeRef/index','业务单元版本(所有)',null,'N',null,null,null,'2020-05-20 15:57:12',null,'N',null);
            go
            insert into pub_form_property(pk_form_property,areaid,classid,code,colnum,color,creationtime,creator,datatype,dataval,defaultvalue,defaultvar,define1,define2,define3,disabled,dr,editformula,hyperlinkflag,iscode,isdefined,ismultiselectedenabled,isnextrow,isrevise,istotal,itemtype,label,maxlength,metadataproperty,metaid,metapath,modifiedtime,modifier,position,proid,refcode,refname,relatemeta,required,resid,showformula,textrows,ts,validateformula,visible,width)
            values('0001ZZZZ23e28cc9b089','0001ZZZZ5080319f4f1a','23375c27-0c5a-4405-91eb-dca16fe2a3b3','planname','1','#111111',null,'~',1,null, null,null,null,null,null,'N',0,null,'N','N','N',null,'N','N','N','input',null,28,NULL,'','planname',null,'~',3,'bb8c948e-a26b-4b81-8a0c-21aeb6bc3f28','/common-ref/','-99',null,'N',null,null,null,'2020-05-20 15:57:12',null,'Y',null);
            go
            insert into pub_form_property(pk_form_property,areaid,classid,code,colnum,color,creationtime,creator,datatype,dataval,defaultvalue,defaultvar,define1,define2,define3,disabled,dr,editformula,hyperlinkflag,iscode,isdefined,ismultiselectedenabled,isnextrow,isrevise,istotal,itemtype,label,maxlength,metadataproperty,metaid,metapath,modifiedtime,modifier,position,proid,refcode,refname,relatemeta,required,resid,showformula,textrows,ts,validateformula,visible,width)
            values('0001ZZZZ23e28cc9b090','0001ZZZZ5080319f4f1a','23375c27-0c5a-4405-91eb-dca16fe2a3b3','planduration','1','#111111',null,'~',1,null, null,null,null,null,null,'N',0,null,'N','N','N',null,'N','N','N','input',null,28,NULL,'','planduration',null,'~',8,'5d7292aa-035a-47d1-a27c-1d603099a232','/common-ref/','-99',null,'N',null,null,null,'2020-05-20 15:57:12',null,'Y',null);
            go
            insert into pub_form_property(pk_form_property,areaid,classid,code,colnum,color,creationtime,creator,datatype,dataval,defaultvalue,defaultvar,define1,define2,define3,disabled,dr,editformula,hyperlinkflag,iscode,isdefined,ismultiselectedenabled,isnextrow,isrevise,istotal,itemtype,label,maxlength,metadataproperty,metaid,metapath,modifiedtime,modifier,position,proid,refcode,refname,relatemeta,required,resid,showformula,textrows,ts,validateformula,visible,width)
            values('0001ZZZZ23e28cc9b091','0001ZZZZ5080319f4f1a','23375c27-0c5a-4405-91eb-dca16fe2a3b3','projectstartdate','1','#111111',null,'~',33,null, null,null,null,null,null,'N',0,null,'N','N','N',null,'N','N','N','datepicker',null,28,NULL,'','projectstartdate',null,'~',6,'f3e0df0b-978f-477f-9d59-a75d8ab3e4c0','/common-ref/','-99',null,'N',null,null,null,'2020-05-20 15:57:12',null,'Y',null);
            go
            insert into pub_form_property(pk_form_property,areaid,classid,code,colnum,color,creationtime,creator,datatype,dataval,defaultvalue,defaultvar,define1,define2,define3,disabled,dr,editformula,hyperlinkflag,iscode,isdefined,ismultiselectedenabled,isnextrow,isrevise,istotal,itemtype,label,maxlength,metadataproperty,metaid,metapath,modifiedtime,modifier,position,proid,refcode,refname,relatemeta,required,resid,showformula,textrows,ts,validateformula,visible,width)
            values('0001ZZZZ23e28cc9b092','0001ZZZZ5080319f4f1a','23375c27-0c5a-4405-91eb-dca16fe2a3b3','projectdeaddate','1','#111111',null,'~',33,null, null,null,null,null,null,'N',0,null,'N','N','N',null,'N','N','N','datepicker',null,28,NULL,'','projectdeaddate',null,'~',7,'8123ef99-74e4-4e73-9d74-bb6abd73406e','/common-ref/','-99',null,'N',null,null,null,'2020-05-20 15:57:12',null,'Y',null);
            go
            insert into pub_form_property(pk_form_property,areaid,classid,code,colnum,color,creationtime,creator,datatype,dataval,defaultvalue,defaultvar,define1,define2,define3,disabled,dr,editformula,hyperlinkflag,iscode,isdefined,ismultiselectedenabled,isnextrow,isrevise,istotal,itemtype,label,maxlength,metadataproperty,metaid,metapath,modifiedtime,modifier,position,proid,refcode,refname,relatemeta,required,resid,showformula,textrows,ts,validateformula,visible,width)
            values('0001ZZZZ23e28cc9b093','0001ZZZZ5080319f4f1a','23375c27-0c5a-4405-91eb-dca16fe2a3b3','dutyperson','1','#111111',null,'~',204,null, null,null,null,null,null,'N',0,null,'N','N','N',null,'N','N','N','refer',null,28,NULL,'','dutyperson',null,'~',12,'06818442-3cb9-41eb-a109-f32709fd920b','uapbd/refer/psninfo/PsndocRiartTreeGridRef/index','人员',null,'N',null,null,null,'2020-05-20 15:57:12',null,'Y',null);
            go
            insert into pub_form_property(pk_form_property,areaid,classid,code,colnum,color,creationtime,creator,datatype,dataval,defaultvalue,defaultvar,define1,define2,define3,disabled,dr,editformula,hyperlinkflag,iscode,isdefined,ismultiselectedenabled,isnextrow,isrevise,istotal,itemtype,label,maxlength,metadataproperty,metaid,metapath,modifiedtime,modifier,position,proid,refcode,refname,relatemeta,required,resid,showformula,textrows,ts,validateformula,visible,width)
            values('0001ZZZZ23e28cc9b094','0001ZZZZ5080319f4f1a','23375c27-0c5a-4405-91eb-dca16fe2a3b3','dutydept','1','#111111',null,'~',204,null, null,null,null,null,null,'N',0,null,'N','N','N',null,'N','N','N','refer',null,28,'uap.dept.name','','dutydept',null,'~',13,'3c474237-ae6a-41a3-a872-d54cbe94a900','uapbd/refer/org/DeptTreeRef/index','部门',null,'N',null,null,null,'2020-05-20 15:57:12',null,'Y',null);
            go
            insert into pub_form_property(pk_form_property,areaid,classid,code,colnum,color,creationtime,creator,datatype,dataval,defaultvalue,defaultvar,define1,define2,define3,disabled,dr,editformula,hyperlinkflag,iscode,isdefined,ismultiselectedenabled,isnextrow,isrevise,istotal,itemtype,label,maxlength,metadataproperty,metaid,metapath,modifiedtime,modifier,position,proid,refcode,refname,relatemeta,required,resid,showformula,textrows,ts,validateformula,visible,width)
            values('0001ZZZZ23e28cc9b095','0001ZZZZ5080319f4f1a','23375c27-0c5a-4405-91eb-dca16fe2a3b3','milepost','1','#111111',null,'~',1,null, null,null,null,null,null,'N',0,null,'N','N','N',null,'N','N','N','input',null,28,NULL,'','milepost',null,'~',11,'f55cbdc8-3184-44c9-97cc-26502c032797','/common-ref/','-99',null,'N',null,null,null,'2020-05-20 15:57:12',null,'Y',null);
            go
            insert into pub_form_property(pk_form_property,areaid,classid,code,colnum,color,creationtime,creator,datatype,dataval,defaultvalue,defaultvar,define1,define2,define3,disabled,dr,editformula,hyperlinkflag,iscode,isdefined,ismultiselectedenabled,isnextrow,isrevise,istotal,itemtype,label,maxlength,metadataproperty,metaid,metapath,modifiedtime,modifier,position,proid,refcode,refname,relatemeta,required,resid,showformula,textrows,ts,validateformula,visible,width)
            values('0001ZZZZ23e28cc9b096','0001ZZZZ5080319f4f1a','23375c27-0c5a-4405-91eb-dca16fe2a3b3','pk_group','1','#111111',null,'~',204,null, null,null,null,null,null,'N',0,null,'N','N','N',null,'N','N','N','refer',null,28,'uap.group.name','','pk_group',null,'~',15,'cbf9427e-416e-445d-9248-676d0f33d466','uap/refer/riart/groupTreeRef/index','集团',null,'N',null,null,null,'2020-05-20 15:57:12',null,'Y',null);
            go
            insert into pub_form_property(pk_form_property,areaid,classid,code,colnum,color,creationtime,creator,datatype,dataval,defaultvalue,defaultvar,define1,define2,define3,disabled,dr,editformula,hyperlinkflag,iscode,isdefined,ismultiselectedenabled,isnextrow,isrevise,istotal,itemtype,label,maxlength,metadataproperty,metaid,metapath,modifiedtime,modifier,position,proid,refcode,refname,relatemeta,required,resid,showformula,textrows,ts,validateformula,visible,width)
            values('0001ZZZZ23e28cc9b097','0001ZZZZ5080319f4f1a','23375c27-0c5a-4405-91eb-dca16fe2a3b3','projectname','1','#111111',null,'~',1,null, null,null,null,null,null,'N',0,null,'N','N','N',null,'N','N','N','input',null,28,NULL,'','projectname',null,'~',2,'170dbbb3-0d90-4f20-b1a1-1687141df1e9','/common-ref/','-99',null,'N',null,null,null,'2020-05-20 15:57:12',null,'Y',null);
            go













            insert into pub_form_property(pk_form_property,areaid,classid,code,colnum,color,creationtime,creator,datatype,dataval,defaultvalue,defaultvar,define1,define2,define3,disabled,dr,editformula,hyperlinkflag,iscode,isdefined,ismultiselectedenabled,isnextrow,isrevise,istotal,itemtype,label,maxlength,metadataproperty,metaid,metapath,modifiedtime,modifier,position,proid,refcode,refname,relatemeta,required,resid,showformula,textrows,ts,validateformula,visible,width)
            values('0001ZZZZ2cec49846001','0001ZZZZ640602f5fcc3','23375c27-0c5a-4405-91eb-dca16fe2a3b3','pk_busitype','1','#111111',null,'~',204,null, null,null,null,null,null,'N',0,null,'N','N','N',null,'N','N','N','refer','业务类型',28,'uap.BusitypeVO.businame','','pk_busitype',null,'~',21,'a3533245-321a-40f1-85c2-961e9c5e008f','uap/refer/riart/busitype/index','业务流程',null,'N',null,null,null,'2020-05-20 15:57:12',null,'Y',null);
            go
            insert into pub_form_property(pk_form_property,areaid,classid,code,colnum,color,creationtime,creator,datatype,dataval,defaultvalue,defaultvar,define1,define2,define3,disabled,dr,editformula,hyperlinkflag,iscode,isdefined,ismultiselectedenabled,isnextrow,isrevise,istotal,itemtype,label,maxlength,metadataproperty,metaid,metapath,modifiedtime,modifier,position,proid,refcode,refname,relatemeta,required,resid,showformula,textrows,ts,validateformula,visible,width)
            values('0001ZZZZ2cec49846002','0001ZZZZ640602f5fcc3','23375c27-0c5a-4405-91eb-dca16fe2a3b3','pk_transtype','1','#111111',null,'~',204,null, null,null,null,null,null,'N',0,null,'N','N','N',null,'N','N','N','refer','交易类型',28,'uap.BilltypeVO.billtypename','','pk_transtype',null,'~',25,'2be85124-c88e-4668-a389-b40d1519cf18','uap/refer/riart/transtype/index','影响因素交 易类型',null,'N',null,null,null,'2020-05-20 15:57:12',null,'Y',null);
            go
            insert into pub_form_property(pk_form_property,areaid,classid,code,colnum,color,creationtime,creator,datatype,dataval,defaultvalue,defaultvar,define1,define2,define3,disabled,dr,editformula,hyperlinkflag,iscode,isdefined,ismultiselectedenabled,isnextrow,isrevise,istotal,itemtype,label,maxlength,metadataproperty,metaid,metapath,modifiedtime,modifier,position,proid,refcode,refname,relatemeta,required,resid,showformula,textrows,ts,validateformula,visible,width)
            values('0001ZZZZ2cec49846003','0001ZZZZ640602f5fcc3','23375c27-0c5a-4405-91eb-dca16fe2a3b3','transtypecode','1','#111111',null,'~',1,null, null,null,null,null,null,'N',0,null,'N','N','N',null,'N','N','N','input','交易类型编码',28,NULL,'','transtypecode',null,'~',24,'22eb52ca-b70e-4e65-98c2-b66e9c89675d','/common-ref/','-99',null,'N',null,null,null,'2020-05-20 15:57:12',null,'Y',null);
            go
            insert into pub_form_property(pk_form_property,areaid,classid,code,colnum,color,creationtime,creator,datatype,dataval,defaultvalue,defaultvar,define1,define2,define3,disabled,dr,editformula,hyperlinkflag,iscode,isdefined,ismultiselectedenabled,isnextrow,isrevise,istotal,itemtype,label,maxlength,metadataproperty,metaid,metapath,modifiedtime,modifier,position,proid,refcode,refname,relatemeta,required,resid,showformula,textrows,ts,validateformula,visible,width)
            values('0001ZZZZ2cec49846004','0001ZZZZ640602f5fcc3','23375c27-0c5a-4405-91eb-dca16fe2a3b3','missionname','1','#111111',null,'~',1,null, null,null,null,null,null,'N',0,null,'N','N','N',null,'N','N','N','input','任务名称',28,NULL,'','missionname',null,'~',5,'5af29cf3-abc3-4ad4-8ab8-b1057ca1a82f','/common-ref/','-99',null,'N',null,null,null,'2020-05-20 15:57:12',null,'Y',null);
            go
            insert into pub_form_property(pk_form_property,areaid,classid,code,colnum,color,creationtime,creator,datatype,dataval,defaultvalue,defaultvar,define1,define2,define3,disabled,dr,editformula,hyperlinkflag,iscode,isdefined,ismultiselectedenabled,isnextrow,isrevise,istotal,itemtype,label,maxlength,metadataproperty,metaid,metapath,modifiedtime,modifier,position,proid,refcode,refname,relatemeta,required,resid,showformula,textrows,ts,validateformula,visible,width)
            values('0001ZZZZ2cec49846005','0001ZZZZ640602f5fcc3','23375c27-0c5a-4405-91eb-dca16fe2a3b3','missiondetail','1','#111111',null,'~',1,null, null,null,null,null,null,'N',0,null,'N','N','N',null,'N','N','N','input','任务描述',28,NULL,'','missiondetail',null,'~',9,'8970bf31-5e12-4239-830e-bc4a2b1ff7f1','/common-ref/','-99',null,'N',null,null,null,'2020-05-20 15:57:12',null,'Y',null);
            go
            insert into pub_form_property(pk_form_property,areaid,classid,code,colnum,color,creationtime,creator,datatype,dataval,defaultvalue,defaultvar,define1,define2,define3,disabled,dr,editformula,hyperlinkflag,iscode,isdefined,ismultiselectedenabled,isnextrow,isrevise,istotal,itemtype,label,maxlength,metadataproperty,metaid,metapath,modifiedtime,modifier,position,proid,refcode,refname,relatemeta,required,resid,showformula,textrows,ts,validateformula,visible,width)
            values('0001ZZZZ2cec49846006','0001ZZZZ640602f5fcc3','23375c27-0c5a-4405-91eb-dca16fe2a3b3','missioncode','1','#111111',null,'~',1,null, null,null,null,null,null,'N',0,null,'N','N','N',null,'N','N','N','input','任务编码',28,NULL,'','missioncode',null,'~',4,'6ca828c9-059d-41ae-b4c8-9323070b3b3d','/common-ref/','-99',null,'N',null,null,null,'2020-05-20 15:57:12',null,'Y',null);
            go
            insert into pub_form_property(pk_form_property,areaid,classid,code,colnum,color,creationtime,creator,datatype,dataval,defaultvalue,defaultvar,define1,define2,define3,disabled,dr,editformula,hyperlinkflag,iscode,isdefined,ismultiselectedenabled,isnextrow,isrevise,istotal,itemtype,label,maxlength,metadataproperty,metaid,metapath,modifiedtime,modifier,position,proid,refcode,refname,relatemeta,required,resid,showformula,textrows,ts,validateformula,visible,width)
            values('0001ZZZZ3ad1f46c535a','0001ZZZZ60de4508f447','23375c27-0c5a-4405-91eb-dca16fe2a3b3','modifier','1','#111111',null,'~',204,null, null,null,null,null,null,'N',0,null,'N','N','N',null,'N','N','N','refer','修改人',28,'uap.user.user_name','','modifier',null,'~',30,'f8ad4238-8b6c-460d-a5a4-edc498244ffb','uap/refer/riart/userDefaultRefer/index','用户',null,'N',null,null,null,'2020-05-20 15:57:12',null,'Y',null);
            go
            insert into pub_form_property(pk_form_property,areaid,classid,code,colnum,color,creationtime,creator,datatype,dataval,defaultvalue,defaultvar,define1,define2,define3,disabled,dr,editformula,hyperlinkflag,iscode,isdefined,ismultiselectedenabled,isnextrow,isrevise,istotal,itemtype,label,maxlength,metadataproperty,metaid,metapath,modifiedtime,modifier,position,proid,refcode,refname,relatemeta,required,resid,showformula,textrows,ts,validateformula,visible,width)
            values('0001ZZZZ6fcea6b05dc3','0001ZZZZ60de4508f447','23375c27-0c5a-4405-91eb-dca16fe2a3b3','modifiedtime','1','#111111',null,'~',34,null, null,null,null,null,null,'N',0,null,'N','N','N',null,'N','N','N','datetimepicker','修改时间',28,NULL,'','modifiedtime',null,'~',31,'974f805a-580f-4bf5-bae7-8d29a0dc8c5b','/common-ref/','-99',null,'N',null,null,null,'2020-05-20 15:57:12',null,'Y',null);
            go
            insert into pub_form_property(pk_form_property,areaid,classid,code,colnum,color,creationtime,creator,datatype,dataval,defaultvalue,defaultvar,define1,define2,define3,disabled,dr,editformula,hyperlinkflag,iscode,isdefined,ismultiselectedenabled,isnextrow,isrevise,istotal,itemtype,label,maxlength,metadataproperty,metaid,metapath,modifiedtime,modifier,position,proid,refcode,refname,relatemeta,required,resid,showformula,textrows,ts,validateformula,visible,width)
            values('0001ZZZZ263676eee4c9','0001ZZZZ60de4508f447','23375c27-0c5a-4405-91eb-dca16fe2a3b3','creator','1','#111111',null,'~',204,null, null,null,null,null,null,'N',0,null,'N','N','N',null,'N','N','N','refer','创建人',28,'uap.user.user_name','','creator',null,'~',28,'53281616-a9c0-4c66-abee-5df60984fdcd','uap/refer/riart/userDefaultRefer/index','用户',null,'N',null,null,null,'2020-05-20 15:57:12',null,'Y',null);
            go
            insert into pub_form_property(pk_form_property,areaid,classid,code,colnum,color,creationtime,creator,datatype,dataval,defaultvalue,defaultvar,define1,define2,define3,disabled,dr,editformula,hyperlinkflag,iscode,isdefined,ismultiselectedenabled,isnextrow,isrevise,istotal,itemtype,label,maxlength,metadataproperty,metaid,metapath,modifiedtime,modifier,position,proid,refcode,refname,relatemeta,required,resid,showformula,textrows,ts,validateformula,visible,width)
            values('0001ZZZZd0f3003ae5da','0001ZZZZ60de4508f447','23375c27-0c5a-4405-91eb-dca16fe2a3b3','creationtime','1','#111111',null,'~',34,null, null,null,null,null,null,'N',0,null,'N','N','N',null,'N','N','N','datetimepicker','创建时间',28,NULL,'','creationtime',null,'~',29,'6e8f1409-6412-4856-913f-276535a4b80a','/common-ref/','-99',null,'N',null,null,null,'2020-05-20 15:57:12',null,'Y',null);
            go
            insert into pub_form_property(pk_form_property,areaid,classid,code,colnum,color,creationtime,creator,datatype,dataval,defaultvalue,defaultvar,define1,define2,define3,disabled,dr,editformula,hyperlinkflag,iscode,isdefined,ismultiselectedenabled,isnextrow,isrevise,istotal,itemtype,label,maxlength,metadataproperty,metaid,metapath,modifiedtime,modifier,position,proid,refcode,refname,relatemeta,required,resid,showformula,textrows,ts,validateformula,visible,width)
            values('0001ZZZZ2cec49846011','0001ZZZZ640602f5fcc3','23375c27-0c5a-4405-91eb-dca16fe2a3b3','billmaker','1','#111111',null,'~',204,null, null,null,null,null,null,'N',0,null,'N','N','N',null,'N','N','N','refer','制单人',28,'uap.user.user_name','','billmaker',null,'~',26,'56e766ff-f54c-4918-ace6-917deb821881','uap/refer/riart/userDefaultRefer/index','用户',null,'N',null,null,null,'2020-05-20 15:57:12',null,'Y',null);
            go
            insert into pub_form_property(pk_form_property,areaid,classid,code,colnum,color,creationtime,creator,datatype,dataval,defaultvalue,defaultvar,define1,define2,define3,disabled,dr,editformula,hyperlinkflag,iscode,isdefined,ismultiselectedenabled,isnextrow,isrevise,istotal,itemtype,label,maxlength,metadataproperty,metaid,metapath,modifiedtime,modifier,position,proid,refcode,refname,relatemeta,required,resid,showformula,textrows,ts,validateformula,visible,width)
            values('0001ZZZZ2cec49846012','0001ZZZZ640602f5fcc3','23375c27-0c5a-4405-91eb-dca16fe2a3b3','maketime','1','#111111',null,'~',33,null, null,null,null,null,null,'N',0,null,'N','N','N',null,'N','N','N','datepicker','制单时间',28,NULL,'','maketime',null,'~',27,'8b7c23cc-db78-4127-9916-9095bf8a6953','/common-ref/','-99',null,'N',null,null,null,'2020-05-20 15:57:12',null,'Y',null);
            go
            insert into pub_form_property(pk_form_property,areaid,classid,code,colnum,color,creationtime,creator,datatype,dataval,defaultvalue,defaultvar,define1,define2,define3,disabled,dr,editformula,hyperlinkflag,iscode,isdefined,ismultiselectedenabled,isnextrow,isrevise,istotal,itemtype,label,maxlength,metadataproperty,metaid,metapath,modifiedtime,modifier,position,proid,refcode,refname,relatemeta,required,resid,showformula,textrows,ts,validateformula,visible,width)
            values('0001ZZZZ2cec49846013','0001ZZZZ640602f5fcc3','23375c27-0c5a-4405-91eb-dca16fe2a3b3','advanceplan','1','#111111',null,'~',1,null, null,null,null,null,null,'N',0,null,'N','N','N',null,'N','N','N','input','前置计划',28,NULL,'','advanceplan',null,'~',10,'dfab307c-55c7-448b-a7cd-80f2c0536e3d','/common-ref/','-99',null,'N',null,null,null,'2020-05-20 15:57:12',null,'Y',null);
            go
            insert into pub_form_property(pk_form_property,areaid,classid,code,colnum,color,creationtime,creator,datatype,dataval,defaultvalue,defaultvar,define1,define2,define3,disabled,dr,editformula,hyperlinkflag,iscode,isdefined,ismultiselectedenabled,isnextrow,isrevise,istotal,itemtype,label,maxlength,metadataproperty,metaid,metapath,modifiedtime,modifier,position,proid,refcode,refname,relatemeta,required,resid,showformula,textrows,ts,validateformula,visible,width)
            values('0001ZZZZ2cec49846014','0001ZZZZ640602f5fcc3','23375c27-0c5a-4405-91eb-dca16fe2a3b3','billno','1','#111111',null,'~',1,null, null,null,null,null,null,'Y',0,null,'N','N','N',null,'N','N','N','input','单据号',28,NULL,'','billno',null,'~',20,'c8722fdf-39c0-40c9-8b98-cdfdd120db1f','/common-ref/','-99',null,'N',null,null,null,'2020-05-20 15:57:12',null,'Y',null);
            go
            insert into pub_form_property(pk_form_property,areaid,classid,code,colnum,color,creationtime,creator,datatype,dataval,defaultvalue,defaultvar,define1,define2,define3,disabled,dr,editformula,hyperlinkflag,iscode,isdefined,ismultiselectedenabled,isnextrow,isrevise,istotal,itemtype,label,maxlength,metadataproperty,metaid,metapath,modifiedtime,modifier,position,proid,refcode,refname,relatemeta,required,resid,showformula,textrows,ts,validateformula,visible,width)
            values('0001ZZZZ2cec49846015','0001ZZZZ640602f5fcc3','23375c27-0c5a-4405-91eb-dca16fe2a3b3','dbilldate','1','#111111',null,'~',33,null, null,null,null,null,null,'N',0,null,'N','N','N',null,'N','N','N','datepicker','单据日期',28,NULL,'','dbilldate',null,'~',18,'792b9117-96db-4bb5-91e2-d6583547fd85','/common-ref/','-99',null,'N',null,null,null,'2020-05-20 15:57:12',null,'Y',null);
            go
            insert into pub_form_property(pk_form_property,areaid,classid,code,colnum,color,creationtime,creator,datatype,dataval,defaultvalue,defaultvar,define1,define2,define3,disabled,dr,editformula,hyperlinkflag,iscode,isdefined,ismultiselectedenabled,isnextrow,isrevise,istotal,itemtype,label,maxlength,metadataproperty,metaid,metapath,modifiedtime,modifier,position,proid,refcode,refname,relatemeta,required,resid,showformula,textrows,ts,validateformula,visible,width)
            values('0001ZZZZ2cec49846016','0001ZZZZ640602f5fcc3','23375c27-0c5a-4405-91eb-dca16fe2a3b3','billstatus','1','#111111',null,'~',203,'自由=-1,审批未通过=0,审批通过=1,审批进行中=2,提交=3','-1',null,null,null,null,'Y',0,null,'N','N','N',null,'N','N','N','select','单据状态',28,NULL,'','billstatus',null,'~',19,'b0406ac4-e25f-48e2-80d4-b2872ef2dff6','/common-ref/','-99',null,'N',null,null,null,'2020-05-20 15:57:12',null,'Y',null);
            go
            insert into pub_form_property(pk_form_property,areaid,classid,code,colnum,color,creationtime,creator,datatype,dataval,defaultvalue,defaultvar,define1,define2,define3,disabled,dr,editformula,hyperlinkflag,iscode,isdefined,ismultiselectedenabled,isnextrow,isrevise,istotal,itemtype,label,maxlength,metadataproperty,metaid,metapath,modifiedtime,modifier,position,proid,refcode,refname,relatemeta,required,resid,showformula,textrows,ts,validateformula,visible,width)
            values('0001ZZZZ2cec49846017','0001ZZZZ640602f5fcc3','23375c27-0c5a-4405-91eb-dca16fe2a3b3','pk_billtypeid','1','#111111',null,'~',204,null, null,null,null,null,null,'N',0,null,'N','N','N',null,'N','N','N','refer','单据类型',28,'uap.BilltypeVO.billtypename','','pk_billtypeid',null,'~',22,'d8d31a38-a9ad-46d0-a106-5727aef1c4da','uap/refer/riart/billtype/index','影响因素单据类型',null,'N',null,null,null,'2020-05-20 15:57:12',null,'Y',null);
            go
            insert into pub_form_property(pk_form_property,areaid,classid,code,colnum,color,creationtime,creator,datatype,dataval,defaultvalue,defaultvar,define1,define2,define3,disabled,dr,editformula,hyperlinkflag,iscode,isdefined,ismultiselectedenabled,isnextrow,isrevise,istotal,itemtype,label,maxlength,metadataproperty,metaid,metapath,modifiedtime,modifier,position,proid,refcode,refname,relatemeta,required,resid,showformula,textrows,ts,validateformula,visible,width)
            values('0001ZZZZ2cec49846018','0001ZZZZ640602f5fcc3','23375c27-0c5a-4405-91eb-dca16fe2a3b3','billtype','1','#111111',null,'~',1,null, null,null,null,null,null,'N',0,null,'N','N','N',null,'N','N','N','input','单据类型编码',28,NULL,'','billtype',null,'~',23,'172f27c8-9a20-46fe-a341-e3cdb1bdab35','/common-ref/','-99',null,'N',null,null,null,'2020-05-20 15:57:12',null,'Y',null);
            go
            insert into pub_form_property(pk_form_property,areaid,classid,code,colnum,color,creationtime,creator,datatype,dataval,defaultvalue,defaultvar,define1,define2,define3,disabled,dr,editformula,hyperlinkflag,iscode,isdefined,ismultiselectedenabled,isnextrow,isrevise,istotal,itemtype,label,maxlength,metadataproperty,metaid,metapath,modifiedtime,modifier,position,proid,refcode,refname,relatemeta,required,resid,showformula,textrows,ts,validateformula,visible,width)
            values('0001ZZZZ5af507d676f9','0001ZZZZ60de4508f447','23375c27-0c5a-4405-91eb-dca16fe2a3b3','approver','1','#111111',null,'~',204,null, null,null,null,null,null,'N',0,null,'N','N','N',null,'N','N','N','refer','审批人',28,'uap.user.user_name','','approver',null,'~',32,'b8fc06f1-fc25-4b62-854e-55c4f6c025ee','uap/refer/riart/userDefaultRefer/index','用户',null,'N',null,null,null,'2020-05-20 15:57:12',null,'Y',null);
            go
            insert into pub_form_property(pk_form_property,areaid,classid,code,colnum,color,creationtime,creator,datatype,dataval,defaultvalue,defaultvar,define1,define2,define3,disabled,dr,editformula,hyperlinkflag,iscode,isdefined,ismultiselectedenabled,isnextrow,isrevise,istotal,itemtype,label,maxlength,metadataproperty,metaid,metapath,modifiedtime,modifier,position,proid,refcode,refname,relatemeta,required,resid,showformula,textrows,ts,validateformula,visible,width)
            values('0001ZZZZad0a369cfd50','0001ZZZZ60de4508f447','23375c27-0c5a-4405-91eb-dca16fe2a3b3','approvedate','1','#111111',null,'~',34,null, null,null,null,null,null,'N',0,null,'N','N','N',null,'N','N','N','datetimepicker','审批时间',28,NULL,'','approvedate',null,'~',14,'a97e8a19-05b5-4a5c-a7c2-6dfdc88613a6','/common-ref/','-99',null,'N',null,null,null,'2020-05-20 15:57:12',null,'Y',null);
            go
            insert into pub_form_property(pk_form_property,areaid,classid,code,colnum,color,creationtime,creator,datatype,dataval,defaultvalue,defaultvar,define1,define2,define3,disabled,dr,editformula,hyperlinkflag,iscode,isdefined,ismultiselectedenabled,isnextrow,isrevise,istotal,itemtype,label,maxlength,metadataproperty,metaid,metapath,modifiedtime,modifier,position,proid,refcode,refname,relatemeta,required,resid,showformula,textrows,ts,validateformula,visible,width)
            values('0001ZZZZ2cec49846023','0001ZZZZ640602f5fcc3','23375c27-0c5a-4405-91eb-dca16fe2a3b3','approvestatus','1','#111111',null,'~',203,'自由=-1,审批未通过=0,审批通过=1,审批进行中=2,提交=3', null,null,null,null,null,'N',0,null,'N','N','N',null,'N','N','N','select','审批状态',28,NULL,'','approvestatus',null,'~',33,'e3f37b47-411d-4043-b3ce-f2d654ac7054','/common-ref/','-99',null,'N',null,null,null,'2020-05-20 15:57:12',null,'Y',null);
            go
            insert into pub_form_property(pk_form_property,areaid,classid,code,colnum,color,creationtime,creator,datatype,dataval,defaultvalue,defaultvar,define1,define2,define3,disabled,dr,editformula,hyperlinkflag,iscode,isdefined,ismultiselectedenabled,isnextrow,isrevise,istotal,itemtype,label,maxlength,metadataproperty,metaid,metapath,modifiedtime,modifier,position,proid,refcode,refname,relatemeta,required,resid,showformula,textrows,ts,validateformula,visible,width)
            values('0001ZZZZ2cec49846037','0001ZZZZ640602f5fcc3','23375c27-0c5a-4405-91eb-dca16fe2a3b3','pk_org','1','#111111',null,'~',204,null, null,null,null,null,null,'N',0,null,'N','N','N',null,'N','N','N','refer','组织',28,'uap.org.name','','pk_org',null,'~',16,'6a533a93-dd33-4486-b7d8-a20e91cef29a','uapbd/refer/org/BusinessUnitAndDeptTreeRef/index','业务单元及部门',null,'N',null,null,null,'2020-05-20 15:57:12',null,'Y',null);
            go
            insert into pub_form_property(pk_form_property,areaid,classid,code,colnum,color,creationtime,creator,datatype,dataval,defaultvalue,defaultvar,define1,define2,define3,disabled,dr,editformula,hyperlinkflag,iscode,isdefined,ismultiselectedenabled,isnextrow,isrevise,istotal,itemtype,label,maxlength,metadataproperty,metaid,metapath,modifiedtime,modifier,position,proid,refcode,refname,relatemeta,required,resid,showformula,textrows,ts,validateformula,visible,width)
            values('0001ZZZZ2cec49846038','0001ZZZZ640602f5fcc3','23375c27-0c5a-4405-91eb-dca16fe2a3b3','pk_org_v','1','#111111',null,'~',204,null, null,null,null,null,null,'N',0,null,'N','N','N',null,'N','N','N','refer','组织版本',28,'uap.org_v.name','','pk_org_v',null,'~',17,'cf3a42c8-0078-42bc-9523-95aba6f8255c','uapbd/refer/orgv/BusinessUnitVersionDefaultAllTreeRef/index','业务单元版本(所有)',null,'N',null,null,null,'2020-05-20 15:57:12',null,'N',null);
            go
            insert into pub_form_property(pk_form_property,areaid,classid,code,colnum,color,creationtime,creator,datatype,dataval,defaultvalue,defaultvar,define1,define2,define3,disabled,dr,editformula,hyperlinkflag,iscode,isdefined,ismultiselectedenabled,isnextrow,isrevise,istotal,itemtype,label,maxlength,metadataproperty,metaid,metapath,modifiedtime,modifier,position,proid,refcode,refname,relatemeta,required,resid,showformula,textrows,ts,validateformula,visible,width)
            values('0001ZZZZ2cec49846089','0001ZZZZ640602f5fcc3','23375c27-0c5a-4405-91eb-dca16fe2a3b3','planname','1','#111111',null,'~',1,null, null,null,null,null,null,'N',0,null,'N','N','N',null,'N','N','N','input','计划名称',28,NULL,'','planname',null,'~',3,'3a08503d-887d-4f22-b221-899d7f37dea9','/common-ref/','-99',null,'N',null,null,null,'2020-05-20 15:57:12',null,'Y',null);
            go
            insert into pub_form_property(pk_form_property,areaid,classid,code,colnum,color,creationtime,creator,datatype,dataval,defaultvalue,defaultvar,define1,define2,define3,disabled,dr,editformula,hyperlinkflag,iscode,isdefined,ismultiselectedenabled,isnextrow,isrevise,istotal,itemtype,label,maxlength,metadataproperty,metaid,metapath,modifiedtime,modifier,position,proid,refcode,refname,relatemeta,required,resid,showformula,textrows,ts,validateformula,visible,width)
            values('0001ZZZZ2cec49846090','0001ZZZZ640602f5fcc3','23375c27-0c5a-4405-91eb-dca16fe2a3b3','planduration','1','#111111',null,'~',1,null, null,null,null,null,null,'N',0,null,'N','N','N',null,'N','N','N','input','计划工期',28,NULL,'','planduration',null,'~',8,'6e9c3627-b690-4d82-b173-1e52ce2f20cd','/common-ref/','-99',null,'N',null,null,null,'2020-05-20 15:57:12',null,'Y',null);
            go
            insert into pub_form_property(pk_form_property,areaid,classid,code,colnum,color,creationtime,creator,datatype,dataval,defaultvalue,defaultvar,define1,define2,define3,disabled,dr,editformula,hyperlinkflag,iscode,isdefined,ismultiselectedenabled,isnextrow,isrevise,istotal,itemtype,label,maxlength,metadataproperty,metaid,metapath,modifiedtime,modifier,position,proid,refcode,refname,relatemeta,required,resid,showformula,textrows,ts,validateformula,visible,width)
            values('0001ZZZZ2cec49846091','0001ZZZZ640602f5fcc3','23375c27-0c5a-4405-91eb-dca16fe2a3b3','projectstartdate','1','#111111',null,'~',33,null, null,null,null,null,null,'N',0,null,'N','N','N',null,'N','N','N','datepicker','计划开始日期',28,NULL,'','projectstartdate',null,'~',6,'032d853b-0ce8-4fca-85d7-52c7820eb00a','/common-ref/','-99',null,'N',null,null,null,'2020-05-20 15:57:12',null,'Y',null);
            go
            insert into pub_form_property(pk_form_property,areaid,classid,code,colnum,color,creationtime,creator,datatype,dataval,defaultvalue,defaultvar,define1,define2,define3,disabled,dr,editformula,hyperlinkflag,iscode,isdefined,ismultiselectedenabled,isnextrow,isrevise,istotal,itemtype,label,maxlength,metadataproperty,metaid,metapath,modifiedtime,modifier,position,proid,refcode,refname,relatemeta,required,resid,showformula,textrows,ts,validateformula,visible,width)
            values('0001ZZZZ2cec49846092','0001ZZZZ640602f5fcc3','23375c27-0c5a-4405-91eb-dca16fe2a3b3','projectdeaddate','1','#111111',null,'~',33,null, null,null,null,null,null,'N',0,null,'N','N','N',null,'N','N','N','datepicker','计划截止日期',28,NULL,'','projectdeaddate',null,'~',7,'5225ffe2-c8f7-4f12-b350-1d835323e95d','/common-ref/','-99',null,'N',null,null,null,'2020-05-20 15:57:12',null,'Y',null);
            go
            insert into pub_form_property(pk_form_property,areaid,classid,code,colnum,color,creationtime,creator,datatype,dataval,defaultvalue,defaultvar,define1,define2,define3,disabled,dr,editformula,hyperlinkflag,iscode,isdefined,ismultiselectedenabled,isnextrow,isrevise,istotal,itemtype,label,maxlength,metadataproperty,metaid,metapath,modifiedtime,modifier,position,proid,refcode,refname,relatemeta,required,resid,showformula,textrows,ts,validateformula,visible,width)
            values('0001ZZZZ2cec49846093','0001ZZZZ640602f5fcc3','23375c27-0c5a-4405-91eb-dca16fe2a3b3','dutyperson','1','#111111',null,'~',204,null, null,null,null,null,null,'N',0,null,'N','N','N',null,'N','N','N','refer','责任人',28,NULL,'','dutyperson',null,'~',12,'960669ab-a525-4968-83f3-db7cb13b8bd3','uapbd/refer/psninfo/PsndocRiartTreeGridRef/index','人员',null,'N',null,null,null,'2020-05-20 15:57:12',null,'Y',null);
            go
            insert into pub_form_property(pk_form_property,areaid,classid,code,colnum,color,creationtime,creator,datatype,dataval,defaultvalue,defaultvar,define1,define2,define3,disabled,dr,editformula,hyperlinkflag,iscode,isdefined,ismultiselectedenabled,isnextrow,isrevise,istotal,itemtype,label,maxlength,metadataproperty,metaid,metapath,modifiedtime,modifier,position,proid,refcode,refname,relatemeta,required,resid,showformula,textrows,ts,validateformula,visible,width)
            values('0001ZZZZ2cec49846094','0001ZZZZ640602f5fcc3','23375c27-0c5a-4405-91eb-dca16fe2a3b3','dutydept','1','#111111',null,'~',204,null, null,null,null,null,null,'N',0,null,'N','N','N',null,'N','N','N','refer','责任部门',28,'uap.dept.name','','dutydept',null,'~',13,'bfe10c05-9885-4ef6-8679-64442643760e','uapbd/refer/org/DeptTreeRef/index','部门',null,'N',null,null,null,'2020-05-20 15:57:12',null,'Y',null);
            go
            insert into pub_form_property(pk_form_property,areaid,classid,code,colnum,color,creationtime,creator,datatype,dataval,defaultvalue,defaultvar,define1,define2,define3,disabled,dr,editformula,hyperlinkflag,iscode,isdefined,ismultiselectedenabled,isnextrow,isrevise,istotal,itemtype,label,maxlength,metadataproperty,metaid,metapath,modifiedtime,modifier,position,proid,refcode,refname,relatemeta,required,resid,showformula,textrows,ts,validateformula,visible,width)
            values('0001ZZZZ2cec49846095','0001ZZZZ640602f5fcc3','23375c27-0c5a-4405-91eb-dca16fe2a3b3','milepost','1','#111111',null,'~',1,null, null,null,null,null,null,'N',0,null,'N','N','N',null,'N','N','N','input','里程碑',28,NULL,'','milepost',null,'~',11,'14be3a8c-0920-4d6c-ae92-ede2c07c0e86','/common-ref/','-99',null,'N',null,null,null,'2020-05-20 15:57:12',null,'Y',null);
            go
            insert into pub_form_property(pk_form_property,areaid,classid,code,colnum,color,creationtime,creator,datatype,dataval,defaultvalue,defaultvar,define1,define2,define3,disabled,dr,editformula,hyperlinkflag,iscode,isdefined,ismultiselectedenabled,isnextrow,isrevise,istotal,itemtype,label,maxlength,metadataproperty,metaid,metapath,modifiedtime,modifier,position,proid,refcode,refname,relatemeta,required,resid,showformula,textrows,ts,validateformula,visible,width)
            values('0001ZZZZ2cec49846096','0001ZZZZ640602f5fcc3','23375c27-0c5a-4405-91eb-dca16fe2a3b3','pk_group','1','#111111',null,'~',204,null, null,null,null,null,null,'N',0,null,'N','N','N',null,'N','N','N','refer','集团',28,'uap.group.name','','pk_group',null,'~',15,'2f36bf73-5ea1-48dd-b84f-debfeddf9ce6','uap/refer/riart/groupTreeRef/index','集团',null,'N',null,null,null,'2020-05-20 15:57:12',null,'Y',null);
            go
            insert into pub_form_property(pk_form_property,areaid,classid,code,colnum,color,creationtime,creator,datatype,dataval,defaultvalue,defaultvar,define1,define2,define3,disabled,dr,editformula,hyperlinkflag,iscode,isdefined,ismultiselectedenabled,isnextrow,isrevise,istotal,itemtype,label,maxlength,metadataproperty,metaid,metapath,modifiedtime,modifier,position,proid,refcode,refname,relatemeta,required,resid,showformula,textrows,ts,validateformula,visible,width)
            values('0001ZZZZ2cec49846097','0001ZZZZ640602f5fcc3','23375c27-0c5a-4405-91eb-dca16fe2a3b3','projectname','1','#111111',null,'~',1,null, null,null,null,null,null,'N',0,null,'N','N','N',null,'N','N','N','input','项目名称',28,NULL,'','projectname',null,'~',2,'84aeedf2-d120-42d9-97d3-bd59d9808bb6','/common-ref/','-99',null,'N',null,null,null,'2020-05-20 15:57:12',null,'Y',null);
            go






