insert into pub_page_templet(pk_page_templet,appcode,clazz,code,creationtime,creator,dr,headcode,isdefault,metaid,modifiedtime,modifier,name,pagecode,parentid,pk_group,pk_org,resid,resmodule,templetdesc,ts)
values('0001ZZZZbfaf4b082bfa','91H10545','nc.vo.adprepare.monthprojectplan.AggMonprojectplanHVO','91H10545_LIST',null,'~',0,'list_head','Y',null,null,'~','项目月度计划列表','91H10545_LIST','root',null,null,null,null,'项目月度计划列表页面','2020-05-20 15:32:57');
go

insert into pub_page_templet(pk_page_templet,appcode,clazz,code,creationtime,creator,dr,headcode,isdefault,metaid,modifiedtime,modifier,name,pagecode,parentid,pk_group,pk_org,resid,resmodule,templetdesc,ts)
values('0001ZZZZ6b522b94c1b0','91H10545','nc.vo.adprepare.monthprojectplan.AggMonprojectplanHVO','91H10545_CARD',null,'~',0,'card_head','N',null,null,'~','项目月度计划卡片','91H10545_CARD','root',null,null,null,null,'项目月度计划卡片页面','2020-05-20 15:32:57');
go

insert into pub_page_templet(pk_page_templet,appcode,clazz,code,creationtime,creator,dr,headcode,isdefault,metaid,modifiedtime,modifier,name,pagecode,parentid,pk_group,pk_org,resid,resmodule,templetdesc,ts)
values('0001ZZZZd74f55ed1295','91H10545','nc.vo.adprepare.monthprojectplan.AggMonprojectplanHVO','91H10545L_CARD',null,'~',0,'card_head','N',null,null,'~','项目月度计划联查卡片','91H10545L_CARD','root',null,null,null,null,'项目月度计划联查卡片页面','2020-05-20 15:32:57');
go

insert into pub_page_templet(pk_page_templet,appcode,clazz,code,creationtime,creator,dr,headcode,isdefault,metaid,modifiedtime,modifier,name,pagecode,parentid,pk_group,pk_org,resid,resmodule,templetdesc,ts)
values('0001ZZZZae41c74f7759','91H10545A','nc.vo.adprepare.monthprojectplan.AggMonprojectplanHVO','91H10545A_CARD',null,'~',0,'card_head','N',null,null,'~','项目月度计划审批卡片','91H10545A_CARD','root',null,null,null,null,'项目月度计划审批卡片页面','2020-05-20 15:32:57');
go







insert into pub_area(pk_area,areadesc,areastatus,areatype,clazz,code,creationtime,creator,dr,isunfold,metaid,metaname,metaspace,modifiedtime,modifier,name,pagination,position,relationcode,resid,templetid,ts)
values('0001ZZZZcb9b81e6623e',null,'browse',0,'nc.vo.adprepare.monthprojectplan.MonprojectplanHVO','list_query',null,'~',0,null,'68b5e7d1-5e0e-4845-9f36-9490ebcfcb1e','项目月度计划主实体',null,null,'~','查询区',null,2,null,'','0001ZZZZbfaf4b082bfa','2020-05-20 15:32:57');
go
insert into pub_area(pk_area,areadesc,areastatus,areatype,clazz,code,creationtime,creator,dr,isunfold,metaid,metaname,metaspace,modifiedtime,modifier,name,pagination,position,relationcode,resid,templetid,ts)
values('0001ZZZZbd13accf0167',null,'browse',2,'nc.vo.adprepare.monthprojectplan.MonprojectplanHVO','list_head',null,'~',0,null,'68b5e7d1-5e0e-4845-9f36-9490ebcfcb1e','项目月度计划主实体',null,null,'~','表头',null,1,null,'','0001ZZZZbfaf4b082bfa','2020-05-20 15:32:57');
go




insert into pub_area(pk_area,areadesc,areastatus,areatype,clazz,code,creationtime,creator,dr,isunfold,metaid,metaname,metaspace,modifiedtime,modifier,name,pagination,position,relationcode,resid,templetid,ts)
values('0001ZZZZ3d096d9b934f',null,'browse',1,'nc.vo.adprepare.monthprojectplan.MonprojectplanHVO','card_head',null,'~',0,null,'68b5e7d1-5e0e-4845-9f36-9490ebcfcb1e','项目月度计划主实体','adprepare.monthprojectplan',null,'~','项目月度计划主实体',null,1,null,null,'0001ZZZZ6b522b94c1b0','2020-05-20 15:32:57');
go
insert into pub_area(pk_area,areadesc,areastatus,areatype,clazz,code,creationtime,creator,dr,isunfold,metaid,metaname,metaspace,modifiedtime,modifier,name,pagination,position,relationcode,resid,templetid,ts)
values('0001ZZZZ408b97a17878',null,'browse',1,'nc.vo.adprepare.monthprojectplan.MonprojectplanHVO','card_operate',null,'~',0,null,'68b5e7d1-5e0e-4845-9f36-9490ebcfcb1e','项目月度计划主实体','adprepare.monthprojectplan',null,'~','操作信息',null,2,'card_head',null,'0001ZZZZ6b522b94c1b0','2020-05-20 15:32:57');
go
insert into pub_area(pk_area,areadesc,areastatus,areatype,clazz,code,creationtime,creator,dr,isunfold,metaid,metaname,metaspace,modifiedtime,modifier,name,pagination,position,relationcode,resid,templetid,ts)
values('0001ZZZZ13db425434b8',null,'browse',2,'nc.vo.adprepare.monthprojectplan.MonprojectplanBVO','card_body',null,'~',0,null,'68b5e7d1-5e0e-4845-9f36-9490ebcfcb1e','项目月度计划主实体','adprepare.monthprojectplan',null,'~','项目月度计划子实体',null,3,null,null,'0001ZZZZ6b522b94c1b0','2020-05-20 15:32:57');
go
insert into pub_area(pk_area,areadesc,areastatus,areatype,clazz,code,creationtime,creator,dr,isunfold,metaid,metaname,metaspace,modifiedtime,modifier,name,pagination,position,relationcode,resid,templetid,ts)
values('0001ZZZZa4471151ca3e',null,'edit',1,'nc.vo.adprepare.monthprojectplan.MonprojectplanBVO','card_body_edit',null,'~',0,null,'68b5e7d1-5e0e-4845-9f36-9490ebcfcb1e','项目月度计划主实体','adprepare.monthprojectplan',null,'~','项目月度计划子实体',null,4,'card_body',null,'0001ZZZZ6b522b94c1b0','2020-05-20 15:32:57');
go
insert into pub_area(pk_area,areadesc,areastatus,areatype,clazz,code,creationtime,creator,dr,isunfold,metaid,metaname,metaspace,modifiedtime,modifier,name,pagination,position,relationcode,resid,templetid,ts)
values('0001ZZZZbeb4412f20b1',null,'browse',1,'nc.vo.adprepare.monthprojectplan.MonprojectplanBVO','card_body_browse',null,'~',0,null,'68b5e7d1-5e0e-4845-9f36-9490ebcfcb1e','项目月度计划主实体','adprepare.monthprojectplan',null,'~','项目月度计划子实体',null,5,'card_body',null,'0001ZZZZ6b522b94c1b0','2020-05-20 15:32:57');
go


insert into pub_area(pk_area,areadesc,areastatus,areatype,clazz,code,creationtime,creator,dr,isunfold,metaid,metaname,metaspace,modifiedtime,modifier,name,pagination,position,relationcode,resid,templetid,ts)
values('0001ZZZZ5d79aa542c34',null,'browse',1,'nc.vo.adprepare.monthprojectplan.MonprojectplanHVO','card_head',null,'~',0,null,'68b5e7d1-5e0e-4845-9f36-9490ebcfcb1e','项目月度计划主实体','adprepare.monthprojectplan',null,'~','项目月度计划主实体',null,1,null,null,'0001ZZZZd74f55ed1295','2020-05-20 15:32:57');
go
insert into pub_area(pk_area,areadesc,areastatus,areatype,clazz,code,creationtime,creator,dr,isunfold,metaid,metaname,metaspace,modifiedtime,modifier,name,pagination,position,relationcode,resid,templetid,ts)
values('0001ZZZZ20cd127ec525',null,'browse',1,'nc.vo.adprepare.monthprojectplan.MonprojectplanHVO','card_operate',null,'~',0,null,'68b5e7d1-5e0e-4845-9f36-9490ebcfcb1e','项目月度计划主实体','adprepare.monthprojectplan',null,'~','操作信息',null,2,'card_head',null,'0001ZZZZd74f55ed1295','2020-05-20 15:32:57');
go
insert into pub_area(pk_area,areadesc,areastatus,areatype,clazz,code,creationtime,creator,dr,isunfold,metaid,metaname,metaspace,modifiedtime,modifier,name,pagination,position,relationcode,resid,templetid,ts)
values('0001ZZZZ8ecf68e5c1a4',null,'browse',2,'nc.vo.adprepare.monthprojectplan.MonprojectplanBVO','card_body',null,'~',0,null,'68b5e7d1-5e0e-4845-9f36-9490ebcfcb1e','项目月度计划主实体','adprepare.monthprojectplan',null,'~','项目月度计划子实体',null,3,null,null,'0001ZZZZd74f55ed1295','2020-05-20 15:32:57');
go
insert into pub_area(pk_area,areadesc,areastatus,areatype,clazz,code,creationtime,creator,dr,isunfold,metaid,metaname,metaspace,modifiedtime,modifier,name,pagination,position,relationcode,resid,templetid,ts)
values('0001ZZZZfbb73fbd622e',null,'edit',1,'nc.vo.adprepare.monthprojectplan.MonprojectplanBVO','card_body_edit',null,'~',0,null,'68b5e7d1-5e0e-4845-9f36-9490ebcfcb1e','项目月度计划主实体','adprepare.monthprojectplan',null,'~','项目月度计划子实体',null,4,'card_body',null,'0001ZZZZd74f55ed1295','2020-05-20 15:32:57');
go
insert into pub_area(pk_area,areadesc,areastatus,areatype,clazz,code,creationtime,creator,dr,isunfold,metaid,metaname,metaspace,modifiedtime,modifier,name,pagination,position,relationcode,resid,templetid,ts)
values('0001ZZZZeab03a67de1d',null,'browse',1,'nc.vo.adprepare.monthprojectplan.MonprojectplanBVO','card_body_browse',null,'~',0,null,'68b5e7d1-5e0e-4845-9f36-9490ebcfcb1e','项目月度计划主实体','adprepare.monthprojectplan',null,'~','项目月度计划子实体',null,5,'card_body',null,'0001ZZZZd74f55ed1295','2020-05-20 15:32:57');
go

insert into pub_area(pk_area,areadesc,areastatus,areatype,clazz,code,creationtime,creator,dr,isunfold,metaid,metaname,metaspace,modifiedtime,modifier,name,pagination,position,relationcode,resid,templetid,ts)
values('0001ZZZZ93a30201d37a',null,'browse',1,'nc.vo.adprepare.monthprojectplan.MonprojectplanHVO','card_head',null,'~',0,null,'68b5e7d1-5e0e-4845-9f36-9490ebcfcb1e','项目月度计划主实体','adprepare.monthprojectplan',null,'~','项目月度计划主实体',null,1,null,null,'0001ZZZZae41c74f7759','2020-05-20 15:32:57');
go
insert into pub_area(pk_area,areadesc,areastatus,areatype,clazz,code,creationtime,creator,dr,isunfold,metaid,metaname,metaspace,modifiedtime,modifier,name,pagination,position,relationcode,resid,templetid,ts)
values('0001ZZZZ76f229395035',null,'browse',1,'nc.vo.adprepare.monthprojectplan.MonprojectplanHVO','card_operate',null,'~',0,null,'68b5e7d1-5e0e-4845-9f36-9490ebcfcb1e','项目月度计划主实体','adprepare.monthprojectplan',null,'~','操作信息',null,2,'card_head',null,'0001ZZZZae41c74f7759','2020-05-20 15:32:57');
go
insert into pub_area(pk_area,areadesc,areastatus,areatype,clazz,code,creationtime,creator,dr,isunfold,metaid,metaname,metaspace,modifiedtime,modifier,name,pagination,position,relationcode,resid,templetid,ts)
values('0001ZZZZ756cc7af6bc9',null,'browse',2,'nc.vo.adprepare.monthprojectplan.MonprojectplanBVO','card_body',null,'~',0,null,'68b5e7d1-5e0e-4845-9f36-9490ebcfcb1e','项目月度计划主实体','adprepare.monthprojectplan',null,'~','项目月度计划子实体',null,3,null,null,'0001ZZZZae41c74f7759','2020-05-20 15:32:57');
go
insert into pub_area(pk_area,areadesc,areastatus,areatype,clazz,code,creationtime,creator,dr,isunfold,metaid,metaname,metaspace,modifiedtime,modifier,name,pagination,position,relationcode,resid,templetid,ts)
values('0001ZZZZdf33ba7b018d',null,'edit',1,'nc.vo.adprepare.monthprojectplan.MonprojectplanBVO','card_body_edit',null,'~',0,null,'68b5e7d1-5e0e-4845-9f36-9490ebcfcb1e','项目月度计划主实体','adprepare.monthprojectplan',null,'~','项目月度计划子实体',null,4,'card_body',null,'0001ZZZZae41c74f7759','2020-05-20 15:32:57');
go
insert into pub_area(pk_area,areadesc,areastatus,areatype,clazz,code,creationtime,creator,dr,isunfold,metaid,metaname,metaspace,modifiedtime,modifier,name,pagination,position,relationcode,resid,templetid,ts)
values('0001ZZZZc8cea4e11046',null,'browse',1,'nc.vo.adprepare.monthprojectplan.MonprojectplanBVO','card_body_browse',null,'~',0,null,'68b5e7d1-5e0e-4845-9f36-9490ebcfcb1e','项目月度计划主实体','adprepare.monthprojectplan',null,'~','项目月度计划子实体',null,5,'card_body',null,'0001ZZZZae41c74f7759','2020-05-20 15:32:57');
go




            insert into pub_query_property(pk_query_property,areaid,classid,code,containlower,creationtime,creator,datatype,dataval,defaultvalue,define1,define2,define3,define4,define5,disabled,dr,isbeyondorg,ischeck,isdefined,isfixedcondition,ismultiselectedenabled,isnotmeta,isquerycondition,isuse,itemtype,label,maxlength,metadataproperty,metapath,opersign,opersignname,position,proid,querytablename,refcode,refname,required,resid,returntype,showtype,tablecode,ts,usefunc,visible,visibleposition,width)
            values('0001ZZZZedb91ffbff5b','0001ZZZZcb9b81e6623e','68b5e7d1-5e0e-4845-9f36-9490ebcfcb1e','pk_busitype',null,null,'~',204,'','','','','','','','N',0,'N','N','N','N','N','N','Y','Y','refer','业务类型',20,'uap.BusitypeVO.businame','pk_busitype','=@','等于@',21,'26f3a1e1-ff0c-4cfb-a8f5-475185f64b27','','uap/refer/riart/busitype/index','业务流程','N','','refpk',1,'','2020-05-20 15:32:57','N','Y',null,1);
            go
            insert into pub_query_property(pk_query_property,areaid,classid,code,containlower,creationtime,creator,datatype,dataval,defaultvalue,define1,define2,define3,define4,define5,disabled,dr,isbeyondorg,ischeck,isdefined,isfixedcondition,ismultiselectedenabled,isnotmeta,isquerycondition,isuse,itemtype,label,maxlength,metadataproperty,metapath,opersign,opersignname,position,proid,querytablename,refcode,refname,required,resid,returntype,showtype,tablecode,ts,usefunc,visible,visibleposition,width)
            values('0001ZZZZb5b469bbf8c8','0001ZZZZcb9b81e6623e','68b5e7d1-5e0e-4845-9f36-9490ebcfcb1e','pk_transtype',null,null,'~',204,'','','','','','','','N',0,'N','N','N','N','N','N','Y','Y','refer','交易类型',20,'uap.BilltypeVO.billtypename','pk_transtype','=@','等于@',25,'d681acd3-297c-45d3-bade-23c00c5f417e','','uap/refer/riart/transtype/index','影响因素交 易类型','N','','refpk',1,'','2020-05-20 15:32:57','N','Y',null,1);
            go
            insert into pub_query_property(pk_query_property,areaid,classid,code,containlower,creationtime,creator,datatype,dataval,defaultvalue,define1,define2,define3,define4,define5,disabled,dr,isbeyondorg,ischeck,isdefined,isfixedcondition,ismultiselectedenabled,isnotmeta,isquerycondition,isuse,itemtype,label,maxlength,metadataproperty,metapath,opersign,opersignname,position,proid,querytablename,refcode,refname,required,resid,returntype,showtype,tablecode,ts,usefunc,visible,visibleposition,width)
            values('0001ZZZZ2d33e1407362','0001ZZZZcb9b81e6623e','68b5e7d1-5e0e-4845-9f36-9490ebcfcb1e','transtypecode',null,null,'~',1,'','','','','','','','N',0,'N','N','N','N','N','N','Y','Y','input','交易类型编码',50,NULL,'transtypecode','=@','等于@',24,'560ad628-af14-486a-b213-9f0df1638318','','/common-ref/','-99','N','','refpk',1,'','2020-05-20 15:32:57','N','Y',null,1);
            go
            insert into pub_query_property(pk_query_property,areaid,classid,code,containlower,creationtime,creator,datatype,dataval,defaultvalue,define1,define2,define3,define4,define5,disabled,dr,isbeyondorg,ischeck,isdefined,isfixedcondition,ismultiselectedenabled,isnotmeta,isquerycondition,isuse,itemtype,label,maxlength,metadataproperty,metapath,opersign,opersignname,position,proid,querytablename,refcode,refname,required,resid,returntype,showtype,tablecode,ts,usefunc,visible,visibleposition,width)
            values('0001ZZZZ917d9a67cd75','0001ZZZZcb9b81e6623e','68b5e7d1-5e0e-4845-9f36-9490ebcfcb1e','missionname',null,null,'~',1,'','','','','','','','N',0,'N','N','N','N','N','N','Y','Y','input','任务名称',50,NULL,'missionname','=@','等于@',5,'bc7b7623-0281-4960-ab23-3d4c11f7598e','','/common-ref/','-99','N','','refpk',1,'','2020-05-20 15:32:57','N','Y',null,1);
            go
            insert into pub_query_property(pk_query_property,areaid,classid,code,containlower,creationtime,creator,datatype,dataval,defaultvalue,define1,define2,define3,define4,define5,disabled,dr,isbeyondorg,ischeck,isdefined,isfixedcondition,ismultiselectedenabled,isnotmeta,isquerycondition,isuse,itemtype,label,maxlength,metadataproperty,metapath,opersign,opersignname,position,proid,querytablename,refcode,refname,required,resid,returntype,showtype,tablecode,ts,usefunc,visible,visibleposition,width)
            values('0001ZZZZ5f933c807e8c','0001ZZZZcb9b81e6623e','68b5e7d1-5e0e-4845-9f36-9490ebcfcb1e','missiondetail',null,null,'~',1,'','','','','','','','N',0,'N','N','N','N','N','N','Y','Y','input','任务描述',50,NULL,'missiondetail','=@','等于@',9,'7fe8cdfe-bc98-4167-b89d-f3a079557734','','/common-ref/','-99','N','','refpk',1,'','2020-05-20 15:32:57','N','Y',null,1);
            go
            insert into pub_query_property(pk_query_property,areaid,classid,code,containlower,creationtime,creator,datatype,dataval,defaultvalue,define1,define2,define3,define4,define5,disabled,dr,isbeyondorg,ischeck,isdefined,isfixedcondition,ismultiselectedenabled,isnotmeta,isquerycondition,isuse,itemtype,label,maxlength,metadataproperty,metapath,opersign,opersignname,position,proid,querytablename,refcode,refname,required,resid,returntype,showtype,tablecode,ts,usefunc,visible,visibleposition,width)
            values('0001ZZZZdd90633ad1bf','0001ZZZZcb9b81e6623e','68b5e7d1-5e0e-4845-9f36-9490ebcfcb1e','missioncode',null,null,'~',1,'','','','','','','','N',0,'N','N','N','N','N','N','Y','Y','input','任务编码',50,NULL,'missioncode','=@','等于@',4,'465f2435-3da6-4cde-a0f3-2c89249addd8','','/common-ref/','-99','N','','refpk',1,'','2020-05-20 15:32:57','N','Y',null,1);
            go
            insert into pub_query_property(pk_query_property,areaid,classid,code,containlower,creationtime,creator,datatype,dataval,defaultvalue,define1,define2,define3,define4,define5,disabled,dr,isbeyondorg,ischeck,isdefined,isfixedcondition,ismultiselectedenabled,isnotmeta,isquerycondition,isuse,itemtype,label,maxlength,metadataproperty,metapath,opersign,opersignname,position,proid,querytablename,refcode,refname,required,resid,returntype,showtype,tablecode,ts,usefunc,visible,visibleposition,width)
            values('0001ZZZZdb1e746c8e20','0001ZZZZcb9b81e6623e','68b5e7d1-5e0e-4845-9f36-9490ebcfcb1e','modifier',null,null,'~',204,'','','','','','','','N',0,'N','N','N','N','N','N','Y','Y','refer','修改人',20,'uap.user.user_name','modifier','=@','等于@',30,'561bd97d-96dd-41e6-82fa-a6f8030afaeb','','uap/refer/riart/userDefaultRefer/index','用户','N','','refpk',1,'','2020-05-20 15:32:57','N','Y',null,1);
            go
            insert into pub_query_property(pk_query_property,areaid,classid,code,containlower,creationtime,creator,datatype,dataval,defaultvalue,define1,define2,define3,define4,define5,disabled,dr,isbeyondorg,ischeck,isdefined,isfixedcondition,ismultiselectedenabled,isnotmeta,isquerycondition,isuse,itemtype,label,maxlength,metadataproperty,metapath,opersign,opersignname,position,proid,querytablename,refcode,refname,required,resid,returntype,showtype,tablecode,ts,usefunc,visible,visibleposition,width)
            values('0001ZZZZ68766e7564bd','0001ZZZZcb9b81e6623e','68b5e7d1-5e0e-4845-9f36-9490ebcfcb1e','modifiedtime',null,null,'~',34,'','','','','','','','N',0,'N','N','N','N','N','N','Y','Y','datetimepicker','修改时间',19,NULL,'modifiedtime','=@','等于@',31,'bd71c03a-214f-4701-ac8e-9a964a415182','','/common-ref/','-99','N','','refpk',1,'','2020-05-20 15:32:57','N','Y',null,1);
            go
            insert into pub_query_property(pk_query_property,areaid,classid,code,containlower,creationtime,creator,datatype,dataval,defaultvalue,define1,define2,define3,define4,define5,disabled,dr,isbeyondorg,ischeck,isdefined,isfixedcondition,ismultiselectedenabled,isnotmeta,isquerycondition,isuse,itemtype,label,maxlength,metadataproperty,metapath,opersign,opersignname,position,proid,querytablename,refcode,refname,required,resid,returntype,showtype,tablecode,ts,usefunc,visible,visibleposition,width)
            values('0001ZZZZc36f95222c7a','0001ZZZZcb9b81e6623e','68b5e7d1-5e0e-4845-9f36-9490ebcfcb1e','creator',null,null,'~',204,'','','','','','','','N',0,'N','N','N','N','N','N','Y','Y','refer','创建人',20,'uap.user.user_name','creator','=@','等于@',28,'e54a6453-54d9-44dc-9e17-3a60d4bb41e3','','uap/refer/riart/userDefaultRefer/index','用户','N','','refpk',1,'','2020-05-20 15:32:57','N','Y',null,1);
            go
            insert into pub_query_property(pk_query_property,areaid,classid,code,containlower,creationtime,creator,datatype,dataval,defaultvalue,define1,define2,define3,define4,define5,disabled,dr,isbeyondorg,ischeck,isdefined,isfixedcondition,ismultiselectedenabled,isnotmeta,isquerycondition,isuse,itemtype,label,maxlength,metadataproperty,metapath,opersign,opersignname,position,proid,querytablename,refcode,refname,required,resid,returntype,showtype,tablecode,ts,usefunc,visible,visibleposition,width)
            values('0001ZZZZ4dd4e980307a','0001ZZZZcb9b81e6623e','68b5e7d1-5e0e-4845-9f36-9490ebcfcb1e','creationtime',null,null,'~',34,'','','','','','','','N',0,'N','N','N','N','N','N','Y','Y','datetimepicker','创建时间',19,NULL,'creationtime','=@','等于@',29,'8425ce9a-3eee-401f-9057-9ab06f428a6d','','/common-ref/','-99','N','','refpk',1,'','2020-05-20 15:32:57','N','Y',null,1);
            go
            insert into pub_query_property(pk_query_property,areaid,classid,code,containlower,creationtime,creator,datatype,dataval,defaultvalue,define1,define2,define3,define4,define5,disabled,dr,isbeyondorg,ischeck,isdefined,isfixedcondition,ismultiselectedenabled,isnotmeta,isquerycondition,isuse,itemtype,label,maxlength,metadataproperty,metapath,opersign,opersignname,position,proid,querytablename,refcode,refname,required,resid,returntype,showtype,tablecode,ts,usefunc,visible,visibleposition,width)
            values('0001ZZZZ1b2715e2abf9','0001ZZZZcb9b81e6623e','68b5e7d1-5e0e-4845-9f36-9490ebcfcb1e','billmaker',null,null,'~',204,'','','','','','','','N',0,'N','N','N','N','N','N','Y','Y','refer','制单人',20,'uap.user.user_name','billmaker','=@','等于@',26,'c36d38d7-1372-4f13-b2bf-057755ccc08c','','uap/refer/riart/userDefaultRefer/index','用户','N','','refpk',1,'','2020-05-20 15:32:57','N','Y',null,1);
            go
            insert into pub_query_property(pk_query_property,areaid,classid,code,containlower,creationtime,creator,datatype,dataval,defaultvalue,define1,define2,define3,define4,define5,disabled,dr,isbeyondorg,ischeck,isdefined,isfixedcondition,ismultiselectedenabled,isnotmeta,isquerycondition,isuse,itemtype,label,maxlength,metadataproperty,metapath,opersign,opersignname,position,proid,querytablename,refcode,refname,required,resid,returntype,showtype,tablecode,ts,usefunc,visible,visibleposition,width)
            values('0001ZZZZeee705dfd4fc','0001ZZZZcb9b81e6623e','68b5e7d1-5e0e-4845-9f36-9490ebcfcb1e','maketime',null,null,'~',33,'','','','','','','','N',0,'N','N','N','N','N','N','Y','Y','datepicker','制单时间',19,NULL,'maketime','=@','等于@',27,'ab528a8b-8206-4f24-a309-d3e98a1b2b16','','/common-ref/','-99','N','','refpk',1,'','2020-05-20 15:32:57','N','Y',null,1);
            go
            insert into pub_query_property(pk_query_property,areaid,classid,code,containlower,creationtime,creator,datatype,dataval,defaultvalue,define1,define2,define3,define4,define5,disabled,dr,isbeyondorg,ischeck,isdefined,isfixedcondition,ismultiselectedenabled,isnotmeta,isquerycondition,isuse,itemtype,label,maxlength,metadataproperty,metapath,opersign,opersignname,position,proid,querytablename,refcode,refname,required,resid,returntype,showtype,tablecode,ts,usefunc,visible,visibleposition,width)
            values('0001ZZZZ651a5cafafa7','0001ZZZZcb9b81e6623e','68b5e7d1-5e0e-4845-9f36-9490ebcfcb1e','advanceplan',null,null,'~',1,'','','','','','','','N',0,'N','N','N','N','N','N','Y','Y','input','前置计划',50,NULL,'advanceplan','=@','等于@',10,'e26346f5-0725-46e0-a1d9-6ca18cdf486c','','/common-ref/','-99','N','','refpk',1,'','2020-05-20 15:32:57','N','Y',null,1);
            go
            insert into pub_query_property(pk_query_property,areaid,classid,code,containlower,creationtime,creator,datatype,dataval,defaultvalue,define1,define2,define3,define4,define5,disabled,dr,isbeyondorg,ischeck,isdefined,isfixedcondition,ismultiselectedenabled,isnotmeta,isquerycondition,isuse,itemtype,label,maxlength,metadataproperty,metapath,opersign,opersignname,position,proid,querytablename,refcode,refname,required,resid,returntype,showtype,tablecode,ts,usefunc,visible,visibleposition,width)
            values('0001ZZZZ12f129198bf2','0001ZZZZcb9b81e6623e','68b5e7d1-5e0e-4845-9f36-9490ebcfcb1e','dbilldate',null,null,'~',33,'','','','','','','','N',0,'N','N','N','N','N','N','Y','Y','datepicker','单据日期',19,NULL,'dbilldate','=@','等于@',18,'22ff647d-c3a3-47cd-9b20-c90fe85142f6','','/common-ref/','-99','N','','refpk',1,'','2020-05-20 15:32:57','N','Y',null,1);
            go
            insert into pub_query_property(pk_query_property,areaid,classid,code,containlower,creationtime,creator,datatype,dataval,defaultvalue,define1,define2,define3,define4,define5,disabled,dr,isbeyondorg,ischeck,isdefined,isfixedcondition,ismultiselectedenabled,isnotmeta,isquerycondition,isuse,itemtype,label,maxlength,metadataproperty,metapath,opersign,opersignname,position,proid,querytablename,refcode,refname,required,resid,returntype,showtype,tablecode,ts,usefunc,visible,visibleposition,width)
            values('0001ZZZZfb90b25a6a9d','0001ZZZZcb9b81e6623e','68b5e7d1-5e0e-4845-9f36-9490ebcfcb1e','billstatus',null,null,'~',203,'自由=-1,审批未通过=0,审批通过=1,审批进行中=2,提交=3','','','','','','','N',0,'N','N','N','N','N','N','Y','Y','select','单据状态',50,NULL,'billstatus','=@','等于@',19,'2989826a-a638-4787-8cec-0e4f72b1c49f','','/common-ref/','-99','N','','refpk',1,'','2020-05-20 15:32:57','N','Y',null,1);
            go
            insert into pub_query_property(pk_query_property,areaid,classid,code,containlower,creationtime,creator,datatype,dataval,defaultvalue,define1,define2,define3,define4,define5,disabled,dr,isbeyondorg,ischeck,isdefined,isfixedcondition,ismultiselectedenabled,isnotmeta,isquerycondition,isuse,itemtype,label,maxlength,metadataproperty,metapath,opersign,opersignname,position,proid,querytablename,refcode,refname,required,resid,returntype,showtype,tablecode,ts,usefunc,visible,visibleposition,width)
            values('0001ZZZZ6b2574c6c4fc','0001ZZZZcb9b81e6623e','68b5e7d1-5e0e-4845-9f36-9490ebcfcb1e','pk_billtypeid',null,null,'~',204,'','','','','','','','N',0,'N','N','N','N','N','N','Y','Y','refer','单据类型',20,'uap.BilltypeVO.billtypename','pk_billtypeid','=@','等于@',22,'d4ddc0d1-e06f-4a51-838d-6765fcdc850a','','uap/refer/riart/billtype/index','影响因素单据类型','N','','refpk',1,'','2020-05-20 15:32:57','N','Y',null,1);
            go
            insert into pub_query_property(pk_query_property,areaid,classid,code,containlower,creationtime,creator,datatype,dataval,defaultvalue,define1,define2,define3,define4,define5,disabled,dr,isbeyondorg,ischeck,isdefined,isfixedcondition,ismultiselectedenabled,isnotmeta,isquerycondition,isuse,itemtype,label,maxlength,metadataproperty,metapath,opersign,opersignname,position,proid,querytablename,refcode,refname,required,resid,returntype,showtype,tablecode,ts,usefunc,visible,visibleposition,width)
            values('0001ZZZZ90db6a551cd8','0001ZZZZcb9b81e6623e','68b5e7d1-5e0e-4845-9f36-9490ebcfcb1e','billtype',null,null,'~',1,'','','','','','','','N',0,'N','N','N','N','N','N','Y','Y','input','单据类型编码',50,NULL,'billtype','=@','等于@',23,'482e1743-5efc-42b0-a366-db3759ca253b','','/common-ref/','-99','N','','refpk',1,'','2020-05-20 15:32:57','N','Y',null,1);
            go
            insert into pub_query_property(pk_query_property,areaid,classid,code,containlower,creationtime,creator,datatype,dataval,defaultvalue,define1,define2,define3,define4,define5,disabled,dr,isbeyondorg,ischeck,isdefined,isfixedcondition,ismultiselectedenabled,isnotmeta,isquerycondition,isuse,itemtype,label,maxlength,metadataproperty,metapath,opersign,opersignname,position,proid,querytablename,refcode,refname,required,resid,returntype,showtype,tablecode,ts,usefunc,visible,visibleposition,width)
            values('0001ZZZZc3f4371ed6f7','0001ZZZZcb9b81e6623e','68b5e7d1-5e0e-4845-9f36-9490ebcfcb1e','approver',null,null,'~',204,'','','','','','','','N',0,'N','N','N','N','N','N','Y','Y','refer','审批人',20,'uap.user.user_name','approver','=@','等于@',32,'3b24ec1f-b6ff-458c-bfe0-88610387f5fa','','uap/refer/riart/userDefaultRefer/index','用户','N','','refpk',1,'','2020-05-20 15:32:57','N','Y',null,1);
            go
            insert into pub_query_property(pk_query_property,areaid,classid,code,containlower,creationtime,creator,datatype,dataval,defaultvalue,define1,define2,define3,define4,define5,disabled,dr,isbeyondorg,ischeck,isdefined,isfixedcondition,ismultiselectedenabled,isnotmeta,isquerycondition,isuse,itemtype,label,maxlength,metadataproperty,metapath,opersign,opersignname,position,proid,querytablename,refcode,refname,required,resid,returntype,showtype,tablecode,ts,usefunc,visible,visibleposition,width)
            values('0001ZZZZ6940c5bd66e1','0001ZZZZcb9b81e6623e','68b5e7d1-5e0e-4845-9f36-9490ebcfcb1e','approvenote',null,null,'~',1,'','','','','','','','N',0,'N','N','N','N','N','N','Y','Y','input','审批批语',50,NULL,'approvenote','=@','等于@',34,'52636cf2-82be-4fff-bb22-c97bac646130','','/common-ref/','-99','N','','refpk',1,'','2020-05-20 15:32:57','N','Y',null,1);
            go
            insert into pub_query_property(pk_query_property,areaid,classid,code,containlower,creationtime,creator,datatype,dataval,defaultvalue,define1,define2,define3,define4,define5,disabled,dr,isbeyondorg,ischeck,isdefined,isfixedcondition,ismultiselectedenabled,isnotmeta,isquerycondition,isuse,itemtype,label,maxlength,metadataproperty,metapath,opersign,opersignname,position,proid,querytablename,refcode,refname,required,resid,returntype,showtype,tablecode,ts,usefunc,visible,visibleposition,width)
            values('0001ZZZZ44bdf5236790','0001ZZZZcb9b81e6623e','68b5e7d1-5e0e-4845-9f36-9490ebcfcb1e','approvedate',null,null,'~',34,'','','','','','','','N',0,'N','N','N','N','N','N','Y','Y','datetimepicker','审批时间',19,NULL,'approvedate','=@','等于@',14,'87144d7a-063b-4b7e-a6bf-b3e4919765cc','','/common-ref/','-99','N','','refpk',1,'','2020-05-20 15:32:57','N','Y',null,1);
            go
            insert into pub_query_property(pk_query_property,areaid,classid,code,containlower,creationtime,creator,datatype,dataval,defaultvalue,define1,define2,define3,define4,define5,disabled,dr,isbeyondorg,ischeck,isdefined,isfixedcondition,ismultiselectedenabled,isnotmeta,isquerycondition,isuse,itemtype,label,maxlength,metadataproperty,metapath,opersign,opersignname,position,proid,querytablename,refcode,refname,required,resid,returntype,showtype,tablecode,ts,usefunc,visible,visibleposition,width)
            values('0001ZZZZ92c186ce9cf0','0001ZZZZcb9b81e6623e','68b5e7d1-5e0e-4845-9f36-9490ebcfcb1e','approvestatus',null,null,'~',203,'自由=-1,审批未通过=0,审批通过=1,审批进行中=2,提交=3','','','','','','','N',0,'N','N','N','N','N','N','Y','Y','select','审批状态',50,NULL,'approvestatus','=@','等于@',33,'8dbba910-45da-4e8c-8b81-16f7b55a8441','','/common-ref/','-99','N','','refpk',1,'','2020-05-20 15:32:57','N','Y',null,1);
            go
            insert into pub_query_property(pk_query_property,areaid,classid,code,containlower,creationtime,creator,datatype,dataval,defaultvalue,define1,define2,define3,define4,define5,disabled,dr,isbeyondorg,ischeck,isdefined,isfixedcondition,ismultiselectedenabled,isnotmeta,isquerycondition,isuse,itemtype,label,maxlength,metadataproperty,metapath,opersign,opersignname,position,proid,querytablename,refcode,refname,required,resid,returntype,showtype,tablecode,ts,usefunc,visible,visibleposition,width)
            values('0001ZZZZac760cb00d0c','0001ZZZZcb9b81e6623e','68b5e7d1-5e0e-4845-9f36-9490ebcfcb1e','pk_org',null,null,'~',204,'','','','','','','','N',0,'N','N','N','N','N','N','Y','Y','refer','组织',20,'uap.org.name','pk_org','=@','等于@',16,'eedc0558-0694-454c-aadd-c902ac3a87e5','','uapbd/refer/org/BusinessUnitAndDeptTreeRef/index','业务单元及部门','N','','refpk',1,'','2020-05-20 15:32:57','N','Y',null,1);
            go
            insert into pub_query_property(pk_query_property,areaid,classid,code,containlower,creationtime,creator,datatype,dataval,defaultvalue,define1,define2,define3,define4,define5,disabled,dr,isbeyondorg,ischeck,isdefined,isfixedcondition,ismultiselectedenabled,isnotmeta,isquerycondition,isuse,itemtype,label,maxlength,metadataproperty,metapath,opersign,opersignname,position,proid,querytablename,refcode,refname,required,resid,returntype,showtype,tablecode,ts,usefunc,visible,visibleposition,width)
            values('0001ZZZZ0aacf0de84c3','0001ZZZZcb9b81e6623e','68b5e7d1-5e0e-4845-9f36-9490ebcfcb1e','pk_org_v',null,null,'~',204,'','','','','','','','N',0,'N','N','N','N','N','N','Y','Y','refer','组织版本',20,'uap.org_v.name','pk_org_v','=@','等于@',17,'8bf6abe0-d26c-489d-b0c1-11df6999c3b8','','uapbd/refer/orgv/BusinessUnitVersionDefaultAllTreeRef/index','业务单元版本(所有)','N','','refpk',1,'','2020-05-20 15:32:57','N','N',null,1);
            go
            insert into pub_query_property(pk_query_property,areaid,classid,code,containlower,creationtime,creator,datatype,dataval,defaultvalue,define1,define2,define3,define4,define5,disabled,dr,isbeyondorg,ischeck,isdefined,isfixedcondition,ismultiselectedenabled,isnotmeta,isquerycondition,isuse,itemtype,label,maxlength,metadataproperty,metapath,opersign,opersignname,position,proid,querytablename,refcode,refname,required,resid,returntype,showtype,tablecode,ts,usefunc,visible,visibleposition,width)
            values('0001ZZZZcdfd40060ed9','0001ZZZZcb9b81e6623e','68b5e7d1-5e0e-4845-9f36-9490ebcfcb1e','planname',null,null,'~',1,'','','','','','','','N',0,'N','N','N','N','N','N','Y','Y','input','计划名称',50,NULL,'planname','=@','等于@',3,'2e2e0ed8-c4d4-4834-a952-fd0432a0c395','','/common-ref/','-99','N','','refpk',1,'','2020-05-20 15:32:57','N','Y',null,1);
            go
            insert into pub_query_property(pk_query_property,areaid,classid,code,containlower,creationtime,creator,datatype,dataval,defaultvalue,define1,define2,define3,define4,define5,disabled,dr,isbeyondorg,ischeck,isdefined,isfixedcondition,ismultiselectedenabled,isnotmeta,isquerycondition,isuse,itemtype,label,maxlength,metadataproperty,metapath,opersign,opersignname,position,proid,querytablename,refcode,refname,required,resid,returntype,showtype,tablecode,ts,usefunc,visible,visibleposition,width)
            values('0001ZZZZa634d312641e','0001ZZZZcb9b81e6623e','68b5e7d1-5e0e-4845-9f36-9490ebcfcb1e','planduration',null,null,'~',1,'','','','','','','','N',0,'N','N','N','N','N','N','Y','Y','input','计划工期',50,NULL,'planduration','=@','等于@',8,'7e91af38-69d4-4cee-8539-9e8c9ca5a5b1','','/common-ref/','-99','N','','refpk',1,'','2020-05-20 15:32:57','N','Y',null,1);
            go
            insert into pub_query_property(pk_query_property,areaid,classid,code,containlower,creationtime,creator,datatype,dataval,defaultvalue,define1,define2,define3,define4,define5,disabled,dr,isbeyondorg,ischeck,isdefined,isfixedcondition,ismultiselectedenabled,isnotmeta,isquerycondition,isuse,itemtype,label,maxlength,metadataproperty,metapath,opersign,opersignname,position,proid,querytablename,refcode,refname,required,resid,returntype,showtype,tablecode,ts,usefunc,visible,visibleposition,width)
            values('0001ZZZZ265d33978791','0001ZZZZcb9b81e6623e','68b5e7d1-5e0e-4845-9f36-9490ebcfcb1e','projectstartdate',null,null,'~',33,'','','','','','','','N',0,'N','N','N','N','N','N','Y','Y','datepicker','计划开始日期',19,NULL,'projectstartdate','=@','等于@',6,'59b339b4-fd90-4fb7-b1ae-6f36b59a2e3a','','/common-ref/','-99','N','','refpk',1,'','2020-05-20 15:32:57','N','Y',null,1);
            go
            insert into pub_query_property(pk_query_property,areaid,classid,code,containlower,creationtime,creator,datatype,dataval,defaultvalue,define1,define2,define3,define4,define5,disabled,dr,isbeyondorg,ischeck,isdefined,isfixedcondition,ismultiselectedenabled,isnotmeta,isquerycondition,isuse,itemtype,label,maxlength,metadataproperty,metapath,opersign,opersignname,position,proid,querytablename,refcode,refname,required,resid,returntype,showtype,tablecode,ts,usefunc,visible,visibleposition,width)
            values('0001ZZZZ3c6d1d866ce8','0001ZZZZcb9b81e6623e','68b5e7d1-5e0e-4845-9f36-9490ebcfcb1e','projectdeaddate',null,null,'~',33,'','','','','','','','N',0,'N','N','N','N','N','N','Y','Y','datepicker','计划截止日期',19,NULL,'projectdeaddate','=@','等于@',7,'56102581-02e5-486d-bad0-e3a51a8d1f1b','','/common-ref/','-99','N','','refpk',1,'','2020-05-20 15:32:57','N','Y',null,1);
            go
            insert into pub_query_property(pk_query_property,areaid,classid,code,containlower,creationtime,creator,datatype,dataval,defaultvalue,define1,define2,define3,define4,define5,disabled,dr,isbeyondorg,ischeck,isdefined,isfixedcondition,ismultiselectedenabled,isnotmeta,isquerycondition,isuse,itemtype,label,maxlength,metadataproperty,metapath,opersign,opersignname,position,proid,querytablename,refcode,refname,required,resid,returntype,showtype,tablecode,ts,usefunc,visible,visibleposition,width)
            values('0001ZZZZ7fad148466d2','0001ZZZZcb9b81e6623e','68b5e7d1-5e0e-4845-9f36-9490ebcfcb1e','dutyperson',null,null,'~',204,'','','','','','','','N',0,'N','N','N','N','N','N','Y','Y','refer','责任人',20,NULL,'dutyperson','=@','等于@',12,'02c4d7c2-f083-4600-9202-329a50ab2814','','uapbd/refer/psninfo/PsndocRiartTreeGridRef/index','人员','N','','refpk',1,'','2020-05-20 15:32:57','N','Y',null,1);
            go
            insert into pub_query_property(pk_query_property,areaid,classid,code,containlower,creationtime,creator,datatype,dataval,defaultvalue,define1,define2,define3,define4,define5,disabled,dr,isbeyondorg,ischeck,isdefined,isfixedcondition,ismultiselectedenabled,isnotmeta,isquerycondition,isuse,itemtype,label,maxlength,metadataproperty,metapath,opersign,opersignname,position,proid,querytablename,refcode,refname,required,resid,returntype,showtype,tablecode,ts,usefunc,visible,visibleposition,width)
            values('0001ZZZZeedff9dfa76b','0001ZZZZcb9b81e6623e','68b5e7d1-5e0e-4845-9f36-9490ebcfcb1e','dutydept',null,null,'~',204,'','','','','','','','N',0,'N','N','N','N','N','N','Y','Y','refer','责任部门',20,'uap.dept.name','dutydept','=@','等于@',13,'62c50c22-350a-497b-a616-f381ae70be7b','','uapbd/refer/org/DeptTreeRef/index','部门','N','','refpk',1,'','2020-05-20 15:32:57','N','Y',null,1);
            go
            insert into pub_query_property(pk_query_property,areaid,classid,code,containlower,creationtime,creator,datatype,dataval,defaultvalue,define1,define2,define3,define4,define5,disabled,dr,isbeyondorg,ischeck,isdefined,isfixedcondition,ismultiselectedenabled,isnotmeta,isquerycondition,isuse,itemtype,label,maxlength,metadataproperty,metapath,opersign,opersignname,position,proid,querytablename,refcode,refname,required,resid,returntype,showtype,tablecode,ts,usefunc,visible,visibleposition,width)
            values('0001ZZZZ7e93a37e774b','0001ZZZZcb9b81e6623e','68b5e7d1-5e0e-4845-9f36-9490ebcfcb1e','milepost',null,null,'~',1,'','','','','','','','N',0,'N','N','N','N','N','N','Y','Y','input','里程碑',50,NULL,'milepost','=@','等于@',11,'27076a84-52b5-45a5-9e49-3e7c90fea33e','','/common-ref/','-99','N','','refpk',1,'','2020-05-20 15:32:57','N','Y',null,1);
            go
            insert into pub_query_property(pk_query_property,areaid,classid,code,containlower,creationtime,creator,datatype,dataval,defaultvalue,define1,define2,define3,define4,define5,disabled,dr,isbeyondorg,ischeck,isdefined,isfixedcondition,ismultiselectedenabled,isnotmeta,isquerycondition,isuse,itemtype,label,maxlength,metadataproperty,metapath,opersign,opersignname,position,proid,querytablename,refcode,refname,required,resid,returntype,showtype,tablecode,ts,usefunc,visible,visibleposition,width)
            values('0001ZZZZ926c92edd388','0001ZZZZcb9b81e6623e','68b5e7d1-5e0e-4845-9f36-9490ebcfcb1e','pk_group',null,null,'~',204,'','','','','','','','N',0,'N','N','N','N','N','N','Y','Y','refer','集团',20,'uap.group.name','pk_group','=@','等于@',15,'13fabd19-6660-4345-8518-466180a11e50','','uap/refer/riart/groupTreeRef/index','集团','N','','refpk',1,'','2020-05-20 15:32:57','N','Y',null,1);
            go
            insert into pub_query_property(pk_query_property,areaid,classid,code,containlower,creationtime,creator,datatype,dataval,defaultvalue,define1,define2,define3,define4,define5,disabled,dr,isbeyondorg,ischeck,isdefined,isfixedcondition,ismultiselectedenabled,isnotmeta,isquerycondition,isuse,itemtype,label,maxlength,metadataproperty,metapath,opersign,opersignname,position,proid,querytablename,refcode,refname,required,resid,returntype,showtype,tablecode,ts,usefunc,visible,visibleposition,width)
            values('0001ZZZZ724ad43d0808','0001ZZZZcb9b81e6623e','68b5e7d1-5e0e-4845-9f36-9490ebcfcb1e','projectname',null,null,'~',1,'','','','','','','','N',0,'N','N','N','N','N','N','Y','Y','input','项目名称',50,NULL,'projectname','=@','等于@',2,'503fedb2-ca12-43ee-a94c-5edfa9fcca78','','/common-ref/','-99','N','','refpk',1,'','2020-05-20 15:32:57','N','Y',null,1);
            go


        insert into pub_form_property(pk_form_property,areaid,classid,code,colnum,color,creationtime,creator,datatype,dataval,defaultvalue,defaultvar,define1,define2,define3,disabled,dr,editformula,hyperlinkflag,iscode,isdefined,ismultiselectedenabled,isnextrow,isrevise,istotal,itemtype,label,maxlength,metadataproperty,metaid,metapath,modifiedtime,modifier,position,proid,refcode,refname,relatemeta,required,resid,showformula,textrows,ts,validateformula,visible,width)
        values('0001ZZZZ22851cfa7001','0001ZZZZbd13accf0167','68b5e7d1-5e0e-4845-9f36-9490ebcfcb1e','pk_busitype',null,'#111111',null,'~',204, '', null,null,null,null,null,'N',0,null,'N','N','N',null,'N','N','N','refer',null,28,'uap.BusitypeVO.businame','7717f1a3-b777-454e-abb5-ef8705a0f0c2','pk_busitype',null,'~',21,'169060cd-ce6b-4793-ae5d-e63e288e05e5','uap/refer/riart/busitype/index','业务流程',null,'N','app_91H10545_00002',null,null,'2020-05-20 15:32:57',null,'Y',null);
        go

        insert into pub_form_property(pk_form_property,areaid,classid,code,colnum,color,creationtime,creator,datatype,dataval,defaultvalue,defaultvar,define1,define2,define3,disabled,dr,editformula,hyperlinkflag,iscode,isdefined,ismultiselectedenabled,isnextrow,isrevise,istotal,itemtype,label,maxlength,metadataproperty,metaid,metapath,modifiedtime,modifier,position,proid,refcode,refname,relatemeta,required,resid,showformula,textrows,ts,validateformula,visible,width)
        values('0001ZZZZ22851cfa7002','0001ZZZZbd13accf0167','68b5e7d1-5e0e-4845-9f36-9490ebcfcb1e','pk_transtype',null,'#111111',null,'~',204, '', null,null,null,null,null,'N',0,null,'N','N','N',null,'N','N','N','refer',null,28,'uap.BilltypeVO.billtypename','b0fa41cd-a649-4309-b685-d341a5d1b0ed','pk_transtype',null,'~',25,'cba9a690-3aab-41c8-8f34-4de16cee7d4a','uap/refer/riart/transtype/index','影响因素交 易类型',null,'N','app_91H10545_00003',null,null,'2020-05-20 15:32:57',null,'Y',null);
        go

        insert into pub_form_property(pk_form_property,areaid,classid,code,colnum,color,creationtime,creator,datatype,dataval,defaultvalue,defaultvar,define1,define2,define3,disabled,dr,editformula,hyperlinkflag,iscode,isdefined,ismultiselectedenabled,isnextrow,isrevise,istotal,itemtype,label,maxlength,metadataproperty,metaid,metapath,modifiedtime,modifier,position,proid,refcode,refname,relatemeta,required,resid,showformula,textrows,ts,validateformula,visible,width)
        values('0001ZZZZ22851cfa7003','0001ZZZZbd13accf0167','68b5e7d1-5e0e-4845-9f36-9490ebcfcb1e','transtypecode',null,'#111111',null,'~',1, null, null,null,null,null,null,'N',0,null,'N','N','N',null,'N','N','N','input',null,28,NULL,'','transtypecode',null,'~',24,'2c72b5b4-26d8-419e-b935-005231b5af1c','/common-ref/','-99',null,'N','app_91H10545_00004',null,null,'2020-05-20 15:32:57',null,'Y',null);
        go

        insert into pub_form_property(pk_form_property,areaid,classid,code,colnum,color,creationtime,creator,datatype,dataval,defaultvalue,defaultvar,define1,define2,define3,disabled,dr,editformula,hyperlinkflag,iscode,isdefined,ismultiselectedenabled,isnextrow,isrevise,istotal,itemtype,label,maxlength,metadataproperty,metaid,metapath,modifiedtime,modifier,position,proid,refcode,refname,relatemeta,required,resid,showformula,textrows,ts,validateformula,visible,width)
        values('0001ZZZZ22851cfa7004','0001ZZZZbd13accf0167','68b5e7d1-5e0e-4845-9f36-9490ebcfcb1e','missionname',null,'#111111',null,'~',1, null, null,null,null,null,null,'N',0,null,'N','N','N',null,'N','N','N','input',null,28,NULL,'','missionname',null,'~',5,'6b15e9e5-4e8f-44ae-9a35-8f56dd116ee9','/common-ref/','-99',null,'N','app_91H10545_00005',null,null,'2020-05-20 15:32:57',null,'Y',null);
        go

        insert into pub_form_property(pk_form_property,areaid,classid,code,colnum,color,creationtime,creator,datatype,dataval,defaultvalue,defaultvar,define1,define2,define3,disabled,dr,editformula,hyperlinkflag,iscode,isdefined,ismultiselectedenabled,isnextrow,isrevise,istotal,itemtype,label,maxlength,metadataproperty,metaid,metapath,modifiedtime,modifier,position,proid,refcode,refname,relatemeta,required,resid,showformula,textrows,ts,validateformula,visible,width)
        values('0001ZZZZ22851cfa7005','0001ZZZZbd13accf0167','68b5e7d1-5e0e-4845-9f36-9490ebcfcb1e','missiondetail',null,'#111111',null,'~',1, null, null,null,null,null,null,'N',0,null,'N','N','N',null,'N','N','N','input',null,28,NULL,'','missiondetail',null,'~',9,'b822de6b-a0d5-4224-8b1f-1681258f3528','/common-ref/','-99',null,'N','app_91H10545_00006',null,null,'2020-05-20 15:32:57',null,'Y',null);
        go

        insert into pub_form_property(pk_form_property,areaid,classid,code,colnum,color,creationtime,creator,datatype,dataval,defaultvalue,defaultvar,define1,define2,define3,disabled,dr,editformula,hyperlinkflag,iscode,isdefined,ismultiselectedenabled,isnextrow,isrevise,istotal,itemtype,label,maxlength,metadataproperty,metaid,metapath,modifiedtime,modifier,position,proid,refcode,refname,relatemeta,required,resid,showformula,textrows,ts,validateformula,visible,width)
        values('0001ZZZZ22851cfa7006','0001ZZZZbd13accf0167','68b5e7d1-5e0e-4845-9f36-9490ebcfcb1e','missioncode',null,'#111111',null,'~',1, null, null,null,null,null,null,'N',0,null,'N','N','N',null,'N','N','N','input',null,28,NULL,'','missioncode',null,'~',4,'71c2d0b5-685d-4587-be3e-263e277892ee','/common-ref/','-99',null,'N','app_91H10545_00007',null,null,'2020-05-20 15:32:57',null,'Y',null);
        go

        insert into pub_form_property(pk_form_property,areaid,classid,code,colnum,color,creationtime,creator,datatype,dataval,defaultvalue,defaultvar,define1,define2,define3,disabled,dr,editformula,hyperlinkflag,iscode,isdefined,ismultiselectedenabled,isnextrow,isrevise,istotal,itemtype,label,maxlength,metadataproperty,metaid,metapath,modifiedtime,modifier,position,proid,refcode,refname,relatemeta,required,resid,showformula,textrows,ts,validateformula,visible,width)
        values('0001ZZZZ22851cfa7007','0001ZZZZbd13accf0167','68b5e7d1-5e0e-4845-9f36-9490ebcfcb1e','modifier',null,'#111111',null,'~',204, '', null,null,null,null,null,'N',0,null,'N','N','N',null,'N','N','N','refer',null,28,'uap.user.user_name','f6f9a473-56c0-432f-8bc7-fbf8fde54fee','modifier',null,'~',30,'ecbb8092-d01f-4c06-8564-6fdccd847e97','uap/refer/riart/userDefaultRefer/index','用户',null,'N','app_91H10545_00008',null,null,'2020-05-20 15:32:57',null,'Y',null);
        go

        insert into pub_form_property(pk_form_property,areaid,classid,code,colnum,color,creationtime,creator,datatype,dataval,defaultvalue,defaultvar,define1,define2,define3,disabled,dr,editformula,hyperlinkflag,iscode,isdefined,ismultiselectedenabled,isnextrow,isrevise,istotal,itemtype,label,maxlength,metadataproperty,metaid,metapath,modifiedtime,modifier,position,proid,refcode,refname,relatemeta,required,resid,showformula,textrows,ts,validateformula,visible,width)
        values('0001ZZZZ22851cfa7008','0001ZZZZbd13accf0167','68b5e7d1-5e0e-4845-9f36-9490ebcfcb1e','modifiedtime',null,'#111111',null,'~',34, null, null,null,null,null,null,'N',0,null,'N','N','N',null,'N','N','N','datetimepicker',null,28,NULL,'','modifiedtime',null,'~',31,'2851c85d-6a9a-419e-b3e3-5674e63ce2bb','/common-ref/','-99',null,'N','app_91H10545_00009',null,null,'2020-05-20 15:32:57',null,'Y',null);
        go

        insert into pub_form_property(pk_form_property,areaid,classid,code,colnum,color,creationtime,creator,datatype,dataval,defaultvalue,defaultvar,define1,define2,define3,disabled,dr,editformula,hyperlinkflag,iscode,isdefined,ismultiselectedenabled,isnextrow,isrevise,istotal,itemtype,label,maxlength,metadataproperty,metaid,metapath,modifiedtime,modifier,position,proid,refcode,refname,relatemeta,required,resid,showformula,textrows,ts,validateformula,visible,width)
        values('0001ZZZZ22851cfa7009','0001ZZZZbd13accf0167','68b5e7d1-5e0e-4845-9f36-9490ebcfcb1e','creator',null,'#111111',null,'~',204, '', null,null,null,null,null,'N',0,null,'N','N','N',null,'N','N','N','refer',null,28,'uap.user.user_name','f6f9a473-56c0-432f-8bc7-fbf8fde54fee','creator',null,'~',28,'39a0d718-dd01-423f-8697-90c0d9147f8f','uap/refer/riart/userDefaultRefer/index','用户',null,'N','app_91H10545_00010',null,null,'2020-05-20 15:32:57',null,'Y',null);
        go

        insert into pub_form_property(pk_form_property,areaid,classid,code,colnum,color,creationtime,creator,datatype,dataval,defaultvalue,defaultvar,define1,define2,define3,disabled,dr,editformula,hyperlinkflag,iscode,isdefined,ismultiselectedenabled,isnextrow,isrevise,istotal,itemtype,label,maxlength,metadataproperty,metaid,metapath,modifiedtime,modifier,position,proid,refcode,refname,relatemeta,required,resid,showformula,textrows,ts,validateformula,visible,width)
        values('0001ZZZZ22851cfa7010','0001ZZZZbd13accf0167','68b5e7d1-5e0e-4845-9f36-9490ebcfcb1e','creationtime',null,'#111111',null,'~',34, null, null,null,null,null,null,'N',0,null,'N','N','N',null,'N','N','N','datetimepicker',null,28,NULL,'','creationtime',null,'~',29,'9a455c9c-7905-4bef-ba37-cd1f6ef074b7','/common-ref/','-99',null,'N','app_91H10545_00011',null,null,'2020-05-20 15:32:57',null,'Y',null);
        go

        insert into pub_form_property(pk_form_property,areaid,classid,code,colnum,color,creationtime,creator,datatype,dataval,defaultvalue,defaultvar,define1,define2,define3,disabled,dr,editformula,hyperlinkflag,iscode,isdefined,ismultiselectedenabled,isnextrow,isrevise,istotal,itemtype,label,maxlength,metadataproperty,metaid,metapath,modifiedtime,modifier,position,proid,refcode,refname,relatemeta,required,resid,showformula,textrows,ts,validateformula,visible,width)
        values('0001ZZZZ22851cfa7011','0001ZZZZbd13accf0167','68b5e7d1-5e0e-4845-9f36-9490ebcfcb1e','billmaker',null,'#111111',null,'~',204, '', null,null,null,null,null,'N',0,null,'N','N','N',null,'N','N','N','refer',null,28,'uap.user.user_name','f6f9a473-56c0-432f-8bc7-fbf8fde54fee','billmaker',null,'~',26,'381202eb-4772-4521-8291-2343e122b9af','uap/refer/riart/userDefaultRefer/index','用户',null,'N','app_91H10545_00012',null,null,'2020-05-20 15:32:57',null,'Y',null);
        go

        insert into pub_form_property(pk_form_property,areaid,classid,code,colnum,color,creationtime,creator,datatype,dataval,defaultvalue,defaultvar,define1,define2,define3,disabled,dr,editformula,hyperlinkflag,iscode,isdefined,ismultiselectedenabled,isnextrow,isrevise,istotal,itemtype,label,maxlength,metadataproperty,metaid,metapath,modifiedtime,modifier,position,proid,refcode,refname,relatemeta,required,resid,showformula,textrows,ts,validateformula,visible,width)
        values('0001ZZZZ22851cfa7012','0001ZZZZbd13accf0167','68b5e7d1-5e0e-4845-9f36-9490ebcfcb1e','maketime',null,'#111111',null,'~',33, null, null,null,null,null,null,'N',0,null,'N','N','N',null,'N','N','N','datepicker',null,28,NULL,'','maketime',null,'~',27,'99e9ed61-9840-49af-aec9-e2948f605e3f','/common-ref/','-99',null,'N','app_91H10545_00013',null,null,'2020-05-20 15:32:57',null,'Y',null);
        go

        insert into pub_form_property(pk_form_property,areaid,classid,code,colnum,color,creationtime,creator,datatype,dataval,defaultvalue,defaultvar,define1,define2,define3,disabled,dr,editformula,hyperlinkflag,iscode,isdefined,ismultiselectedenabled,isnextrow,isrevise,istotal,itemtype,label,maxlength,metadataproperty,metaid,metapath,modifiedtime,modifier,position,proid,refcode,refname,relatemeta,required,resid,showformula,textrows,ts,validateformula,visible,width)
        values('0001ZZZZ22851cfa7013','0001ZZZZbd13accf0167','68b5e7d1-5e0e-4845-9f36-9490ebcfcb1e','advanceplan',null,'#111111',null,'~',1, null, null,null,null,null,null,'N',0,null,'N','N','N',null,'N','N','N','input',null,28,NULL,'','advanceplan',null,'~',10,'632f51a7-e87b-4e30-bd93-1c56e71803aa','/common-ref/','-99',null,'N','app_91H10545_00014',null,null,'2020-05-20 15:32:57',null,'Y',null);
        go

        insert into pub_form_property(pk_form_property,areaid,classid,code,colnum,color,creationtime,creator,datatype,dataval,defaultvalue,defaultvar,define1,define2,define3,disabled,dr,editformula,hyperlinkflag,iscode,isdefined,ismultiselectedenabled,isnextrow,isrevise,istotal,itemtype,label,maxlength,metadataproperty,metaid,metapath,modifiedtime,modifier,position,proid,refcode,refname,relatemeta,required,resid,showformula,textrows,ts,validateformula,visible,width)
        values('0001ZZZZ22851cfa7014','0001ZZZZbd13accf0167','68b5e7d1-5e0e-4845-9f36-9490ebcfcb1e','billno',null,'#111111',null,'~',1, null, null,null,null,null,null,'Y',0,null,'N','N','N',null,'N','N','N','input',null,28,NULL,'','billno',null,'~',20,'09ee7fad-1ae0-4272-afb0-bffded8c86f3','/common-ref/','-99',null,'N','app_91H10545_00015',null,null,'2020-05-20 15:32:57',null,'Y',null);
        go

        insert into pub_form_property(pk_form_property,areaid,classid,code,colnum,color,creationtime,creator,datatype,dataval,defaultvalue,defaultvar,define1,define2,define3,disabled,dr,editformula,hyperlinkflag,iscode,isdefined,ismultiselectedenabled,isnextrow,isrevise,istotal,itemtype,label,maxlength,metadataproperty,metaid,metapath,modifiedtime,modifier,position,proid,refcode,refname,relatemeta,required,resid,showformula,textrows,ts,validateformula,visible,width)
        values('0001ZZZZ22851cfa7015','0001ZZZZbd13accf0167','68b5e7d1-5e0e-4845-9f36-9490ebcfcb1e','dbilldate',null,'#111111',null,'~',33, null, null,null,null,null,null,'N',0,null,'N','N','N',null,'N','N','N','datepicker',null,28,NULL,'','dbilldate',null,'~',18,'c42e634a-c355-4fe4-826a-3cc1f93afda8','/common-ref/','-99',null,'N','app_91H10545_00016',null,null,'2020-05-20 15:32:57',null,'Y',null);
        go

        insert into pub_form_property(pk_form_property,areaid,classid,code,colnum,color,creationtime,creator,datatype,dataval,defaultvalue,defaultvar,define1,define2,define3,disabled,dr,editformula,hyperlinkflag,iscode,isdefined,ismultiselectedenabled,isnextrow,isrevise,istotal,itemtype,label,maxlength,metadataproperty,metaid,metapath,modifiedtime,modifier,position,proid,refcode,refname,relatemeta,required,resid,showformula,textrows,ts,validateformula,visible,width)
        values('0001ZZZZ22851cfa7016','0001ZZZZbd13accf0167','68b5e7d1-5e0e-4845-9f36-9490ebcfcb1e','billstatus',null,'#111111',null,'~',203, '自由=-1,审批未通过=0,审批通过=1,审批进行中=2,提交=3','-1',null,null,null,null,'N',0,null,'N','N','N',null,'N','N','N','select',null,28,NULL,'','billstatus',null,'~',19,'e8cd76d1-17e4-4c05-ae4c-ee1f43507052','/common-ref/','-99',null,'N','app_91H10545_00017',null,null,'2020-05-20 15:32:57',null,'Y',null);
        go

        insert into pub_form_property(pk_form_property,areaid,classid,code,colnum,color,creationtime,creator,datatype,dataval,defaultvalue,defaultvar,define1,define2,define3,disabled,dr,editformula,hyperlinkflag,iscode,isdefined,ismultiselectedenabled,isnextrow,isrevise,istotal,itemtype,label,maxlength,metadataproperty,metaid,metapath,modifiedtime,modifier,position,proid,refcode,refname,relatemeta,required,resid,showformula,textrows,ts,validateformula,visible,width)
        values('0001ZZZZ22851cfa7017','0001ZZZZbd13accf0167','68b5e7d1-5e0e-4845-9f36-9490ebcfcb1e','pk_billtypeid',null,'#111111',null,'~',204, '', null,null,null,null,null,'N',0,null,'N','N','N',null,'N','N','N','refer',null,28,'uap.BilltypeVO.billtypename','b0fa41cd-a649-4309-b685-d341a5d1b0ed','pk_billtypeid',null,'~',22,'b2db41b7-253b-4b9b-b8f7-679c998890f1','uap/refer/riart/billtype/index','影响因素单据类型',null,'N','app_91H10545_00018',null,null,'2020-05-20 15:32:57',null,'Y',null);
        go

        insert into pub_form_property(pk_form_property,areaid,classid,code,colnum,color,creationtime,creator,datatype,dataval,defaultvalue,defaultvar,define1,define2,define3,disabled,dr,editformula,hyperlinkflag,iscode,isdefined,ismultiselectedenabled,isnextrow,isrevise,istotal,itemtype,label,maxlength,metadataproperty,metaid,metapath,modifiedtime,modifier,position,proid,refcode,refname,relatemeta,required,resid,showformula,textrows,ts,validateformula,visible,width)
        values('0001ZZZZ22851cfa7018','0001ZZZZbd13accf0167','68b5e7d1-5e0e-4845-9f36-9490ebcfcb1e','billtype',null,'#111111',null,'~',1, null, null,null,null,null,null,'N',0,null,'N','N','N',null,'N','N','N','input',null,28,NULL,'','billtype',null,'~',23,'8820bd50-f644-4b5b-a245-fac446f0d344','/common-ref/','-99',null,'N','app_91H10545_00019',null,null,'2020-05-20 15:32:57',null,'Y',null);
        go

        insert into pub_form_property(pk_form_property,areaid,classid,code,colnum,color,creationtime,creator,datatype,dataval,defaultvalue,defaultvar,define1,define2,define3,disabled,dr,editformula,hyperlinkflag,iscode,isdefined,ismultiselectedenabled,isnextrow,isrevise,istotal,itemtype,label,maxlength,metadataproperty,metaid,metapath,modifiedtime,modifier,position,proid,refcode,refname,relatemeta,required,resid,showformula,textrows,ts,validateformula,visible,width)
        values('0001ZZZZ22851cfa7020','0001ZZZZbd13accf0167','68b5e7d1-5e0e-4845-9f36-9490ebcfcb1e','approver',null,'#111111',null,'~',204, '', null,null,null,null,null,'N',0,null,'N','N','N',null,'N','N','N','refer',null,28,'uap.user.user_name','f6f9a473-56c0-432f-8bc7-fbf8fde54fee','approver',null,'~',32,'04d76d0a-30f8-40bb-b397-326a69123896','uap/refer/riart/userDefaultRefer/index','用户',null,'N','app_91H10545_00021',null,null,'2020-05-20 15:32:57',null,'Y',null);
        go

        insert into pub_form_property(pk_form_property,areaid,classid,code,colnum,color,creationtime,creator,datatype,dataval,defaultvalue,defaultvar,define1,define2,define3,disabled,dr,editformula,hyperlinkflag,iscode,isdefined,ismultiselectedenabled,isnextrow,isrevise,istotal,itemtype,label,maxlength,metadataproperty,metaid,metapath,modifiedtime,modifier,position,proid,refcode,refname,relatemeta,required,resid,showformula,textrows,ts,validateformula,visible,width)
        values('0001ZZZZ22851cfa7021','0001ZZZZbd13accf0167','68b5e7d1-5e0e-4845-9f36-9490ebcfcb1e','approvenote',null,'#111111',null,'~',1, null, null,null,null,null,null,'N',0,null,'N','N','N',null,'N','N','N','input',null,28,NULL,'','approvenote',null,'~',34,'0a93caca-7804-47c8-abda-9ae1c1b30e08','/common-ref/','-99',null,'N','app_91H10545_00022',null,null,'2020-05-20 15:32:57',null,'Y',null);
        go

        insert into pub_form_property(pk_form_property,areaid,classid,code,colnum,color,creationtime,creator,datatype,dataval,defaultvalue,defaultvar,define1,define2,define3,disabled,dr,editformula,hyperlinkflag,iscode,isdefined,ismultiselectedenabled,isnextrow,isrevise,istotal,itemtype,label,maxlength,metadataproperty,metaid,metapath,modifiedtime,modifier,position,proid,refcode,refname,relatemeta,required,resid,showformula,textrows,ts,validateformula,visible,width)
        values('0001ZZZZ22851cfa7022','0001ZZZZbd13accf0167','68b5e7d1-5e0e-4845-9f36-9490ebcfcb1e','approvedate',null,'#111111',null,'~',34, null, null,null,null,null,null,'N',0,null,'N','N','N',null,'N','N','N','datetimepicker',null,28,NULL,'','approvedate',null,'~',14,'0e8683a6-1365-4db1-bc92-80b456f4e709','/common-ref/','-99',null,'N','app_91H10545_00023',null,null,'2020-05-20 15:32:57',null,'Y',null);
        go

        insert into pub_form_property(pk_form_property,areaid,classid,code,colnum,color,creationtime,creator,datatype,dataval,defaultvalue,defaultvar,define1,define2,define3,disabled,dr,editformula,hyperlinkflag,iscode,isdefined,ismultiselectedenabled,isnextrow,isrevise,istotal,itemtype,label,maxlength,metadataproperty,metaid,metapath,modifiedtime,modifier,position,proid,refcode,refname,relatemeta,required,resid,showformula,textrows,ts,validateformula,visible,width)
        values('0001ZZZZ22851cfa7023','0001ZZZZbd13accf0167','68b5e7d1-5e0e-4845-9f36-9490ebcfcb1e','approvestatus',null,'#111111',null,'~',203, '自由=-1,审批未通过=0,审批通过=1,审批进行中=2,提交=3', null,null,null,null,null,'N',0,null,'N','N','N',null,'N','N','N','select',null,28,NULL,'','approvestatus',null,'~',33,'4cd883bc-579b-4fdf-81e1-73633cd8fa24','/common-ref/','-99',null,'N','app_91H10545_00024',null,null,'2020-05-20 15:32:57',null,'Y',null);
        go

        insert into pub_form_property(pk_form_property,areaid,classid,code,colnum,color,creationtime,creator,datatype,dataval,defaultvalue,defaultvar,define1,define2,define3,disabled,dr,editformula,hyperlinkflag,iscode,isdefined,ismultiselectedenabled,isnextrow,isrevise,istotal,itemtype,label,maxlength,metadataproperty,metaid,metapath,modifiedtime,modifier,position,proid,refcode,refname,relatemeta,required,resid,showformula,textrows,ts,validateformula,visible,width)
        values('0001ZZZZ22851cfa7037','0001ZZZZbd13accf0167','68b5e7d1-5e0e-4845-9f36-9490ebcfcb1e','pk_org',null,'#111111',null,'~',204, '', null,null,null,null,null,'N',0,null,'N','N','N',null,'N','N','N','refer',null,28,'uap.org.name','985be8a4-3a36-4778-8afe-2d8ed3902659','pk_org',null,'~',16,'c544da4b-62de-4b11-8c50-537a19452599','uapbd/refer/org/BusinessUnitAndDeptTreeRef/index','业务单元及部门',null,'N','app_91H10545_00038',null,null,'2020-05-20 15:32:57',null,'Y',null);
        go

        insert into pub_form_property(pk_form_property,areaid,classid,code,colnum,color,creationtime,creator,datatype,dataval,defaultvalue,defaultvar,define1,define2,define3,disabled,dr,editformula,hyperlinkflag,iscode,isdefined,ismultiselectedenabled,isnextrow,isrevise,istotal,itemtype,label,maxlength,metadataproperty,metaid,metapath,modifiedtime,modifier,position,proid,refcode,refname,relatemeta,required,resid,showformula,textrows,ts,validateformula,visible,width)
        values('0001ZZZZ22851cfa7038','0001ZZZZbd13accf0167','68b5e7d1-5e0e-4845-9f36-9490ebcfcb1e','pk_org_v',null,'#111111',null,'~',204, '', null,null,null,null,null,'N',0,null,'N','N','N',null,'N','N','N','refer',null,28,'uap.org_v.name','da7bba89-9a59-42d6-a262-c13ef459dbd9','pk_org_v',null,'~',17,'5958cb3f-04ff-4860-bc1d-e2496e3208a7','uapbd/refer/orgv/BusinessUnitVersionDefaultAllTreeRef/index','业务单元版本(所有)',null,'N','app_91H10545_00039',null,null,'2020-05-20 15:32:57',null,'N',null);
        go

        insert into pub_form_property(pk_form_property,areaid,classid,code,colnum,color,creationtime,creator,datatype,dataval,defaultvalue,defaultvar,define1,define2,define3,disabled,dr,editformula,hyperlinkflag,iscode,isdefined,ismultiselectedenabled,isnextrow,isrevise,istotal,itemtype,label,maxlength,metadataproperty,metaid,metapath,modifiedtime,modifier,position,proid,refcode,refname,relatemeta,required,resid,showformula,textrows,ts,validateformula,visible,width)
        values('0001ZZZZ22851cfa7089','0001ZZZZbd13accf0167','68b5e7d1-5e0e-4845-9f36-9490ebcfcb1e','planname',null,'#111111',null,'~',1, null, null,null,null,null,null,'N',0,null,'N','N','N',null,'N','N','N','input',null,28,NULL,'','planname',null,'~',3,'439c979b-950e-47aa-b867-d7e80366cc7d','/common-ref/','-99',null,'N','app_91H10545_00090',null,null,'2020-05-20 15:32:57',null,'Y',null);
        go

        insert into pub_form_property(pk_form_property,areaid,classid,code,colnum,color,creationtime,creator,datatype,dataval,defaultvalue,defaultvar,define1,define2,define3,disabled,dr,editformula,hyperlinkflag,iscode,isdefined,ismultiselectedenabled,isnextrow,isrevise,istotal,itemtype,label,maxlength,metadataproperty,metaid,metapath,modifiedtime,modifier,position,proid,refcode,refname,relatemeta,required,resid,showformula,textrows,ts,validateformula,visible,width)
        values('0001ZZZZ22851cfa7090','0001ZZZZbd13accf0167','68b5e7d1-5e0e-4845-9f36-9490ebcfcb1e','planduration',null,'#111111',null,'~',1, null, null,null,null,null,null,'N',0,null,'N','N','N',null,'N','N','N','input',null,28,NULL,'','planduration',null,'~',8,'ca9f9965-f088-4678-a360-a2257b2f4f0c','/common-ref/','-99',null,'N','app_91H10545_00091',null,null,'2020-05-20 15:32:57',null,'Y',null);
        go

        insert into pub_form_property(pk_form_property,areaid,classid,code,colnum,color,creationtime,creator,datatype,dataval,defaultvalue,defaultvar,define1,define2,define3,disabled,dr,editformula,hyperlinkflag,iscode,isdefined,ismultiselectedenabled,isnextrow,isrevise,istotal,itemtype,label,maxlength,metadataproperty,metaid,metapath,modifiedtime,modifier,position,proid,refcode,refname,relatemeta,required,resid,showformula,textrows,ts,validateformula,visible,width)
        values('0001ZZZZ22851cfa7091','0001ZZZZbd13accf0167','68b5e7d1-5e0e-4845-9f36-9490ebcfcb1e','projectstartdate',null,'#111111',null,'~',33, null, null,null,null,null,null,'N',0,null,'N','N','N',null,'N','N','N','datepicker',null,28,NULL,'','projectstartdate',null,'~',6,'db1c47d4-1190-4c35-befa-0044857b1d0c','/common-ref/','-99',null,'N','app_91H10545_00092',null,null,'2020-05-20 15:32:57',null,'Y',null);
        go

        insert into pub_form_property(pk_form_property,areaid,classid,code,colnum,color,creationtime,creator,datatype,dataval,defaultvalue,defaultvar,define1,define2,define3,disabled,dr,editformula,hyperlinkflag,iscode,isdefined,ismultiselectedenabled,isnextrow,isrevise,istotal,itemtype,label,maxlength,metadataproperty,metaid,metapath,modifiedtime,modifier,position,proid,refcode,refname,relatemeta,required,resid,showformula,textrows,ts,validateformula,visible,width)
        values('0001ZZZZ22851cfa7092','0001ZZZZbd13accf0167','68b5e7d1-5e0e-4845-9f36-9490ebcfcb1e','projectdeaddate',null,'#111111',null,'~',33, null, null,null,null,null,null,'N',0,null,'N','N','N',null,'N','N','N','datepicker',null,28,NULL,'','projectdeaddate',null,'~',7,'c5211e9b-9463-4092-823b-ac54a73e2974','/common-ref/','-99',null,'N','app_91H10545_00093',null,null,'2020-05-20 15:32:57',null,'Y',null);
        go

        insert into pub_form_property(pk_form_property,areaid,classid,code,colnum,color,creationtime,creator,datatype,dataval,defaultvalue,defaultvar,define1,define2,define3,disabled,dr,editformula,hyperlinkflag,iscode,isdefined,ismultiselectedenabled,isnextrow,isrevise,istotal,itemtype,label,maxlength,metadataproperty,metaid,metapath,modifiedtime,modifier,position,proid,refcode,refname,relatemeta,required,resid,showformula,textrows,ts,validateformula,visible,width)
        values('0001ZZZZ22851cfa7093','0001ZZZZbd13accf0167','68b5e7d1-5e0e-4845-9f36-9490ebcfcb1e','dutyperson',null,'#111111',null,'~',204, '', null,null,null,null,null,'N',0,null,'N','N','N',null,'N','N','N','refer',null,28,NULL,'40d39c26-a2b6-4f16-a018-45664cac1a1f','dutyperson',null,'~',12,'86c8af50-f856-4677-ac3b-7394c47e09e4','uapbd/refer/psninfo/PsndocRiartTreeGridRef/index','人员',null,'N','app_91H10545_00094',null,null,'2020-05-20 15:32:57',null,'Y',null);
        go

        insert into pub_form_property(pk_form_property,areaid,classid,code,colnum,color,creationtime,creator,datatype,dataval,defaultvalue,defaultvar,define1,define2,define3,disabled,dr,editformula,hyperlinkflag,iscode,isdefined,ismultiselectedenabled,isnextrow,isrevise,istotal,itemtype,label,maxlength,metadataproperty,metaid,metapath,modifiedtime,modifier,position,proid,refcode,refname,relatemeta,required,resid,showformula,textrows,ts,validateformula,visible,width)
        values('0001ZZZZ22851cfa7094','0001ZZZZbd13accf0167','68b5e7d1-5e0e-4845-9f36-9490ebcfcb1e','dutydept',null,'#111111',null,'~',204, '', null,null,null,null,null,'N',0,null,'N','N','N',null,'N','N','N','refer',null,28,'uap.dept.name','b26fa3cb-4087-4027-a3b6-c83ab2a086a9','dutydept',null,'~',13,'e7273b33-f908-45bb-8bea-331c3ea794d7','uapbd/refer/org/DeptTreeRef/index','部门',null,'N','app_91H10545_00095',null,null,'2020-05-20 15:32:57',null,'Y',null);
        go

        insert into pub_form_property(pk_form_property,areaid,classid,code,colnum,color,creationtime,creator,datatype,dataval,defaultvalue,defaultvar,define1,define2,define3,disabled,dr,editformula,hyperlinkflag,iscode,isdefined,ismultiselectedenabled,isnextrow,isrevise,istotal,itemtype,label,maxlength,metadataproperty,metaid,metapath,modifiedtime,modifier,position,proid,refcode,refname,relatemeta,required,resid,showformula,textrows,ts,validateformula,visible,width)
        values('0001ZZZZ22851cfa7095','0001ZZZZbd13accf0167','68b5e7d1-5e0e-4845-9f36-9490ebcfcb1e','milepost',null,'#111111',null,'~',1, null, null,null,null,null,null,'N',0,null,'N','N','N',null,'N','N','N','input',null,28,NULL,'','milepost',null,'~',11,'3927ece8-fc53-4751-8d7f-15828ee45f32','/common-ref/','-99',null,'N','app_91H10545_00096',null,null,'2020-05-20 15:32:57',null,'Y',null);
        go

        insert into pub_form_property(pk_form_property,areaid,classid,code,colnum,color,creationtime,creator,datatype,dataval,defaultvalue,defaultvar,define1,define2,define3,disabled,dr,editformula,hyperlinkflag,iscode,isdefined,ismultiselectedenabled,isnextrow,isrevise,istotal,itemtype,label,maxlength,metadataproperty,metaid,metapath,modifiedtime,modifier,position,proid,refcode,refname,relatemeta,required,resid,showformula,textrows,ts,validateformula,visible,width)
        values('0001ZZZZ22851cfa7096','0001ZZZZbd13accf0167','68b5e7d1-5e0e-4845-9f36-9490ebcfcb1e','pk_group',null,'#111111',null,'~',204, '', null,null,null,null,null,'N',0,null,'N','N','N',null,'N','N','N','refer',null,28,'uap.group.name','3b6dd171-2900-47f3-bfbe-41e4483a2a65','pk_group',null,'~',15,'34fa6e05-db53-42e6-a143-913af948330a','uap/refer/riart/groupTreeRef/index','集团',null,'N','app_91H10545_00097',null,null,'2020-05-20 15:32:57',null,'Y',null);
        go

        insert into pub_form_property(pk_form_property,areaid,classid,code,colnum,color,creationtime,creator,datatype,dataval,defaultvalue,defaultvar,define1,define2,define3,disabled,dr,editformula,hyperlinkflag,iscode,isdefined,ismultiselectedenabled,isnextrow,isrevise,istotal,itemtype,label,maxlength,metadataproperty,metaid,metapath,modifiedtime,modifier,position,proid,refcode,refname,relatemeta,required,resid,showformula,textrows,ts,validateformula,visible,width)
        values('0001ZZZZ22851cfa7097','0001ZZZZbd13accf0167','68b5e7d1-5e0e-4845-9f36-9490ebcfcb1e','projectname',null,'#111111',null,'~',1, null, null,null,null,null,null,'N',0,null,'N','N','N',null,'N','N','N','input',null,28,NULL,'','projectname',null,'~',2,'665871f4-21bd-4f29-878e-ffd9efedd1e4','/common-ref/','-99',null,'N','app_91H10545_00098',null,null,'2020-05-20 15:32:57',null,'Y',null);
        go








            insert into pub_form_property(pk_form_property,areaid,classid,code,colnum,color,creationtime,creator,datatype,dataval,defaultvalue,defaultvar,define1,define2,define3,disabled,dr,editformula,hyperlinkflag,iscode,isdefined,ismultiselectedenabled,isnextrow,isrevise,istotal,itemtype,label,maxlength,metadataproperty,metaid,metapath,modifiedtime,modifier,position,proid,refcode,refname,relatemeta,required,resid,showformula,textrows,ts,validateformula,visible,width)
            values('0001ZZZZecb1538d0001','0001ZZZZ3d096d9b934f','68b5e7d1-5e0e-4845-9f36-9490ebcfcb1e','pk_busitype','1','#111111',null,'~',204,'' , null,null,null,null,null,'N',0,null,'N','N','N',null,'N','N','N','refer',null,28,'uap.BusitypeVO.businame','','pk_busitype',null,'~',21,'40545a0a-193f-4724-82d5-90a509c6f91d','uap/refer/riart/busitype/index','业务流程',null,'N','app_91H10545_00002',null,null,'2020-05-20 15:32:57',null,'Y',null);
            go
            insert into pub_form_property(pk_form_property,areaid,classid,code,colnum,color,creationtime,creator,datatype,dataval,defaultvalue,defaultvar,define1,define2,define3,disabled,dr,editformula,hyperlinkflag,iscode,isdefined,ismultiselectedenabled,isnextrow,isrevise,istotal,itemtype,label,maxlength,metadataproperty,metaid,metapath,modifiedtime,modifier,position,proid,refcode,refname,relatemeta,required,resid,showformula,textrows,ts,validateformula,visible,width)
            values('0001ZZZZecb1538d0002','0001ZZZZ3d096d9b934f','68b5e7d1-5e0e-4845-9f36-9490ebcfcb1e','pk_transtype','1','#111111',null,'~',204,'' , null,null,null,null,null,'N',0,null,'N','N','N',null,'N','N','N','refer',null,28,'uap.BilltypeVO.billtypename','','pk_transtype',null,'~',25,'6d48dfd6-7a89-4ca4-8d9d-b45b1851ffdc','uap/refer/riart/transtype/index','影响因素交 易类型',null,'N','app_91H10545_00003',null,null,'2020-05-20 15:32:57',null,'Y',null);
            go
            insert into pub_form_property(pk_form_property,areaid,classid,code,colnum,color,creationtime,creator,datatype,dataval,defaultvalue,defaultvar,define1,define2,define3,disabled,dr,editformula,hyperlinkflag,iscode,isdefined,ismultiselectedenabled,isnextrow,isrevise,istotal,itemtype,label,maxlength,metadataproperty,metaid,metapath,modifiedtime,modifier,position,proid,refcode,refname,relatemeta,required,resid,showformula,textrows,ts,validateformula,visible,width)
            values('0001ZZZZecb1538d0003','0001ZZZZ3d096d9b934f','68b5e7d1-5e0e-4845-9f36-9490ebcfcb1e','transtypecode','1','#111111',null,'~',1,null, null,null,null,null,null,'N',0,null,'N','N','N',null,'N','N','N','input',null,28,NULL,'','transtypecode',null,'~',24,'01125d4c-2aa3-4008-b5c1-b960b3a10ed9','/common-ref/','-99',null,'N','app_91H10545_00004',null,null,'2020-05-20 15:32:57',null,'Y',null);
            go
            insert into pub_form_property(pk_form_property,areaid,classid,code,colnum,color,creationtime,creator,datatype,dataval,defaultvalue,defaultvar,define1,define2,define3,disabled,dr,editformula,hyperlinkflag,iscode,isdefined,ismultiselectedenabled,isnextrow,isrevise,istotal,itemtype,label,maxlength,metadataproperty,metaid,metapath,modifiedtime,modifier,position,proid,refcode,refname,relatemeta,required,resid,showformula,textrows,ts,validateformula,visible,width)
            values('0001ZZZZecb1538d0004','0001ZZZZ3d096d9b934f','68b5e7d1-5e0e-4845-9f36-9490ebcfcb1e','missionname','1','#111111',null,'~',1,null, null,null,null,null,null,'N',0,null,'N','N','N',null,'N','N','N','input',null,28,NULL,'','missionname',null,'~',5,'dee142d7-eed2-400e-9407-a15d2ea4d44a','/common-ref/','-99',null,'N','app_91H10545_00005',null,null,'2020-05-20 15:32:57',null,'Y',null);
            go
            insert into pub_form_property(pk_form_property,areaid,classid,code,colnum,color,creationtime,creator,datatype,dataval,defaultvalue,defaultvar,define1,define2,define3,disabled,dr,editformula,hyperlinkflag,iscode,isdefined,ismultiselectedenabled,isnextrow,isrevise,istotal,itemtype,label,maxlength,metadataproperty,metaid,metapath,modifiedtime,modifier,position,proid,refcode,refname,relatemeta,required,resid,showformula,textrows,ts,validateformula,visible,width)
            values('0001ZZZZecb1538d0005','0001ZZZZ3d096d9b934f','68b5e7d1-5e0e-4845-9f36-9490ebcfcb1e','missiondetail','1','#111111',null,'~',1,null, null,null,null,null,null,'N',0,null,'N','N','N',null,'N','N','N','input',null,28,NULL,'','missiondetail',null,'~',9,'d1f0a22d-8e2c-477a-b252-46ddbc64b72e','/common-ref/','-99',null,'N','app_91H10545_00006',null,null,'2020-05-20 15:32:57',null,'Y',null);
            go
            insert into pub_form_property(pk_form_property,areaid,classid,code,colnum,color,creationtime,creator,datatype,dataval,defaultvalue,defaultvar,define1,define2,define3,disabled,dr,editformula,hyperlinkflag,iscode,isdefined,ismultiselectedenabled,isnextrow,isrevise,istotal,itemtype,label,maxlength,metadataproperty,metaid,metapath,modifiedtime,modifier,position,proid,refcode,refname,relatemeta,required,resid,showformula,textrows,ts,validateformula,visible,width)
            values('0001ZZZZecb1538d0006','0001ZZZZ3d096d9b934f','68b5e7d1-5e0e-4845-9f36-9490ebcfcb1e','missioncode','1','#111111',null,'~',1,null, null,null,null,null,null,'N',0,null,'N','N','N',null,'N','N','N','input',null,28,NULL,'','missioncode',null,'~',4,'f81ea30f-a3a6-4455-9808-6de7bb903283','/common-ref/','-99',null,'N','app_91H10545_00007',null,null,'2020-05-20 15:32:57',null,'Y',null);
            go
            insert into pub_form_property(pk_form_property,areaid,classid,code,colnum,color,creationtime,creator,datatype,dataval,defaultvalue,defaultvar,define1,define2,define3,disabled,dr,editformula,hyperlinkflag,iscode,isdefined,ismultiselectedenabled,isnextrow,isrevise,istotal,itemtype,label,maxlength,metadataproperty,metaid,metapath,modifiedtime,modifier,position,proid,refcode,refname,relatemeta,required,resid,showformula,textrows,ts,validateformula,visible,width)
            values('0001ZZZZ5cc8bc28fd1b','0001ZZZZ408b97a17878','68b5e7d1-5e0e-4845-9f36-9490ebcfcb1e','modifier','1','#111111',null,'~',204,'', null,null,null,null,null,'N',0,null,'N','N','N',null,'N','N','N','refer',null,28,'uap.user.user_name','','modifier',null,'~',30,'a04d4fa6-d260-4d2e-97d2-c50222fdecda','uap/refer/riart/userDefaultRefer/index','用户',null,'N','app_91H10545_00008',null,null,'2020-05-20 15:32:57',null,'Y',null);
            go
            insert into pub_form_property(pk_form_property,areaid,classid,code,colnum,color,creationtime,creator,datatype,dataval,defaultvalue,defaultvar,define1,define2,define3,disabled,dr,editformula,hyperlinkflag,iscode,isdefined,ismultiselectedenabled,isnextrow,isrevise,istotal,itemtype,label,maxlength,metadataproperty,metaid,metapath,modifiedtime,modifier,position,proid,refcode,refname,relatemeta,required,resid,showformula,textrows,ts,validateformula,visible,width)
            values('0001ZZZZc00e7c167083','0001ZZZZ408b97a17878','68b5e7d1-5e0e-4845-9f36-9490ebcfcb1e','modifiedtime','1','#111111',null,'~',34,null, null,null,null,null,null,'N',0,null,'N','N','N',null,'N','N','N','datetimepicker',null,28,NULL,'','modifiedtime',null,'~',31,'d38c71d7-331e-4be2-841c-36e4e592f4a9','/common-ref/','-99',null,'N','app_91H10545_00009',null,null,'2020-05-20 15:32:57',null,'Y',null);
            go
            insert into pub_form_property(pk_form_property,areaid,classid,code,colnum,color,creationtime,creator,datatype,dataval,defaultvalue,defaultvar,define1,define2,define3,disabled,dr,editformula,hyperlinkflag,iscode,isdefined,ismultiselectedenabled,isnextrow,isrevise,istotal,itemtype,label,maxlength,metadataproperty,metaid,metapath,modifiedtime,modifier,position,proid,refcode,refname,relatemeta,required,resid,showformula,textrows,ts,validateformula,visible,width)
            values('0001ZZZZfac02b56a85b','0001ZZZZ408b97a17878','68b5e7d1-5e0e-4845-9f36-9490ebcfcb1e','creator','1','#111111',null,'~',204,'', null,null,null,null,null,'N',0,null,'N','N','N',null,'N','N','N','refer',null,28,'uap.user.user_name','','creator',null,'~',28,'d993bf32-ebda-4e61-965f-a68f4df59cf0','uap/refer/riart/userDefaultRefer/index','用户',null,'N','app_91H10545_00010',null,null,'2020-05-20 15:32:57',null,'Y',null);
            go
            insert into pub_form_property(pk_form_property,areaid,classid,code,colnum,color,creationtime,creator,datatype,dataval,defaultvalue,defaultvar,define1,define2,define3,disabled,dr,editformula,hyperlinkflag,iscode,isdefined,ismultiselectedenabled,isnextrow,isrevise,istotal,itemtype,label,maxlength,metadataproperty,metaid,metapath,modifiedtime,modifier,position,proid,refcode,refname,relatemeta,required,resid,showformula,textrows,ts,validateformula,visible,width)
            values('0001ZZZZ742872fcc557','0001ZZZZ408b97a17878','68b5e7d1-5e0e-4845-9f36-9490ebcfcb1e','creationtime','1','#111111',null,'~',34,null, null,null,null,null,null,'N',0,null,'N','N','N',null,'N','N','N','datetimepicker',null,28,NULL,'','creationtime',null,'~',29,'be2fc520-0dfa-441e-97c7-be21c1b5dcae','/common-ref/','-99',null,'N','app_91H10545_00011',null,null,'2020-05-20 15:32:57',null,'Y',null);
            go
            insert into pub_form_property(pk_form_property,areaid,classid,code,colnum,color,creationtime,creator,datatype,dataval,defaultvalue,defaultvar,define1,define2,define3,disabled,dr,editformula,hyperlinkflag,iscode,isdefined,ismultiselectedenabled,isnextrow,isrevise,istotal,itemtype,label,maxlength,metadataproperty,metaid,metapath,modifiedtime,modifier,position,proid,refcode,refname,relatemeta,required,resid,showformula,textrows,ts,validateformula,visible,width)
            values('0001ZZZZecb1538d0011','0001ZZZZ3d096d9b934f','68b5e7d1-5e0e-4845-9f36-9490ebcfcb1e','billmaker','1','#111111',null,'~',204,'' , null,null,null,null,null,'N',0,null,'N','N','N',null,'N','N','N','refer',null,28,'uap.user.user_name','','billmaker',null,'~',26,'035f469b-3e13-4d3e-adf7-11f1427b72c8','uap/refer/riart/userDefaultRefer/index','用户',null,'N','app_91H10545_00012',null,null,'2020-05-20 15:32:57',null,'Y',null);
            go
            insert into pub_form_property(pk_form_property,areaid,classid,code,colnum,color,creationtime,creator,datatype,dataval,defaultvalue,defaultvar,define1,define2,define3,disabled,dr,editformula,hyperlinkflag,iscode,isdefined,ismultiselectedenabled,isnextrow,isrevise,istotal,itemtype,label,maxlength,metadataproperty,metaid,metapath,modifiedtime,modifier,position,proid,refcode,refname,relatemeta,required,resid,showformula,textrows,ts,validateformula,visible,width)
            values('0001ZZZZecb1538d0012','0001ZZZZ3d096d9b934f','68b5e7d1-5e0e-4845-9f36-9490ebcfcb1e','maketime','1','#111111',null,'~',33,null, null,null,null,null,null,'N',0,null,'N','N','N',null,'N','N','N','datepicker',null,28,NULL,'','maketime',null,'~',27,'5e10c7fb-b8ac-494e-ac63-13ef27c49db9','/common-ref/','-99',null,'N','app_91H10545_00013',null,null,'2020-05-20 15:32:57',null,'Y',null);
            go
            insert into pub_form_property(pk_form_property,areaid,classid,code,colnum,color,creationtime,creator,datatype,dataval,defaultvalue,defaultvar,define1,define2,define3,disabled,dr,editformula,hyperlinkflag,iscode,isdefined,ismultiselectedenabled,isnextrow,isrevise,istotal,itemtype,label,maxlength,metadataproperty,metaid,metapath,modifiedtime,modifier,position,proid,refcode,refname,relatemeta,required,resid,showformula,textrows,ts,validateformula,visible,width)
            values('0001ZZZZecb1538d0013','0001ZZZZ3d096d9b934f','68b5e7d1-5e0e-4845-9f36-9490ebcfcb1e','advanceplan','1','#111111',null,'~',1,null, null,null,null,null,null,'N',0,null,'N','N','N',null,'N','N','N','input',null,28,NULL,'','advanceplan',null,'~',10,'a1eb9c23-7bf4-4a58-a2ac-dbb79c1a1394','/common-ref/','-99',null,'N','app_91H10545_00014',null,null,'2020-05-20 15:32:57',null,'Y',null);
            go
            insert into pub_form_property(pk_form_property,areaid,classid,code,colnum,color,creationtime,creator,datatype,dataval,defaultvalue,defaultvar,define1,define2,define3,disabled,dr,editformula,hyperlinkflag,iscode,isdefined,ismultiselectedenabled,isnextrow,isrevise,istotal,itemtype,label,maxlength,metadataproperty,metaid,metapath,modifiedtime,modifier,position,proid,refcode,refname,relatemeta,required,resid,showformula,textrows,ts,validateformula,visible,width)
            values('0001ZZZZecb1538d0014','0001ZZZZ3d096d9b934f','68b5e7d1-5e0e-4845-9f36-9490ebcfcb1e','billno','1','#111111',null,'~',1,null, null,null,null,null,null,'Y',0,null,'N','N','N',null,'N','N','N','input',null,28,NULL,'','billno',null,'~',20,'81273065-3676-49ed-b696-c9593ea39b6c','/common-ref/','-99',null,'N','app_91H10545_00015',null,null,'2020-05-20 15:32:57',null,'Y',null);
            go
            insert into pub_form_property(pk_form_property,areaid,classid,code,colnum,color,creationtime,creator,datatype,dataval,defaultvalue,defaultvar,define1,define2,define3,disabled,dr,editformula,hyperlinkflag,iscode,isdefined,ismultiselectedenabled,isnextrow,isrevise,istotal,itemtype,label,maxlength,metadataproperty,metaid,metapath,modifiedtime,modifier,position,proid,refcode,refname,relatemeta,required,resid,showformula,textrows,ts,validateformula,visible,width)
            values('0001ZZZZecb1538d0015','0001ZZZZ3d096d9b934f','68b5e7d1-5e0e-4845-9f36-9490ebcfcb1e','dbilldate','1','#111111',null,'~',33,null, null,null,null,null,null,'N',0,null,'N','N','N',null,'N','N','N','datepicker',null,28,NULL,'','dbilldate',null,'~',18,'31db5921-85f2-438f-a524-6e1a95dc752d','/common-ref/','-99',null,'N','app_91H10545_00016',null,null,'2020-05-20 15:32:57',null,'Y',null);
            go
            insert into pub_form_property(pk_form_property,areaid,classid,code,colnum,color,creationtime,creator,datatype,dataval,defaultvalue,defaultvar,define1,define2,define3,disabled,dr,editformula,hyperlinkflag,iscode,isdefined,ismultiselectedenabled,isnextrow,isrevise,istotal,itemtype,label,maxlength,metadataproperty,metaid,metapath,modifiedtime,modifier,position,proid,refcode,refname,relatemeta,required,resid,showformula,textrows,ts,validateformula,visible,width)
            values('0001ZZZZecb1538d0016','0001ZZZZ3d096d9b934f','68b5e7d1-5e0e-4845-9f36-9490ebcfcb1e','billstatus','1','#111111',null,'~',203,'自由=-1,审批未通过=0,审批通过=1,审批进行中=2,提交=3','-1',null,null,null,null,'Y',0,null,'N','N','N',null,'N','N','N','select',null,28,NULL,'','billstatus',null,'~',19,'b4e5814b-70c1-491a-bbaf-b1b98e07071c','/common-ref/','-99',null,'N','app_91H10545_00017',null,null,'2020-05-20 15:32:57',null,'Y',null);
            go
            insert into pub_form_property(pk_form_property,areaid,classid,code,colnum,color,creationtime,creator,datatype,dataval,defaultvalue,defaultvar,define1,define2,define3,disabled,dr,editformula,hyperlinkflag,iscode,isdefined,ismultiselectedenabled,isnextrow,isrevise,istotal,itemtype,label,maxlength,metadataproperty,metaid,metapath,modifiedtime,modifier,position,proid,refcode,refname,relatemeta,required,resid,showformula,textrows,ts,validateformula,visible,width)
            values('0001ZZZZecb1538d0017','0001ZZZZ3d096d9b934f','68b5e7d1-5e0e-4845-9f36-9490ebcfcb1e','pk_billtypeid','1','#111111',null,'~',204,'' , null,null,null,null,null,'N',0,null,'N','N','N',null,'N','N','N','refer',null,28,'uap.BilltypeVO.billtypename','','pk_billtypeid',null,'~',22,'ddd5733a-6209-4eef-9c19-8c2298f6795e','uap/refer/riart/billtype/index','影响因素单据类型',null,'N','app_91H10545_00018',null,null,'2020-05-20 15:32:57',null,'Y',null);
            go
            insert into pub_form_property(pk_form_property,areaid,classid,code,colnum,color,creationtime,creator,datatype,dataval,defaultvalue,defaultvar,define1,define2,define3,disabled,dr,editformula,hyperlinkflag,iscode,isdefined,ismultiselectedenabled,isnextrow,isrevise,istotal,itemtype,label,maxlength,metadataproperty,metaid,metapath,modifiedtime,modifier,position,proid,refcode,refname,relatemeta,required,resid,showformula,textrows,ts,validateformula,visible,width)
            values('0001ZZZZecb1538d0018','0001ZZZZ3d096d9b934f','68b5e7d1-5e0e-4845-9f36-9490ebcfcb1e','billtype','1','#111111',null,'~',1,null, null,null,null,null,null,'N',0,null,'N','N','N',null,'N','N','N','input',null,28,NULL,'','billtype',null,'~',23,'c082e4fa-fd0d-40ee-b09d-c7de9e0d98db','/common-ref/','-99',null,'N','app_91H10545_00019',null,null,'2020-05-20 15:32:57',null,'Y',null);
            go
            insert into pub_form_property(pk_form_property,areaid,classid,code,colnum,color,creationtime,creator,datatype,dataval,defaultvalue,defaultvar,define1,define2,define3,disabled,dr,editformula,hyperlinkflag,iscode,isdefined,ismultiselectedenabled,isnextrow,isrevise,istotal,itemtype,label,maxlength,metadataproperty,metaid,metapath,modifiedtime,modifier,position,proid,refcode,refname,relatemeta,required,resid,showformula,textrows,ts,validateformula,visible,width)
            values('0001ZZZZ5c589f717de7','0001ZZZZ408b97a17878','68b5e7d1-5e0e-4845-9f36-9490ebcfcb1e','approver','1','#111111',null,'~',204,'', null,null,null,null,null,'N',0,null,'N','N','N',null,'N','N','N','refer',null,28,'uap.user.user_name','','approver',null,'~',32,'d5ea1090-3b58-435a-b5b1-4759a019e892','uap/refer/riart/userDefaultRefer/index','用户',null,'N','app_91H10545_00021',null,null,'2020-05-20 15:32:57',null,'Y',null);
            go
            insert into pub_form_property(pk_form_property,areaid,classid,code,colnum,color,creationtime,creator,datatype,dataval,defaultvalue,defaultvar,define1,define2,define3,disabled,dr,editformula,hyperlinkflag,iscode,isdefined,ismultiselectedenabled,isnextrow,isrevise,istotal,itemtype,label,maxlength,metadataproperty,metaid,metapath,modifiedtime,modifier,position,proid,refcode,refname,relatemeta,required,resid,showformula,textrows,ts,validateformula,visible,width)
            values('0001ZZZZ99b3bcb1c9fc','0001ZZZZ408b97a17878','68b5e7d1-5e0e-4845-9f36-9490ebcfcb1e','approvenote','1','#111111',null,'~',1,null, null,null,null,null,null,'N',0,null,'N','N','N',null,'N','N','N','input',null,28,NULL,'','approvenote',null,'~',34,'d52ff529-12df-44c8-a7e4-30b1d187ce59','/common-ref/','-99',null,'N','app_91H10545_00022',null,null,'2020-05-20 15:32:57',null,'Y',null);
            go
            insert into pub_form_property(pk_form_property,areaid,classid,code,colnum,color,creationtime,creator,datatype,dataval,defaultvalue,defaultvar,define1,define2,define3,disabled,dr,editformula,hyperlinkflag,iscode,isdefined,ismultiselectedenabled,isnextrow,isrevise,istotal,itemtype,label,maxlength,metadataproperty,metaid,metapath,modifiedtime,modifier,position,proid,refcode,refname,relatemeta,required,resid,showformula,textrows,ts,validateformula,visible,width)
            values('0001ZZZZbff451508c41','0001ZZZZ408b97a17878','68b5e7d1-5e0e-4845-9f36-9490ebcfcb1e','approvedate','1','#111111',null,'~',34,null, null,null,null,null,null,'N',0,null,'N','N','N',null,'N','N','N','datetimepicker',null,28,NULL,'','approvedate',null,'~',14,'c518654d-cd05-4fd9-b776-abd57a7ca392','/common-ref/','-99',null,'N','app_91H10545_00023',null,null,'2020-05-20 15:32:57',null,'Y',null);
            go
            insert into pub_form_property(pk_form_property,areaid,classid,code,colnum,color,creationtime,creator,datatype,dataval,defaultvalue,defaultvar,define1,define2,define3,disabled,dr,editformula,hyperlinkflag,iscode,isdefined,ismultiselectedenabled,isnextrow,isrevise,istotal,itemtype,label,maxlength,metadataproperty,metaid,metapath,modifiedtime,modifier,position,proid,refcode,refname,relatemeta,required,resid,showformula,textrows,ts,validateformula,visible,width)
            values('0001ZZZZecb1538d0023','0001ZZZZ3d096d9b934f','68b5e7d1-5e0e-4845-9f36-9490ebcfcb1e','approvestatus','1','#111111',null,'~',203,'自由=-1,审批未通过=0,审批通过=1,审批进行中=2,提交=3', null,null,null,null,null,'N',0,null,'N','N','N',null,'N','N','N','select',null,28,NULL,'','approvestatus',null,'~',33,'51d6ff5b-56e2-4579-8713-c5164c5cd579','/common-ref/','-99',null,'N','app_91H10545_00024',null,null,'2020-05-20 15:32:57',null,'Y',null);
            go
            insert into pub_form_property(pk_form_property,areaid,classid,code,colnum,color,creationtime,creator,datatype,dataval,defaultvalue,defaultvar,define1,define2,define3,disabled,dr,editformula,hyperlinkflag,iscode,isdefined,ismultiselectedenabled,isnextrow,isrevise,istotal,itemtype,label,maxlength,metadataproperty,metaid,metapath,modifiedtime,modifier,position,proid,refcode,refname,relatemeta,required,resid,showformula,textrows,ts,validateformula,visible,width)
            values('0001ZZZZecb1538d0037','0001ZZZZ3d096d9b934f','68b5e7d1-5e0e-4845-9f36-9490ebcfcb1e','pk_org','1','#111111',null,'~',204,'' , null,null,null,null,null,'N',0,null,'N','N','N',null,'N','N','N','refer',null,28,'uap.org.name','','pk_org',null,'~',16,'c5990713-65af-4641-99c3-9e6f7b80e5e8','uapbd/refer/org/BusinessUnitAndDeptTreeRef/index','业务单元及部门',null,'N','app_91H10545_00038',null,null,'2020-05-20 15:32:57',null,'Y',null);
            go
            insert into pub_form_property(pk_form_property,areaid,classid,code,colnum,color,creationtime,creator,datatype,dataval,defaultvalue,defaultvar,define1,define2,define3,disabled,dr,editformula,hyperlinkflag,iscode,isdefined,ismultiselectedenabled,isnextrow,isrevise,istotal,itemtype,label,maxlength,metadataproperty,metaid,metapath,modifiedtime,modifier,position,proid,refcode,refname,relatemeta,required,resid,showformula,textrows,ts,validateformula,visible,width)
            values('0001ZZZZecb1538d0038','0001ZZZZ3d096d9b934f','68b5e7d1-5e0e-4845-9f36-9490ebcfcb1e','pk_org_v','1','#111111',null,'~',204,'' , null,null,null,null,null,'N',0,null,'N','N','N',null,'N','N','N','refer',null,28,'uap.org_v.name','','pk_org_v',null,'~',17,'a30d7b8a-175a-4465-b563-969ec579587b','uapbd/refer/orgv/BusinessUnitVersionDefaultAllTreeRef/index','业务单元版本(所有)',null,'N','app_91H10545_00039',null,null,'2020-05-20 15:32:57',null,'N',null);
            go
            insert into pub_form_property(pk_form_property,areaid,classid,code,colnum,color,creationtime,creator,datatype,dataval,defaultvalue,defaultvar,define1,define2,define3,disabled,dr,editformula,hyperlinkflag,iscode,isdefined,ismultiselectedenabled,isnextrow,isrevise,istotal,itemtype,label,maxlength,metadataproperty,metaid,metapath,modifiedtime,modifier,position,proid,refcode,refname,relatemeta,required,resid,showformula,textrows,ts,validateformula,visible,width)
            values('0001ZZZZecb1538d0089','0001ZZZZ3d096d9b934f','68b5e7d1-5e0e-4845-9f36-9490ebcfcb1e','planname','1','#111111',null,'~',1,null, null,null,null,null,null,'N',0,null,'N','N','N',null,'N','N','N','input',null,28,NULL,'','planname',null,'~',3,'e1048b5a-4690-43af-a5c0-c035da4b07ae','/common-ref/','-99',null,'N','app_91H10545_00090',null,null,'2020-05-20 15:32:57',null,'Y',null);
            go
            insert into pub_form_property(pk_form_property,areaid,classid,code,colnum,color,creationtime,creator,datatype,dataval,defaultvalue,defaultvar,define1,define2,define3,disabled,dr,editformula,hyperlinkflag,iscode,isdefined,ismultiselectedenabled,isnextrow,isrevise,istotal,itemtype,label,maxlength,metadataproperty,metaid,metapath,modifiedtime,modifier,position,proid,refcode,refname,relatemeta,required,resid,showformula,textrows,ts,validateformula,visible,width)
            values('0001ZZZZecb1538d0090','0001ZZZZ3d096d9b934f','68b5e7d1-5e0e-4845-9f36-9490ebcfcb1e','planduration','1','#111111',null,'~',1,null, null,null,null,null,null,'N',0,null,'N','N','N',null,'N','N','N','input',null,28,NULL,'','planduration',null,'~',8,'caa0bf6c-cc9f-4ba3-9e61-d762563590f8','/common-ref/','-99',null,'N','app_91H10545_00091',null,null,'2020-05-20 15:32:57',null,'Y',null);
            go
            insert into pub_form_property(pk_form_property,areaid,classid,code,colnum,color,creationtime,creator,datatype,dataval,defaultvalue,defaultvar,define1,define2,define3,disabled,dr,editformula,hyperlinkflag,iscode,isdefined,ismultiselectedenabled,isnextrow,isrevise,istotal,itemtype,label,maxlength,metadataproperty,metaid,metapath,modifiedtime,modifier,position,proid,refcode,refname,relatemeta,required,resid,showformula,textrows,ts,validateformula,visible,width)
            values('0001ZZZZecb1538d0091','0001ZZZZ3d096d9b934f','68b5e7d1-5e0e-4845-9f36-9490ebcfcb1e','projectstartdate','1','#111111',null,'~',33,null, null,null,null,null,null,'N',0,null,'N','N','N',null,'N','N','N','datepicker',null,28,NULL,'','projectstartdate',null,'~',6,'05d654d0-6b78-42b8-aa95-a6883b4fef0f','/common-ref/','-99',null,'N','app_91H10545_00092',null,null,'2020-05-20 15:32:57',null,'Y',null);
            go
            insert into pub_form_property(pk_form_property,areaid,classid,code,colnum,color,creationtime,creator,datatype,dataval,defaultvalue,defaultvar,define1,define2,define3,disabled,dr,editformula,hyperlinkflag,iscode,isdefined,ismultiselectedenabled,isnextrow,isrevise,istotal,itemtype,label,maxlength,metadataproperty,metaid,metapath,modifiedtime,modifier,position,proid,refcode,refname,relatemeta,required,resid,showformula,textrows,ts,validateformula,visible,width)
            values('0001ZZZZecb1538d0092','0001ZZZZ3d096d9b934f','68b5e7d1-5e0e-4845-9f36-9490ebcfcb1e','projectdeaddate','1','#111111',null,'~',33,null, null,null,null,null,null,'N',0,null,'N','N','N',null,'N','N','N','datepicker',null,28,NULL,'','projectdeaddate',null,'~',7,'24e2cfc4-48ce-48f4-af64-09ae8b7642b6','/common-ref/','-99',null,'N','app_91H10545_00093',null,null,'2020-05-20 15:32:57',null,'Y',null);
            go
            insert into pub_form_property(pk_form_property,areaid,classid,code,colnum,color,creationtime,creator,datatype,dataval,defaultvalue,defaultvar,define1,define2,define3,disabled,dr,editformula,hyperlinkflag,iscode,isdefined,ismultiselectedenabled,isnextrow,isrevise,istotal,itemtype,label,maxlength,metadataproperty,metaid,metapath,modifiedtime,modifier,position,proid,refcode,refname,relatemeta,required,resid,showformula,textrows,ts,validateformula,visible,width)
            values('0001ZZZZecb1538d0093','0001ZZZZ3d096d9b934f','68b5e7d1-5e0e-4845-9f36-9490ebcfcb1e','dutyperson','1','#111111',null,'~',204,'' , null,null,null,null,null,'N',0,null,'N','N','N',null,'N','N','N','refer',null,28,NULL,'','dutyperson',null,'~',12,'f21a353c-92c4-4f56-bbfc-3917e44efa36','uapbd/refer/psninfo/PsndocRiartTreeGridRef/index','人员',null,'N','app_91H10545_00094',null,null,'2020-05-20 15:32:57',null,'Y',null);
            go
            insert into pub_form_property(pk_form_property,areaid,classid,code,colnum,color,creationtime,creator,datatype,dataval,defaultvalue,defaultvar,define1,define2,define3,disabled,dr,editformula,hyperlinkflag,iscode,isdefined,ismultiselectedenabled,isnextrow,isrevise,istotal,itemtype,label,maxlength,metadataproperty,metaid,metapath,modifiedtime,modifier,position,proid,refcode,refname,relatemeta,required,resid,showformula,textrows,ts,validateformula,visible,width)
            values('0001ZZZZecb1538d0094','0001ZZZZ3d096d9b934f','68b5e7d1-5e0e-4845-9f36-9490ebcfcb1e','dutydept','1','#111111',null,'~',204,'' , null,null,null,null,null,'N',0,null,'N','N','N',null,'N','N','N','refer',null,28,'uap.dept.name','','dutydept',null,'~',13,'e3d97015-67fd-4b90-bdcc-784108ee15e5','uapbd/refer/org/DeptTreeRef/index','部门',null,'N','app_91H10545_00095',null,null,'2020-05-20 15:32:57',null,'Y',null);
            go
            insert into pub_form_property(pk_form_property,areaid,classid,code,colnum,color,creationtime,creator,datatype,dataval,defaultvalue,defaultvar,define1,define2,define3,disabled,dr,editformula,hyperlinkflag,iscode,isdefined,ismultiselectedenabled,isnextrow,isrevise,istotal,itemtype,label,maxlength,metadataproperty,metaid,metapath,modifiedtime,modifier,position,proid,refcode,refname,relatemeta,required,resid,showformula,textrows,ts,validateformula,visible,width)
            values('0001ZZZZecb1538d0095','0001ZZZZ3d096d9b934f','68b5e7d1-5e0e-4845-9f36-9490ebcfcb1e','milepost','1','#111111',null,'~',1,null, null,null,null,null,null,'N',0,null,'N','N','N',null,'N','N','N','input',null,28,NULL,'','milepost',null,'~',11,'d141a9ea-8d1b-49be-b2a0-bc6688c8773c','/common-ref/','-99',null,'N','app_91H10545_00096',null,null,'2020-05-20 15:32:57',null,'Y',null);
            go
            insert into pub_form_property(pk_form_property,areaid,classid,code,colnum,color,creationtime,creator,datatype,dataval,defaultvalue,defaultvar,define1,define2,define3,disabled,dr,editformula,hyperlinkflag,iscode,isdefined,ismultiselectedenabled,isnextrow,isrevise,istotal,itemtype,label,maxlength,metadataproperty,metaid,metapath,modifiedtime,modifier,position,proid,refcode,refname,relatemeta,required,resid,showformula,textrows,ts,validateformula,visible,width)
            values('0001ZZZZecb1538d0096','0001ZZZZ3d096d9b934f','68b5e7d1-5e0e-4845-9f36-9490ebcfcb1e','pk_group','1','#111111',null,'~',204,'' , null,null,null,null,null,'N',0,null,'N','N','N',null,'N','N','N','refer',null,28,'uap.group.name','','pk_group',null,'~',15,'c80824c3-e2b8-4331-a926-e02a00ae617e','uap/refer/riart/groupTreeRef/index','集团',null,'N','app_91H10545_00097',null,null,'2020-05-20 15:32:57',null,'Y',null);
            go
            insert into pub_form_property(pk_form_property,areaid,classid,code,colnum,color,creationtime,creator,datatype,dataval,defaultvalue,defaultvar,define1,define2,define3,disabled,dr,editformula,hyperlinkflag,iscode,isdefined,ismultiselectedenabled,isnextrow,isrevise,istotal,itemtype,label,maxlength,metadataproperty,metaid,metapath,modifiedtime,modifier,position,proid,refcode,refname,relatemeta,required,resid,showformula,textrows,ts,validateformula,visible,width)
            values('0001ZZZZecb1538d0097','0001ZZZZ3d096d9b934f','68b5e7d1-5e0e-4845-9f36-9490ebcfcb1e','projectname','1','#111111',null,'~',1,null, null,null,null,null,null,'N',0,null,'N','N','N',null,'N','N','N','input',null,28,NULL,'','projectname',null,'~',2,'246cf835-11c6-40a5-9d5d-0e31f38981f9','/common-ref/','-99',null,'N','app_91H10545_00098',null,null,'2020-05-20 15:32:57',null,'Y',null);
            go



















            insert into pub_form_property(pk_form_property,areaid,classid,code,colnum,color,creationtime,creator,datatype,dataval,defaultvalue,defaultvar,define1,define2,define3,disabled,dr,editformula,hyperlinkflag,iscode,isdefined,ismultiselectedenabled,isnextrow,isrevise,istotal,itemtype,label,maxlength,metadataproperty,metaid,metapath,modifiedtime,modifier,position,proid,refcode,refname,relatemeta,required,resid,showformula,textrows,ts,validateformula,visible,width)
            values('0001ZZZZa65fd647e001','0001ZZZZ5d79aa542c34','68b5e7d1-5e0e-4845-9f36-9490ebcfcb1e','pk_busitype','1','#111111',null,'~',204,null, null,null,null,null,null,'N',0,null,'N','N','N',null,'N','N','N','refer',null,28,'uap.BusitypeVO.businame','','pk_busitype',null,'~',21,'8b39fd28-f598-4df1-9c9c-7e1e44d5ba91','uap/refer/riart/busitype/index','业务流程',null,'N',null,null,null,'2020-05-20 15:32:57',null,'Y',null);
            go
            insert into pub_form_property(pk_form_property,areaid,classid,code,colnum,color,creationtime,creator,datatype,dataval,defaultvalue,defaultvar,define1,define2,define3,disabled,dr,editformula,hyperlinkflag,iscode,isdefined,ismultiselectedenabled,isnextrow,isrevise,istotal,itemtype,label,maxlength,metadataproperty,metaid,metapath,modifiedtime,modifier,position,proid,refcode,refname,relatemeta,required,resid,showformula,textrows,ts,validateformula,visible,width)
            values('0001ZZZZa65fd647e002','0001ZZZZ5d79aa542c34','68b5e7d1-5e0e-4845-9f36-9490ebcfcb1e','pk_transtype','1','#111111',null,'~',204,null, null,null,null,null,null,'N',0,null,'N','N','N',null,'N','N','N','refer',null,28,'uap.BilltypeVO.billtypename','','pk_transtype',null,'~',25,'eda22f46-fb41-4762-a310-2fcf0b3b68e0','uap/refer/riart/transtype/index','影响因素交 易类型',null,'N',null,null,null,'2020-05-20 15:32:57',null,'Y',null);
            go
            insert into pub_form_property(pk_form_property,areaid,classid,code,colnum,color,creationtime,creator,datatype,dataval,defaultvalue,defaultvar,define1,define2,define3,disabled,dr,editformula,hyperlinkflag,iscode,isdefined,ismultiselectedenabled,isnextrow,isrevise,istotal,itemtype,label,maxlength,metadataproperty,metaid,metapath,modifiedtime,modifier,position,proid,refcode,refname,relatemeta,required,resid,showformula,textrows,ts,validateformula,visible,width)
            values('0001ZZZZa65fd647e003','0001ZZZZ5d79aa542c34','68b5e7d1-5e0e-4845-9f36-9490ebcfcb1e','transtypecode','1','#111111',null,'~',1,null, null,null,null,null,null,'N',0,null,'N','N','N',null,'N','N','N','input',null,28,NULL,'','transtypecode',null,'~',24,'59b4a9d7-5b95-48db-b60b-32d86250ac6d','/common-ref/','-99',null,'N',null,null,null,'2020-05-20 15:32:57',null,'Y',null);
            go
            insert into pub_form_property(pk_form_property,areaid,classid,code,colnum,color,creationtime,creator,datatype,dataval,defaultvalue,defaultvar,define1,define2,define3,disabled,dr,editformula,hyperlinkflag,iscode,isdefined,ismultiselectedenabled,isnextrow,isrevise,istotal,itemtype,label,maxlength,metadataproperty,metaid,metapath,modifiedtime,modifier,position,proid,refcode,refname,relatemeta,required,resid,showformula,textrows,ts,validateformula,visible,width)
            values('0001ZZZZa65fd647e004','0001ZZZZ5d79aa542c34','68b5e7d1-5e0e-4845-9f36-9490ebcfcb1e','missionname','1','#111111',null,'~',1,null, null,null,null,null,null,'N',0,null,'N','N','N',null,'N','N','N','input',null,28,NULL,'','missionname',null,'~',5,'caf60f00-5b5c-446c-9654-f4e2db6bc7fa','/common-ref/','-99',null,'N',null,null,null,'2020-05-20 15:32:57',null,'Y',null);
            go
            insert into pub_form_property(pk_form_property,areaid,classid,code,colnum,color,creationtime,creator,datatype,dataval,defaultvalue,defaultvar,define1,define2,define3,disabled,dr,editformula,hyperlinkflag,iscode,isdefined,ismultiselectedenabled,isnextrow,isrevise,istotal,itemtype,label,maxlength,metadataproperty,metaid,metapath,modifiedtime,modifier,position,proid,refcode,refname,relatemeta,required,resid,showformula,textrows,ts,validateformula,visible,width)
            values('0001ZZZZa65fd647e005','0001ZZZZ5d79aa542c34','68b5e7d1-5e0e-4845-9f36-9490ebcfcb1e','missiondetail','1','#111111',null,'~',1,null, null,null,null,null,null,'N',0,null,'N','N','N',null,'N','N','N','input',null,28,NULL,'','missiondetail',null,'~',9,'3dcc1e76-146e-4f39-b3be-65b207eb3a3a','/common-ref/','-99',null,'N',null,null,null,'2020-05-20 15:32:57',null,'Y',null);
            go
            insert into pub_form_property(pk_form_property,areaid,classid,code,colnum,color,creationtime,creator,datatype,dataval,defaultvalue,defaultvar,define1,define2,define3,disabled,dr,editformula,hyperlinkflag,iscode,isdefined,ismultiselectedenabled,isnextrow,isrevise,istotal,itemtype,label,maxlength,metadataproperty,metaid,metapath,modifiedtime,modifier,position,proid,refcode,refname,relatemeta,required,resid,showformula,textrows,ts,validateformula,visible,width)
            values('0001ZZZZa65fd647e006','0001ZZZZ5d79aa542c34','68b5e7d1-5e0e-4845-9f36-9490ebcfcb1e','missioncode','1','#111111',null,'~',1,null, null,null,null,null,null,'N',0,null,'N','N','N',null,'N','N','N','input',null,28,NULL,'','missioncode',null,'~',4,'d3e38daa-ad33-4544-bed4-f6815c4d7b1b','/common-ref/','-99',null,'N',null,null,null,'2020-05-20 15:32:57',null,'Y',null);
            go
            insert into pub_form_property(pk_form_property,areaid,classid,code,colnum,color,creationtime,creator,datatype,dataval,defaultvalue,defaultvar,define1,define2,define3,disabled,dr,editformula,hyperlinkflag,iscode,isdefined,ismultiselectedenabled,isnextrow,isrevise,istotal,itemtype,label,maxlength,metadataproperty,metaid,metapath,modifiedtime,modifier,position,proid,refcode,refname,relatemeta,required,resid,showformula,textrows,ts,validateformula,visible,width)
            values('0001ZZZZ1e25614bf6bf','0001ZZZZ20cd127ec525','68b5e7d1-5e0e-4845-9f36-9490ebcfcb1e','modifier','1','#111111',null,'~',204,null, null,null,null,null,null,'N',0,null,'N','N','N',null,'N','N','N','refer',null,28,'uap.user.user_name','','modifier',null,'~',30,'b890a829-d4ed-488e-9441-6c9d64fdf2fd','uap/refer/riart/userDefaultRefer/index','用户',null,'N',null,null,null,'2020-05-20 15:32:57',null,'Y',null);
            go
            insert into pub_form_property(pk_form_property,areaid,classid,code,colnum,color,creationtime,creator,datatype,dataval,defaultvalue,defaultvar,define1,define2,define3,disabled,dr,editformula,hyperlinkflag,iscode,isdefined,ismultiselectedenabled,isnextrow,isrevise,istotal,itemtype,label,maxlength,metadataproperty,metaid,metapath,modifiedtime,modifier,position,proid,refcode,refname,relatemeta,required,resid,showformula,textrows,ts,validateformula,visible,width)
            values('0001ZZZZcfe43a3d8a5f','0001ZZZZ20cd127ec525','68b5e7d1-5e0e-4845-9f36-9490ebcfcb1e','modifiedtime','1','#111111',null,'~',34,null, null,null,null,null,null,'N',0,null,'N','N','N',null,'N','N','N','datetimepicker',null,28,NULL,'','modifiedtime',null,'~',31,'628a8af1-615f-4c3e-b17e-814ac6c6c77f','/common-ref/','-99',null,'N',null,null,null,'2020-05-20 15:32:57',null,'Y',null);
            go
            insert into pub_form_property(pk_form_property,areaid,classid,code,colnum,color,creationtime,creator,datatype,dataval,defaultvalue,defaultvar,define1,define2,define3,disabled,dr,editformula,hyperlinkflag,iscode,isdefined,ismultiselectedenabled,isnextrow,isrevise,istotal,itemtype,label,maxlength,metadataproperty,metaid,metapath,modifiedtime,modifier,position,proid,refcode,refname,relatemeta,required,resid,showformula,textrows,ts,validateformula,visible,width)
            values('0001ZZZZecb31d02458e','0001ZZZZ20cd127ec525','68b5e7d1-5e0e-4845-9f36-9490ebcfcb1e','creator','1','#111111',null,'~',204,null, null,null,null,null,null,'N',0,null,'N','N','N',null,'N','N','N','refer',null,28,'uap.user.user_name','','creator',null,'~',28,'778a31c0-4809-48ab-815e-8255d593b9bd','uap/refer/riart/userDefaultRefer/index','用户',null,'N',null,null,null,'2020-05-20 15:32:57',null,'Y',null);
            go
            insert into pub_form_property(pk_form_property,areaid,classid,code,colnum,color,creationtime,creator,datatype,dataval,defaultvalue,defaultvar,define1,define2,define3,disabled,dr,editformula,hyperlinkflag,iscode,isdefined,ismultiselectedenabled,isnextrow,isrevise,istotal,itemtype,label,maxlength,metadataproperty,metaid,metapath,modifiedtime,modifier,position,proid,refcode,refname,relatemeta,required,resid,showformula,textrows,ts,validateformula,visible,width)
            values('0001ZZZZd86428ea7a5a','0001ZZZZ20cd127ec525','68b5e7d1-5e0e-4845-9f36-9490ebcfcb1e','creationtime','1','#111111',null,'~',34,null, null,null,null,null,null,'N',0,null,'N','N','N',null,'N','N','N','datetimepicker',null,28,NULL,'','creationtime',null,'~',29,'9587393e-c457-4881-82dd-4bc832d0cc4d','/common-ref/','-99',null,'N',null,null,null,'2020-05-20 15:32:57',null,'Y',null);
            go
            insert into pub_form_property(pk_form_property,areaid,classid,code,colnum,color,creationtime,creator,datatype,dataval,defaultvalue,defaultvar,define1,define2,define3,disabled,dr,editformula,hyperlinkflag,iscode,isdefined,ismultiselectedenabled,isnextrow,isrevise,istotal,itemtype,label,maxlength,metadataproperty,metaid,metapath,modifiedtime,modifier,position,proid,refcode,refname,relatemeta,required,resid,showformula,textrows,ts,validateformula,visible,width)
            values('0001ZZZZa65fd647e011','0001ZZZZ5d79aa542c34','68b5e7d1-5e0e-4845-9f36-9490ebcfcb1e','billmaker','1','#111111',null,'~',204,null, null,null,null,null,null,'N',0,null,'N','N','N',null,'N','N','N','refer',null,28,'uap.user.user_name','','billmaker',null,'~',26,'6cd06816-ba4f-4311-8803-7090456a1a1d','uap/refer/riart/userDefaultRefer/index','用户',null,'N',null,null,null,'2020-05-20 15:32:57',null,'Y',null);
            go
            insert into pub_form_property(pk_form_property,areaid,classid,code,colnum,color,creationtime,creator,datatype,dataval,defaultvalue,defaultvar,define1,define2,define3,disabled,dr,editformula,hyperlinkflag,iscode,isdefined,ismultiselectedenabled,isnextrow,isrevise,istotal,itemtype,label,maxlength,metadataproperty,metaid,metapath,modifiedtime,modifier,position,proid,refcode,refname,relatemeta,required,resid,showformula,textrows,ts,validateformula,visible,width)
            values('0001ZZZZa65fd647e012','0001ZZZZ5d79aa542c34','68b5e7d1-5e0e-4845-9f36-9490ebcfcb1e','maketime','1','#111111',null,'~',33,null, null,null,null,null,null,'N',0,null,'N','N','N',null,'N','N','N','datepicker',null,28,NULL,'','maketime',null,'~',27,'245496d3-1c7e-4d04-a89e-f00cd65a7922','/common-ref/','-99',null,'N',null,null,null,'2020-05-20 15:32:57',null,'Y',null);
            go
            insert into pub_form_property(pk_form_property,areaid,classid,code,colnum,color,creationtime,creator,datatype,dataval,defaultvalue,defaultvar,define1,define2,define3,disabled,dr,editformula,hyperlinkflag,iscode,isdefined,ismultiselectedenabled,isnextrow,isrevise,istotal,itemtype,label,maxlength,metadataproperty,metaid,metapath,modifiedtime,modifier,position,proid,refcode,refname,relatemeta,required,resid,showformula,textrows,ts,validateformula,visible,width)
            values('0001ZZZZa65fd647e013','0001ZZZZ5d79aa542c34','68b5e7d1-5e0e-4845-9f36-9490ebcfcb1e','advanceplan','1','#111111',null,'~',1,null, null,null,null,null,null,'N',0,null,'N','N','N',null,'N','N','N','input',null,28,NULL,'','advanceplan',null,'~',10,'08ab0c7e-505e-4763-bc75-8848e7362230','/common-ref/','-99',null,'N',null,null,null,'2020-05-20 15:32:57',null,'Y',null);
            go
            insert into pub_form_property(pk_form_property,areaid,classid,code,colnum,color,creationtime,creator,datatype,dataval,defaultvalue,defaultvar,define1,define2,define3,disabled,dr,editformula,hyperlinkflag,iscode,isdefined,ismultiselectedenabled,isnextrow,isrevise,istotal,itemtype,label,maxlength,metadataproperty,metaid,metapath,modifiedtime,modifier,position,proid,refcode,refname,relatemeta,required,resid,showformula,textrows,ts,validateformula,visible,width)
            values('0001ZZZZa65fd647e014','0001ZZZZ5d79aa542c34','68b5e7d1-5e0e-4845-9f36-9490ebcfcb1e','billno','1','#111111',null,'~',1,null, null,null,null,null,null,'Y',0,null,'N','N','N',null,'N','N','N','input',null,28,NULL,'','billno',null,'~',20,'16e19fe9-854d-4f68-9eb8-2422a8b25f6f','/common-ref/','-99',null,'N',null,null,null,'2020-05-20 15:32:57',null,'Y',null);
            go
            insert into pub_form_property(pk_form_property,areaid,classid,code,colnum,color,creationtime,creator,datatype,dataval,defaultvalue,defaultvar,define1,define2,define3,disabled,dr,editformula,hyperlinkflag,iscode,isdefined,ismultiselectedenabled,isnextrow,isrevise,istotal,itemtype,label,maxlength,metadataproperty,metaid,metapath,modifiedtime,modifier,position,proid,refcode,refname,relatemeta,required,resid,showformula,textrows,ts,validateformula,visible,width)
            values('0001ZZZZa65fd647e015','0001ZZZZ5d79aa542c34','68b5e7d1-5e0e-4845-9f36-9490ebcfcb1e','dbilldate','1','#111111',null,'~',33,null, null,null,null,null,null,'N',0,null,'N','N','N',null,'N','N','N','datepicker',null,28,NULL,'','dbilldate',null,'~',18,'ece5f753-7d4a-45cc-9063-b6293fb43fa8','/common-ref/','-99',null,'N',null,null,null,'2020-05-20 15:32:57',null,'Y',null);
            go
            insert into pub_form_property(pk_form_property,areaid,classid,code,colnum,color,creationtime,creator,datatype,dataval,defaultvalue,defaultvar,define1,define2,define3,disabled,dr,editformula,hyperlinkflag,iscode,isdefined,ismultiselectedenabled,isnextrow,isrevise,istotal,itemtype,label,maxlength,metadataproperty,metaid,metapath,modifiedtime,modifier,position,proid,refcode,refname,relatemeta,required,resid,showformula,textrows,ts,validateformula,visible,width)
            values('0001ZZZZa65fd647e016','0001ZZZZ5d79aa542c34','68b5e7d1-5e0e-4845-9f36-9490ebcfcb1e','billstatus','1','#111111',null,'~',203,'自由=-1,审批未通过=0,审批通过=1,审批进行中=2,提交=3','-1',null,null,null,null,'Y',0,null,'N','N','N',null,'N','N','N','select',null,28,NULL,'','billstatus',null,'~',19,'3475e4de-c7de-4417-999c-afe2edfce090','/common-ref/','-99',null,'N',null,null,null,'2020-05-20 15:32:57',null,'Y',null);
            go
            insert into pub_form_property(pk_form_property,areaid,classid,code,colnum,color,creationtime,creator,datatype,dataval,defaultvalue,defaultvar,define1,define2,define3,disabled,dr,editformula,hyperlinkflag,iscode,isdefined,ismultiselectedenabled,isnextrow,isrevise,istotal,itemtype,label,maxlength,metadataproperty,metaid,metapath,modifiedtime,modifier,position,proid,refcode,refname,relatemeta,required,resid,showformula,textrows,ts,validateformula,visible,width)
            values('0001ZZZZa65fd647e017','0001ZZZZ5d79aa542c34','68b5e7d1-5e0e-4845-9f36-9490ebcfcb1e','pk_billtypeid','1','#111111',null,'~',204,null, null,null,null,null,null,'N',0,null,'N','N','N',null,'N','N','N','refer',null,28,'uap.BilltypeVO.billtypename','','pk_billtypeid',null,'~',22,'9f42e633-2e41-4e4c-8da6-59f6d2df8547','uap/refer/riart/billtype/index','影响因素单据类型',null,'N',null,null,null,'2020-05-20 15:32:57',null,'Y',null);
            go
            insert into pub_form_property(pk_form_property,areaid,classid,code,colnum,color,creationtime,creator,datatype,dataval,defaultvalue,defaultvar,define1,define2,define3,disabled,dr,editformula,hyperlinkflag,iscode,isdefined,ismultiselectedenabled,isnextrow,isrevise,istotal,itemtype,label,maxlength,metadataproperty,metaid,metapath,modifiedtime,modifier,position,proid,refcode,refname,relatemeta,required,resid,showformula,textrows,ts,validateformula,visible,width)
            values('0001ZZZZa65fd647e018','0001ZZZZ5d79aa542c34','68b5e7d1-5e0e-4845-9f36-9490ebcfcb1e','billtype','1','#111111',null,'~',1,null, null,null,null,null,null,'N',0,null,'N','N','N',null,'N','N','N','input',null,28,NULL,'','billtype',null,'~',23,'91507684-9137-4ec5-a8fc-21b2e502445d','/common-ref/','-99',null,'N',null,null,null,'2020-05-20 15:32:57',null,'Y',null);
            go
            insert into pub_form_property(pk_form_property,areaid,classid,code,colnum,color,creationtime,creator,datatype,dataval,defaultvalue,defaultvar,define1,define2,define3,disabled,dr,editformula,hyperlinkflag,iscode,isdefined,ismultiselectedenabled,isnextrow,isrevise,istotal,itemtype,label,maxlength,metadataproperty,metaid,metapath,modifiedtime,modifier,position,proid,refcode,refname,relatemeta,required,resid,showformula,textrows,ts,validateformula,visible,width)
            values('0001ZZZZ11e4f196bc6b','0001ZZZZ20cd127ec525','68b5e7d1-5e0e-4845-9f36-9490ebcfcb1e','approver','1','#111111',null,'~',204,null, null,null,null,null,null,'N',0,null,'N','N','N',null,'N','N','N','refer',null,28,'uap.user.user_name','','approver',null,'~',32,'7acde3bc-0f5c-467b-a1d5-b4a5e4397920','uap/refer/riart/userDefaultRefer/index','用户',null,'N',null,null,null,'2020-05-20 15:32:57',null,'Y',null);
            go
            insert into pub_form_property(pk_form_property,areaid,classid,code,colnum,color,creationtime,creator,datatype,dataval,defaultvalue,defaultvar,define1,define2,define3,disabled,dr,editformula,hyperlinkflag,iscode,isdefined,ismultiselectedenabled,isnextrow,isrevise,istotal,itemtype,label,maxlength,metadataproperty,metaid,metapath,modifiedtime,modifier,position,proid,refcode,refname,relatemeta,required,resid,showformula,textrows,ts,validateformula,visible,width)
            values('0001ZZZZ3312c87da4d7','0001ZZZZ20cd127ec525','68b5e7d1-5e0e-4845-9f36-9490ebcfcb1e','approvenote','1','#111111',null,'~',1,null, null,null,null,null,null,'N',0,null,'N','N','N',null,'N','N','N','input',null,28,NULL,'','approvenote',null,'~',34,'6249485e-d3b8-49a4-bdf4-60388b81de32','/common-ref/','-99',null,'N',null,null,null,'2020-05-20 15:32:57',null,'Y',null);
            go
            insert into pub_form_property(pk_form_property,areaid,classid,code,colnum,color,creationtime,creator,datatype,dataval,defaultvalue,defaultvar,define1,define2,define3,disabled,dr,editformula,hyperlinkflag,iscode,isdefined,ismultiselectedenabled,isnextrow,isrevise,istotal,itemtype,label,maxlength,metadataproperty,metaid,metapath,modifiedtime,modifier,position,proid,refcode,refname,relatemeta,required,resid,showformula,textrows,ts,validateformula,visible,width)
            values('0001ZZZZ6b318561a430','0001ZZZZ20cd127ec525','68b5e7d1-5e0e-4845-9f36-9490ebcfcb1e','approvedate','1','#111111',null,'~',34,null, null,null,null,null,null,'N',0,null,'N','N','N',null,'N','N','N','datetimepicker',null,28,NULL,'','approvedate',null,'~',14,'f81adf8d-f211-4827-9e00-6e3ebf43ca51','/common-ref/','-99',null,'N',null,null,null,'2020-05-20 15:32:57',null,'Y',null);
            go
            insert into pub_form_property(pk_form_property,areaid,classid,code,colnum,color,creationtime,creator,datatype,dataval,defaultvalue,defaultvar,define1,define2,define3,disabled,dr,editformula,hyperlinkflag,iscode,isdefined,ismultiselectedenabled,isnextrow,isrevise,istotal,itemtype,label,maxlength,metadataproperty,metaid,metapath,modifiedtime,modifier,position,proid,refcode,refname,relatemeta,required,resid,showformula,textrows,ts,validateformula,visible,width)
            values('0001ZZZZa65fd647e023','0001ZZZZ5d79aa542c34','68b5e7d1-5e0e-4845-9f36-9490ebcfcb1e','approvestatus','1','#111111',null,'~',203,'自由=-1,审批未通过=0,审批通过=1,审批进行中=2,提交=3', null,null,null,null,null,'N',0,null,'N','N','N',null,'N','N','N','select',null,28,NULL,'','approvestatus',null,'~',33,'a6c97b84-22f9-412a-aaa4-62018d369b7a','/common-ref/','-99',null,'N',null,null,null,'2020-05-20 15:32:57',null,'Y',null);
            go
            insert into pub_form_property(pk_form_property,areaid,classid,code,colnum,color,creationtime,creator,datatype,dataval,defaultvalue,defaultvar,define1,define2,define3,disabled,dr,editformula,hyperlinkflag,iscode,isdefined,ismultiselectedenabled,isnextrow,isrevise,istotal,itemtype,label,maxlength,metadataproperty,metaid,metapath,modifiedtime,modifier,position,proid,refcode,refname,relatemeta,required,resid,showformula,textrows,ts,validateformula,visible,width)
            values('0001ZZZZa65fd647e037','0001ZZZZ5d79aa542c34','68b5e7d1-5e0e-4845-9f36-9490ebcfcb1e','pk_org','1','#111111',null,'~',204,null, null,null,null,null,null,'N',0,null,'N','N','N',null,'N','N','N','refer',null,28,'uap.org.name','','pk_org',null,'~',16,'265be688-2bd7-48dd-b3fe-e19c02ecc9d7','uapbd/refer/org/BusinessUnitAndDeptTreeRef/index','业务单元及部门',null,'N',null,null,null,'2020-05-20 15:32:57',null,'Y',null);
            go
            insert into pub_form_property(pk_form_property,areaid,classid,code,colnum,color,creationtime,creator,datatype,dataval,defaultvalue,defaultvar,define1,define2,define3,disabled,dr,editformula,hyperlinkflag,iscode,isdefined,ismultiselectedenabled,isnextrow,isrevise,istotal,itemtype,label,maxlength,metadataproperty,metaid,metapath,modifiedtime,modifier,position,proid,refcode,refname,relatemeta,required,resid,showformula,textrows,ts,validateformula,visible,width)
            values('0001ZZZZa65fd647e038','0001ZZZZ5d79aa542c34','68b5e7d1-5e0e-4845-9f36-9490ebcfcb1e','pk_org_v','1','#111111',null,'~',204,null, null,null,null,null,null,'N',0,null,'N','N','N',null,'N','N','N','refer',null,28,'uap.org_v.name','','pk_org_v',null,'~',17,'4d1fa89b-e707-4c70-b0e9-c38d4bfd740c','uapbd/refer/orgv/BusinessUnitVersionDefaultAllTreeRef/index','业务单元版本(所有)',null,'N',null,null,null,'2020-05-20 15:32:57',null,'N',null);
            go
            insert into pub_form_property(pk_form_property,areaid,classid,code,colnum,color,creationtime,creator,datatype,dataval,defaultvalue,defaultvar,define1,define2,define3,disabled,dr,editformula,hyperlinkflag,iscode,isdefined,ismultiselectedenabled,isnextrow,isrevise,istotal,itemtype,label,maxlength,metadataproperty,metaid,metapath,modifiedtime,modifier,position,proid,refcode,refname,relatemeta,required,resid,showformula,textrows,ts,validateformula,visible,width)
            values('0001ZZZZa65fd647e089','0001ZZZZ5d79aa542c34','68b5e7d1-5e0e-4845-9f36-9490ebcfcb1e','planname','1','#111111',null,'~',1,null, null,null,null,null,null,'N',0,null,'N','N','N',null,'N','N','N','input',null,28,NULL,'','planname',null,'~',3,'18d6d6ad-9d4d-4880-b21a-804269135c22','/common-ref/','-99',null,'N',null,null,null,'2020-05-20 15:32:57',null,'Y',null);
            go
            insert into pub_form_property(pk_form_property,areaid,classid,code,colnum,color,creationtime,creator,datatype,dataval,defaultvalue,defaultvar,define1,define2,define3,disabled,dr,editformula,hyperlinkflag,iscode,isdefined,ismultiselectedenabled,isnextrow,isrevise,istotal,itemtype,label,maxlength,metadataproperty,metaid,metapath,modifiedtime,modifier,position,proid,refcode,refname,relatemeta,required,resid,showformula,textrows,ts,validateformula,visible,width)
            values('0001ZZZZa65fd647e090','0001ZZZZ5d79aa542c34','68b5e7d1-5e0e-4845-9f36-9490ebcfcb1e','planduration','1','#111111',null,'~',1,null, null,null,null,null,null,'N',0,null,'N','N','N',null,'N','N','N','input',null,28,NULL,'','planduration',null,'~',8,'cafa0ace-1bc7-4a6f-8ee8-ef47546f3e45','/common-ref/','-99',null,'N',null,null,null,'2020-05-20 15:32:57',null,'Y',null);
            go
            insert into pub_form_property(pk_form_property,areaid,classid,code,colnum,color,creationtime,creator,datatype,dataval,defaultvalue,defaultvar,define1,define2,define3,disabled,dr,editformula,hyperlinkflag,iscode,isdefined,ismultiselectedenabled,isnextrow,isrevise,istotal,itemtype,label,maxlength,metadataproperty,metaid,metapath,modifiedtime,modifier,position,proid,refcode,refname,relatemeta,required,resid,showformula,textrows,ts,validateformula,visible,width)
            values('0001ZZZZa65fd647e091','0001ZZZZ5d79aa542c34','68b5e7d1-5e0e-4845-9f36-9490ebcfcb1e','projectstartdate','1','#111111',null,'~',33,null, null,null,null,null,null,'N',0,null,'N','N','N',null,'N','N','N','datepicker',null,28,NULL,'','projectstartdate',null,'~',6,'d61b8793-6100-47d0-9d20-2a46a8c8c91f','/common-ref/','-99',null,'N',null,null,null,'2020-05-20 15:32:57',null,'Y',null);
            go
            insert into pub_form_property(pk_form_property,areaid,classid,code,colnum,color,creationtime,creator,datatype,dataval,defaultvalue,defaultvar,define1,define2,define3,disabled,dr,editformula,hyperlinkflag,iscode,isdefined,ismultiselectedenabled,isnextrow,isrevise,istotal,itemtype,label,maxlength,metadataproperty,metaid,metapath,modifiedtime,modifier,position,proid,refcode,refname,relatemeta,required,resid,showformula,textrows,ts,validateformula,visible,width)
            values('0001ZZZZa65fd647e092','0001ZZZZ5d79aa542c34','68b5e7d1-5e0e-4845-9f36-9490ebcfcb1e','projectdeaddate','1','#111111',null,'~',33,null, null,null,null,null,null,'N',0,null,'N','N','N',null,'N','N','N','datepicker',null,28,NULL,'','projectdeaddate',null,'~',7,'ef02d051-1c4f-476c-b1c0-b7b69bcd8863','/common-ref/','-99',null,'N',null,null,null,'2020-05-20 15:32:57',null,'Y',null);
            go
            insert into pub_form_property(pk_form_property,areaid,classid,code,colnum,color,creationtime,creator,datatype,dataval,defaultvalue,defaultvar,define1,define2,define3,disabled,dr,editformula,hyperlinkflag,iscode,isdefined,ismultiselectedenabled,isnextrow,isrevise,istotal,itemtype,label,maxlength,metadataproperty,metaid,metapath,modifiedtime,modifier,position,proid,refcode,refname,relatemeta,required,resid,showformula,textrows,ts,validateformula,visible,width)
            values('0001ZZZZa65fd647e093','0001ZZZZ5d79aa542c34','68b5e7d1-5e0e-4845-9f36-9490ebcfcb1e','dutyperson','1','#111111',null,'~',204,null, null,null,null,null,null,'N',0,null,'N','N','N',null,'N','N','N','refer',null,28,NULL,'','dutyperson',null,'~',12,'404328a4-af77-4b35-b91a-309f82b88ae2','uapbd/refer/psninfo/PsndocRiartTreeGridRef/index','人员',null,'N',null,null,null,'2020-05-20 15:32:57',null,'Y',null);
            go
            insert into pub_form_property(pk_form_property,areaid,classid,code,colnum,color,creationtime,creator,datatype,dataval,defaultvalue,defaultvar,define1,define2,define3,disabled,dr,editformula,hyperlinkflag,iscode,isdefined,ismultiselectedenabled,isnextrow,isrevise,istotal,itemtype,label,maxlength,metadataproperty,metaid,metapath,modifiedtime,modifier,position,proid,refcode,refname,relatemeta,required,resid,showformula,textrows,ts,validateformula,visible,width)
            values('0001ZZZZa65fd647e094','0001ZZZZ5d79aa542c34','68b5e7d1-5e0e-4845-9f36-9490ebcfcb1e','dutydept','1','#111111',null,'~',204,null, null,null,null,null,null,'N',0,null,'N','N','N',null,'N','N','N','refer',null,28,'uap.dept.name','','dutydept',null,'~',13,'fd9bac6e-8062-4368-a077-da0fe44035a0','uapbd/refer/org/DeptTreeRef/index','部门',null,'N',null,null,null,'2020-05-20 15:32:57',null,'Y',null);
            go
            insert into pub_form_property(pk_form_property,areaid,classid,code,colnum,color,creationtime,creator,datatype,dataval,defaultvalue,defaultvar,define1,define2,define3,disabled,dr,editformula,hyperlinkflag,iscode,isdefined,ismultiselectedenabled,isnextrow,isrevise,istotal,itemtype,label,maxlength,metadataproperty,metaid,metapath,modifiedtime,modifier,position,proid,refcode,refname,relatemeta,required,resid,showformula,textrows,ts,validateformula,visible,width)
            values('0001ZZZZa65fd647e095','0001ZZZZ5d79aa542c34','68b5e7d1-5e0e-4845-9f36-9490ebcfcb1e','milepost','1','#111111',null,'~',1,null, null,null,null,null,null,'N',0,null,'N','N','N',null,'N','N','N','input',null,28,NULL,'','milepost',null,'~',11,'38492ab5-c2e7-4fb7-a590-80ad76013a05','/common-ref/','-99',null,'N',null,null,null,'2020-05-20 15:32:57',null,'Y',null);
            go
            insert into pub_form_property(pk_form_property,areaid,classid,code,colnum,color,creationtime,creator,datatype,dataval,defaultvalue,defaultvar,define1,define2,define3,disabled,dr,editformula,hyperlinkflag,iscode,isdefined,ismultiselectedenabled,isnextrow,isrevise,istotal,itemtype,label,maxlength,metadataproperty,metaid,metapath,modifiedtime,modifier,position,proid,refcode,refname,relatemeta,required,resid,showformula,textrows,ts,validateformula,visible,width)
            values('0001ZZZZa65fd647e096','0001ZZZZ5d79aa542c34','68b5e7d1-5e0e-4845-9f36-9490ebcfcb1e','pk_group','1','#111111',null,'~',204,null, null,null,null,null,null,'N',0,null,'N','N','N',null,'N','N','N','refer',null,28,'uap.group.name','','pk_group',null,'~',15,'0d047887-0c80-4244-b302-cc07c6b20363','uap/refer/riart/groupTreeRef/index','集团',null,'N',null,null,null,'2020-05-20 15:32:57',null,'Y',null);
            go
            insert into pub_form_property(pk_form_property,areaid,classid,code,colnum,color,creationtime,creator,datatype,dataval,defaultvalue,defaultvar,define1,define2,define3,disabled,dr,editformula,hyperlinkflag,iscode,isdefined,ismultiselectedenabled,isnextrow,isrevise,istotal,itemtype,label,maxlength,metadataproperty,metaid,metapath,modifiedtime,modifier,position,proid,refcode,refname,relatemeta,required,resid,showformula,textrows,ts,validateformula,visible,width)
            values('0001ZZZZa65fd647e097','0001ZZZZ5d79aa542c34','68b5e7d1-5e0e-4845-9f36-9490ebcfcb1e','projectname','1','#111111',null,'~',1,null, null,null,null,null,null,'N',0,null,'N','N','N',null,'N','N','N','input',null,28,NULL,'','projectname',null,'~',2,'3fb31467-7e8a-45fe-bdbc-741d698d47df','/common-ref/','-99',null,'N',null,null,null,'2020-05-20 15:32:57',null,'Y',null);
            go













            insert into pub_form_property(pk_form_property,areaid,classid,code,colnum,color,creationtime,creator,datatype,dataval,defaultvalue,defaultvar,define1,define2,define3,disabled,dr,editformula,hyperlinkflag,iscode,isdefined,ismultiselectedenabled,isnextrow,isrevise,istotal,itemtype,label,maxlength,metadataproperty,metaid,metapath,modifiedtime,modifier,position,proid,refcode,refname,relatemeta,required,resid,showformula,textrows,ts,validateformula,visible,width)
            values('0001ZZZZc03e855d4001','0001ZZZZ93a30201d37a','68b5e7d1-5e0e-4845-9f36-9490ebcfcb1e','pk_busitype','1','#111111',null,'~',204,null, null,null,null,null,null,'N',0,null,'N','N','N',null,'N','N','N','refer','业务类型',28,'uap.BusitypeVO.businame','','pk_busitype',null,'~',21,'522b8ba3-b844-4ac6-b4ea-eefb5d3aca2d','uap/refer/riart/busitype/index','业务流程',null,'N',null,null,null,'2020-05-20 15:32:57',null,'Y',null);
            go
            insert into pub_form_property(pk_form_property,areaid,classid,code,colnum,color,creationtime,creator,datatype,dataval,defaultvalue,defaultvar,define1,define2,define3,disabled,dr,editformula,hyperlinkflag,iscode,isdefined,ismultiselectedenabled,isnextrow,isrevise,istotal,itemtype,label,maxlength,metadataproperty,metaid,metapath,modifiedtime,modifier,position,proid,refcode,refname,relatemeta,required,resid,showformula,textrows,ts,validateformula,visible,width)
            values('0001ZZZZc03e855d4002','0001ZZZZ93a30201d37a','68b5e7d1-5e0e-4845-9f36-9490ebcfcb1e','pk_transtype','1','#111111',null,'~',204,null, null,null,null,null,null,'N',0,null,'N','N','N',null,'N','N','N','refer','交易类型',28,'uap.BilltypeVO.billtypename','','pk_transtype',null,'~',25,'6d51b43c-5c2e-48bc-a313-fb5404fde626','uap/refer/riart/transtype/index','影响因素交 易类型',null,'N',null,null,null,'2020-05-20 15:32:57',null,'Y',null);
            go
            insert into pub_form_property(pk_form_property,areaid,classid,code,colnum,color,creationtime,creator,datatype,dataval,defaultvalue,defaultvar,define1,define2,define3,disabled,dr,editformula,hyperlinkflag,iscode,isdefined,ismultiselectedenabled,isnextrow,isrevise,istotal,itemtype,label,maxlength,metadataproperty,metaid,metapath,modifiedtime,modifier,position,proid,refcode,refname,relatemeta,required,resid,showformula,textrows,ts,validateformula,visible,width)
            values('0001ZZZZc03e855d4003','0001ZZZZ93a30201d37a','68b5e7d1-5e0e-4845-9f36-9490ebcfcb1e','transtypecode','1','#111111',null,'~',1,null, null,null,null,null,null,'N',0,null,'N','N','N',null,'N','N','N','input','交易类型编码',28,NULL,'','transtypecode',null,'~',24,'0c1f7ecc-a796-4679-a69d-f2b1aabd8153','/common-ref/','-99',null,'N',null,null,null,'2020-05-20 15:32:57',null,'Y',null);
            go
            insert into pub_form_property(pk_form_property,areaid,classid,code,colnum,color,creationtime,creator,datatype,dataval,defaultvalue,defaultvar,define1,define2,define3,disabled,dr,editformula,hyperlinkflag,iscode,isdefined,ismultiselectedenabled,isnextrow,isrevise,istotal,itemtype,label,maxlength,metadataproperty,metaid,metapath,modifiedtime,modifier,position,proid,refcode,refname,relatemeta,required,resid,showformula,textrows,ts,validateformula,visible,width)
            values('0001ZZZZc03e855d4004','0001ZZZZ93a30201d37a','68b5e7d1-5e0e-4845-9f36-9490ebcfcb1e','missionname','1','#111111',null,'~',1,null, null,null,null,null,null,'N',0,null,'N','N','N',null,'N','N','N','input','任务名称',28,NULL,'','missionname',null,'~',5,'90dc3937-cfc9-4f3d-a722-a251419056b0','/common-ref/','-99',null,'N',null,null,null,'2020-05-20 15:32:57',null,'Y',null);
            go
            insert into pub_form_property(pk_form_property,areaid,classid,code,colnum,color,creationtime,creator,datatype,dataval,defaultvalue,defaultvar,define1,define2,define3,disabled,dr,editformula,hyperlinkflag,iscode,isdefined,ismultiselectedenabled,isnextrow,isrevise,istotal,itemtype,label,maxlength,metadataproperty,metaid,metapath,modifiedtime,modifier,position,proid,refcode,refname,relatemeta,required,resid,showformula,textrows,ts,validateformula,visible,width)
            values('0001ZZZZc03e855d4005','0001ZZZZ93a30201d37a','68b5e7d1-5e0e-4845-9f36-9490ebcfcb1e','missiondetail','1','#111111',null,'~',1,null, null,null,null,null,null,'N',0,null,'N','N','N',null,'N','N','N','input','任务描述',28,NULL,'','missiondetail',null,'~',9,'caaa725d-8465-4f92-89a2-b23760d0a4de','/common-ref/','-99',null,'N',null,null,null,'2020-05-20 15:32:57',null,'Y',null);
            go
            insert into pub_form_property(pk_form_property,areaid,classid,code,colnum,color,creationtime,creator,datatype,dataval,defaultvalue,defaultvar,define1,define2,define3,disabled,dr,editformula,hyperlinkflag,iscode,isdefined,ismultiselectedenabled,isnextrow,isrevise,istotal,itemtype,label,maxlength,metadataproperty,metaid,metapath,modifiedtime,modifier,position,proid,refcode,refname,relatemeta,required,resid,showformula,textrows,ts,validateformula,visible,width)
            values('0001ZZZZc03e855d4006','0001ZZZZ93a30201d37a','68b5e7d1-5e0e-4845-9f36-9490ebcfcb1e','missioncode','1','#111111',null,'~',1,null, null,null,null,null,null,'N',0,null,'N','N','N',null,'N','N','N','input','任务编码',28,NULL,'','missioncode',null,'~',4,'91335ca0-184e-41cb-9b34-31a4f7012c7a','/common-ref/','-99',null,'N',null,null,null,'2020-05-20 15:32:57',null,'Y',null);
            go
            insert into pub_form_property(pk_form_property,areaid,classid,code,colnum,color,creationtime,creator,datatype,dataval,defaultvalue,defaultvar,define1,define2,define3,disabled,dr,editformula,hyperlinkflag,iscode,isdefined,ismultiselectedenabled,isnextrow,isrevise,istotal,itemtype,label,maxlength,metadataproperty,metaid,metapath,modifiedtime,modifier,position,proid,refcode,refname,relatemeta,required,resid,showformula,textrows,ts,validateformula,visible,width)
            values('0001ZZZZ764f43de0386','0001ZZZZ76f229395035','68b5e7d1-5e0e-4845-9f36-9490ebcfcb1e','modifier','1','#111111',null,'~',204,null, null,null,null,null,null,'N',0,null,'N','N','N',null,'N','N','N','refer','修改人',28,'uap.user.user_name','','modifier',null,'~',30,'aa31556b-ad1a-427f-a646-dadd98ff7d06','uap/refer/riart/userDefaultRefer/index','用户',null,'N',null,null,null,'2020-05-20 15:32:57',null,'Y',null);
            go
            insert into pub_form_property(pk_form_property,areaid,classid,code,colnum,color,creationtime,creator,datatype,dataval,defaultvalue,defaultvar,define1,define2,define3,disabled,dr,editformula,hyperlinkflag,iscode,isdefined,ismultiselectedenabled,isnextrow,isrevise,istotal,itemtype,label,maxlength,metadataproperty,metaid,metapath,modifiedtime,modifier,position,proid,refcode,refname,relatemeta,required,resid,showformula,textrows,ts,validateformula,visible,width)
            values('0001ZZZZa6fa6e3a118b','0001ZZZZ76f229395035','68b5e7d1-5e0e-4845-9f36-9490ebcfcb1e','modifiedtime','1','#111111',null,'~',34,null, null,null,null,null,null,'N',0,null,'N','N','N',null,'N','N','N','datetimepicker','修改时间',28,NULL,'','modifiedtime',null,'~',31,'b31a90e3-e6bf-4ab6-84ef-62c6da120873','/common-ref/','-99',null,'N',null,null,null,'2020-05-20 15:32:57',null,'Y',null);
            go
            insert into pub_form_property(pk_form_property,areaid,classid,code,colnum,color,creationtime,creator,datatype,dataval,defaultvalue,defaultvar,define1,define2,define3,disabled,dr,editformula,hyperlinkflag,iscode,isdefined,ismultiselectedenabled,isnextrow,isrevise,istotal,itemtype,label,maxlength,metadataproperty,metaid,metapath,modifiedtime,modifier,position,proid,refcode,refname,relatemeta,required,resid,showformula,textrows,ts,validateformula,visible,width)
            values('0001ZZZZ30974bb0e70d','0001ZZZZ76f229395035','68b5e7d1-5e0e-4845-9f36-9490ebcfcb1e','creator','1','#111111',null,'~',204,null, null,null,null,null,null,'N',0,null,'N','N','N',null,'N','N','N','refer','创建人',28,'uap.user.user_name','','creator',null,'~',28,'6ae42053-4a7a-4641-853f-7ad941144c86','uap/refer/riart/userDefaultRefer/index','用户',null,'N',null,null,null,'2020-05-20 15:32:57',null,'Y',null);
            go
            insert into pub_form_property(pk_form_property,areaid,classid,code,colnum,color,creationtime,creator,datatype,dataval,defaultvalue,defaultvar,define1,define2,define3,disabled,dr,editformula,hyperlinkflag,iscode,isdefined,ismultiselectedenabled,isnextrow,isrevise,istotal,itemtype,label,maxlength,metadataproperty,metaid,metapath,modifiedtime,modifier,position,proid,refcode,refname,relatemeta,required,resid,showformula,textrows,ts,validateformula,visible,width)
            values('0001ZZZZ8215515b4aff','0001ZZZZ76f229395035','68b5e7d1-5e0e-4845-9f36-9490ebcfcb1e','creationtime','1','#111111',null,'~',34,null, null,null,null,null,null,'N',0,null,'N','N','N',null,'N','N','N','datetimepicker','创建时间',28,NULL,'','creationtime',null,'~',29,'ef61cb0b-74bd-4974-a00b-0639bb2a844a','/common-ref/','-99',null,'N',null,null,null,'2020-05-20 15:32:57',null,'Y',null);
            go
            insert into pub_form_property(pk_form_property,areaid,classid,code,colnum,color,creationtime,creator,datatype,dataval,defaultvalue,defaultvar,define1,define2,define3,disabled,dr,editformula,hyperlinkflag,iscode,isdefined,ismultiselectedenabled,isnextrow,isrevise,istotal,itemtype,label,maxlength,metadataproperty,metaid,metapath,modifiedtime,modifier,position,proid,refcode,refname,relatemeta,required,resid,showformula,textrows,ts,validateformula,visible,width)
            values('0001ZZZZc03e855d4011','0001ZZZZ93a30201d37a','68b5e7d1-5e0e-4845-9f36-9490ebcfcb1e','billmaker','1','#111111',null,'~',204,null, null,null,null,null,null,'N',0,null,'N','N','N',null,'N','N','N','refer','制单人',28,'uap.user.user_name','','billmaker',null,'~',26,'1f8760c9-8e6b-47e6-8ff9-6ccebe1cfa46','uap/refer/riart/userDefaultRefer/index','用户',null,'N',null,null,null,'2020-05-20 15:32:57',null,'Y',null);
            go
            insert into pub_form_property(pk_form_property,areaid,classid,code,colnum,color,creationtime,creator,datatype,dataval,defaultvalue,defaultvar,define1,define2,define3,disabled,dr,editformula,hyperlinkflag,iscode,isdefined,ismultiselectedenabled,isnextrow,isrevise,istotal,itemtype,label,maxlength,metadataproperty,metaid,metapath,modifiedtime,modifier,position,proid,refcode,refname,relatemeta,required,resid,showformula,textrows,ts,validateformula,visible,width)
            values('0001ZZZZc03e855d4012','0001ZZZZ93a30201d37a','68b5e7d1-5e0e-4845-9f36-9490ebcfcb1e','maketime','1','#111111',null,'~',33,null, null,null,null,null,null,'N',0,null,'N','N','N',null,'N','N','N','datepicker','制单时间',28,NULL,'','maketime',null,'~',27,'8419df85-80a2-49c8-8cc5-b5aff537f5fa','/common-ref/','-99',null,'N',null,null,null,'2020-05-20 15:32:57',null,'Y',null);
            go
            insert into pub_form_property(pk_form_property,areaid,classid,code,colnum,color,creationtime,creator,datatype,dataval,defaultvalue,defaultvar,define1,define2,define3,disabled,dr,editformula,hyperlinkflag,iscode,isdefined,ismultiselectedenabled,isnextrow,isrevise,istotal,itemtype,label,maxlength,metadataproperty,metaid,metapath,modifiedtime,modifier,position,proid,refcode,refname,relatemeta,required,resid,showformula,textrows,ts,validateformula,visible,width)
            values('0001ZZZZc03e855d4013','0001ZZZZ93a30201d37a','68b5e7d1-5e0e-4845-9f36-9490ebcfcb1e','advanceplan','1','#111111',null,'~',1,null, null,null,null,null,null,'N',0,null,'N','N','N',null,'N','N','N','input','前置计划',28,NULL,'','advanceplan',null,'~',10,'b76fade3-3b2e-492f-87d2-ea845f5ada37','/common-ref/','-99',null,'N',null,null,null,'2020-05-20 15:32:57',null,'Y',null);
            go
            insert into pub_form_property(pk_form_property,areaid,classid,code,colnum,color,creationtime,creator,datatype,dataval,defaultvalue,defaultvar,define1,define2,define3,disabled,dr,editformula,hyperlinkflag,iscode,isdefined,ismultiselectedenabled,isnextrow,isrevise,istotal,itemtype,label,maxlength,metadataproperty,metaid,metapath,modifiedtime,modifier,position,proid,refcode,refname,relatemeta,required,resid,showformula,textrows,ts,validateformula,visible,width)
            values('0001ZZZZc03e855d4014','0001ZZZZ93a30201d37a','68b5e7d1-5e0e-4845-9f36-9490ebcfcb1e','billno','1','#111111',null,'~',1,null, null,null,null,null,null,'Y',0,null,'N','N','N',null,'N','N','N','input','单据号',28,NULL,'','billno',null,'~',20,'125ab4a8-17ba-45d6-93e7-35083816bc77','/common-ref/','-99',null,'N',null,null,null,'2020-05-20 15:32:57',null,'Y',null);
            go
            insert into pub_form_property(pk_form_property,areaid,classid,code,colnum,color,creationtime,creator,datatype,dataval,defaultvalue,defaultvar,define1,define2,define3,disabled,dr,editformula,hyperlinkflag,iscode,isdefined,ismultiselectedenabled,isnextrow,isrevise,istotal,itemtype,label,maxlength,metadataproperty,metaid,metapath,modifiedtime,modifier,position,proid,refcode,refname,relatemeta,required,resid,showformula,textrows,ts,validateformula,visible,width)
            values('0001ZZZZc03e855d4015','0001ZZZZ93a30201d37a','68b5e7d1-5e0e-4845-9f36-9490ebcfcb1e','dbilldate','1','#111111',null,'~',33,null, null,null,null,null,null,'N',0,null,'N','N','N',null,'N','N','N','datepicker','单据日期',28,NULL,'','dbilldate',null,'~',18,'b96a303f-7d31-4f32-b682-11814c52fb72','/common-ref/','-99',null,'N',null,null,null,'2020-05-20 15:32:57',null,'Y',null);
            go
            insert into pub_form_property(pk_form_property,areaid,classid,code,colnum,color,creationtime,creator,datatype,dataval,defaultvalue,defaultvar,define1,define2,define3,disabled,dr,editformula,hyperlinkflag,iscode,isdefined,ismultiselectedenabled,isnextrow,isrevise,istotal,itemtype,label,maxlength,metadataproperty,metaid,metapath,modifiedtime,modifier,position,proid,refcode,refname,relatemeta,required,resid,showformula,textrows,ts,validateformula,visible,width)
            values('0001ZZZZc03e855d4016','0001ZZZZ93a30201d37a','68b5e7d1-5e0e-4845-9f36-9490ebcfcb1e','billstatus','1','#111111',null,'~',203,'自由=-1,审批未通过=0,审批通过=1,审批进行中=2,提交=3','-1',null,null,null,null,'Y',0,null,'N','N','N',null,'N','N','N','select','单据状态',28,NULL,'','billstatus',null,'~',19,'7d808c01-fee6-49bd-a852-8fd76df7afaf','/common-ref/','-99',null,'N',null,null,null,'2020-05-20 15:32:57',null,'Y',null);
            go
            insert into pub_form_property(pk_form_property,areaid,classid,code,colnum,color,creationtime,creator,datatype,dataval,defaultvalue,defaultvar,define1,define2,define3,disabled,dr,editformula,hyperlinkflag,iscode,isdefined,ismultiselectedenabled,isnextrow,isrevise,istotal,itemtype,label,maxlength,metadataproperty,metaid,metapath,modifiedtime,modifier,position,proid,refcode,refname,relatemeta,required,resid,showformula,textrows,ts,validateformula,visible,width)
            values('0001ZZZZc03e855d4017','0001ZZZZ93a30201d37a','68b5e7d1-5e0e-4845-9f36-9490ebcfcb1e','pk_billtypeid','1','#111111',null,'~',204,null, null,null,null,null,null,'N',0,null,'N','N','N',null,'N','N','N','refer','单据类型',28,'uap.BilltypeVO.billtypename','','pk_billtypeid',null,'~',22,'709a4f75-53ab-4750-aac5-932f1d69a8c0','uap/refer/riart/billtype/index','影响因素单据类型',null,'N',null,null,null,'2020-05-20 15:32:57',null,'Y',null);
            go
            insert into pub_form_property(pk_form_property,areaid,classid,code,colnum,color,creationtime,creator,datatype,dataval,defaultvalue,defaultvar,define1,define2,define3,disabled,dr,editformula,hyperlinkflag,iscode,isdefined,ismultiselectedenabled,isnextrow,isrevise,istotal,itemtype,label,maxlength,metadataproperty,metaid,metapath,modifiedtime,modifier,position,proid,refcode,refname,relatemeta,required,resid,showformula,textrows,ts,validateformula,visible,width)
            values('0001ZZZZc03e855d4018','0001ZZZZ93a30201d37a','68b5e7d1-5e0e-4845-9f36-9490ebcfcb1e','billtype','1','#111111',null,'~',1,null, null,null,null,null,null,'N',0,null,'N','N','N',null,'N','N','N','input','单据类型编码',28,NULL,'','billtype',null,'~',23,'e1c39eb6-452d-4e17-bf7d-fdc08696ed7d','/common-ref/','-99',null,'N',null,null,null,'2020-05-20 15:32:57',null,'Y',null);
            go
            insert into pub_form_property(pk_form_property,areaid,classid,code,colnum,color,creationtime,creator,datatype,dataval,defaultvalue,defaultvar,define1,define2,define3,disabled,dr,editformula,hyperlinkflag,iscode,isdefined,ismultiselectedenabled,isnextrow,isrevise,istotal,itemtype,label,maxlength,metadataproperty,metaid,metapath,modifiedtime,modifier,position,proid,refcode,refname,relatemeta,required,resid,showformula,textrows,ts,validateformula,visible,width)
            values('0001ZZZZ3f1b52f8ad9d','0001ZZZZ76f229395035','68b5e7d1-5e0e-4845-9f36-9490ebcfcb1e','approver','1','#111111',null,'~',204,null, null,null,null,null,null,'N',0,null,'N','N','N',null,'N','N','N','refer','审批人',28,'uap.user.user_name','','approver',null,'~',32,'7c0223ef-20c8-466d-95d3-a68d24bd4a77','uap/refer/riart/userDefaultRefer/index','用户',null,'N',null,null,null,'2020-05-20 15:32:57',null,'Y',null);
            go
            insert into pub_form_property(pk_form_property,areaid,classid,code,colnum,color,creationtime,creator,datatype,dataval,defaultvalue,defaultvar,define1,define2,define3,disabled,dr,editformula,hyperlinkflag,iscode,isdefined,ismultiselectedenabled,isnextrow,isrevise,istotal,itemtype,label,maxlength,metadataproperty,metaid,metapath,modifiedtime,modifier,position,proid,refcode,refname,relatemeta,required,resid,showformula,textrows,ts,validateformula,visible,width)
            values('0001ZZZZ0cea8585330d','0001ZZZZ76f229395035','68b5e7d1-5e0e-4845-9f36-9490ebcfcb1e','approvenote','1','#111111',null,'~',1,null, null,null,null,null,null,'N',0,null,'N','N','N',null,'N','N','N','input','审批批语',28,NULL,'','approvenote',null,'~',34,'a170e4a4-e153-45e5-b526-58351ef0dfe1','/common-ref/','-99',null,'N',null,null,null,'2020-05-20 15:32:57',null,'Y',null);
            go
            insert into pub_form_property(pk_form_property,areaid,classid,code,colnum,color,creationtime,creator,datatype,dataval,defaultvalue,defaultvar,define1,define2,define3,disabled,dr,editformula,hyperlinkflag,iscode,isdefined,ismultiselectedenabled,isnextrow,isrevise,istotal,itemtype,label,maxlength,metadataproperty,metaid,metapath,modifiedtime,modifier,position,proid,refcode,refname,relatemeta,required,resid,showformula,textrows,ts,validateformula,visible,width)
            values('0001ZZZZa2dbc07e02f3','0001ZZZZ76f229395035','68b5e7d1-5e0e-4845-9f36-9490ebcfcb1e','approvedate','1','#111111',null,'~',34,null, null,null,null,null,null,'N',0,null,'N','N','N',null,'N','N','N','datetimepicker','审批时间',28,NULL,'','approvedate',null,'~',14,'f254d154-cb4a-4dac-a595-631c386c55bf','/common-ref/','-99',null,'N',null,null,null,'2020-05-20 15:32:57',null,'Y',null);
            go
            insert into pub_form_property(pk_form_property,areaid,classid,code,colnum,color,creationtime,creator,datatype,dataval,defaultvalue,defaultvar,define1,define2,define3,disabled,dr,editformula,hyperlinkflag,iscode,isdefined,ismultiselectedenabled,isnextrow,isrevise,istotal,itemtype,label,maxlength,metadataproperty,metaid,metapath,modifiedtime,modifier,position,proid,refcode,refname,relatemeta,required,resid,showformula,textrows,ts,validateformula,visible,width)
            values('0001ZZZZc03e855d4023','0001ZZZZ93a30201d37a','68b5e7d1-5e0e-4845-9f36-9490ebcfcb1e','approvestatus','1','#111111',null,'~',203,'自由=-1,审批未通过=0,审批通过=1,审批进行中=2,提交=3', null,null,null,null,null,'N',0,null,'N','N','N',null,'N','N','N','select','审批状态',28,NULL,'','approvestatus',null,'~',33,'9eb79a46-7820-45ef-bdfc-5504c1d42b9b','/common-ref/','-99',null,'N',null,null,null,'2020-05-20 15:32:57',null,'Y',null);
            go
            insert into pub_form_property(pk_form_property,areaid,classid,code,colnum,color,creationtime,creator,datatype,dataval,defaultvalue,defaultvar,define1,define2,define3,disabled,dr,editformula,hyperlinkflag,iscode,isdefined,ismultiselectedenabled,isnextrow,isrevise,istotal,itemtype,label,maxlength,metadataproperty,metaid,metapath,modifiedtime,modifier,position,proid,refcode,refname,relatemeta,required,resid,showformula,textrows,ts,validateformula,visible,width)
            values('0001ZZZZc03e855d4037','0001ZZZZ93a30201d37a','68b5e7d1-5e0e-4845-9f36-9490ebcfcb1e','pk_org','1','#111111',null,'~',204,null, null,null,null,null,null,'N',0,null,'N','N','N',null,'N','N','N','refer','组织',28,'uap.org.name','','pk_org',null,'~',16,'0bcab799-ff22-421e-8afb-2c9675b58578','uapbd/refer/org/BusinessUnitAndDeptTreeRef/index','业务单元及部门',null,'N',null,null,null,'2020-05-20 15:32:57',null,'Y',null);
            go
            insert into pub_form_property(pk_form_property,areaid,classid,code,colnum,color,creationtime,creator,datatype,dataval,defaultvalue,defaultvar,define1,define2,define3,disabled,dr,editformula,hyperlinkflag,iscode,isdefined,ismultiselectedenabled,isnextrow,isrevise,istotal,itemtype,label,maxlength,metadataproperty,metaid,metapath,modifiedtime,modifier,position,proid,refcode,refname,relatemeta,required,resid,showformula,textrows,ts,validateformula,visible,width)
            values('0001ZZZZc03e855d4038','0001ZZZZ93a30201d37a','68b5e7d1-5e0e-4845-9f36-9490ebcfcb1e','pk_org_v','1','#111111',null,'~',204,null, null,null,null,null,null,'N',0,null,'N','N','N',null,'N','N','N','refer','组织版本',28,'uap.org_v.name','','pk_org_v',null,'~',17,'740afd2e-8a76-48cf-957c-e77e91a9723d','uapbd/refer/orgv/BusinessUnitVersionDefaultAllTreeRef/index','业务单元版本(所有)',null,'N',null,null,null,'2020-05-20 15:32:57',null,'N',null);
            go
            insert into pub_form_property(pk_form_property,areaid,classid,code,colnum,color,creationtime,creator,datatype,dataval,defaultvalue,defaultvar,define1,define2,define3,disabled,dr,editformula,hyperlinkflag,iscode,isdefined,ismultiselectedenabled,isnextrow,isrevise,istotal,itemtype,label,maxlength,metadataproperty,metaid,metapath,modifiedtime,modifier,position,proid,refcode,refname,relatemeta,required,resid,showformula,textrows,ts,validateformula,visible,width)
            values('0001ZZZZc03e855d4089','0001ZZZZ93a30201d37a','68b5e7d1-5e0e-4845-9f36-9490ebcfcb1e','planname','1','#111111',null,'~',1,null, null,null,null,null,null,'N',0,null,'N','N','N',null,'N','N','N','input','计划名称',28,NULL,'','planname',null,'~',3,'2fc5c50c-cf7e-4790-b8e8-98df07dcd60f','/common-ref/','-99',null,'N',null,null,null,'2020-05-20 15:32:57',null,'Y',null);
            go
            insert into pub_form_property(pk_form_property,areaid,classid,code,colnum,color,creationtime,creator,datatype,dataval,defaultvalue,defaultvar,define1,define2,define3,disabled,dr,editformula,hyperlinkflag,iscode,isdefined,ismultiselectedenabled,isnextrow,isrevise,istotal,itemtype,label,maxlength,metadataproperty,metaid,metapath,modifiedtime,modifier,position,proid,refcode,refname,relatemeta,required,resid,showformula,textrows,ts,validateformula,visible,width)
            values('0001ZZZZc03e855d4090','0001ZZZZ93a30201d37a','68b5e7d1-5e0e-4845-9f36-9490ebcfcb1e','planduration','1','#111111',null,'~',1,null, null,null,null,null,null,'N',0,null,'N','N','N',null,'N','N','N','input','计划工期',28,NULL,'','planduration',null,'~',8,'306c2cce-779a-46f6-b0c1-cf1b324e5c00','/common-ref/','-99',null,'N',null,null,null,'2020-05-20 15:32:57',null,'Y',null);
            go
            insert into pub_form_property(pk_form_property,areaid,classid,code,colnum,color,creationtime,creator,datatype,dataval,defaultvalue,defaultvar,define1,define2,define3,disabled,dr,editformula,hyperlinkflag,iscode,isdefined,ismultiselectedenabled,isnextrow,isrevise,istotal,itemtype,label,maxlength,metadataproperty,metaid,metapath,modifiedtime,modifier,position,proid,refcode,refname,relatemeta,required,resid,showformula,textrows,ts,validateformula,visible,width)
            values('0001ZZZZc03e855d4091','0001ZZZZ93a30201d37a','68b5e7d1-5e0e-4845-9f36-9490ebcfcb1e','projectstartdate','1','#111111',null,'~',33,null, null,null,null,null,null,'N',0,null,'N','N','N',null,'N','N','N','datepicker','计划开始日期',28,NULL,'','projectstartdate',null,'~',6,'06880122-5497-48f0-bfef-89cb6d29fd23','/common-ref/','-99',null,'N',null,null,null,'2020-05-20 15:32:57',null,'Y',null);
            go
            insert into pub_form_property(pk_form_property,areaid,classid,code,colnum,color,creationtime,creator,datatype,dataval,defaultvalue,defaultvar,define1,define2,define3,disabled,dr,editformula,hyperlinkflag,iscode,isdefined,ismultiselectedenabled,isnextrow,isrevise,istotal,itemtype,label,maxlength,metadataproperty,metaid,metapath,modifiedtime,modifier,position,proid,refcode,refname,relatemeta,required,resid,showformula,textrows,ts,validateformula,visible,width)
            values('0001ZZZZc03e855d4092','0001ZZZZ93a30201d37a','68b5e7d1-5e0e-4845-9f36-9490ebcfcb1e','projectdeaddate','1','#111111',null,'~',33,null, null,null,null,null,null,'N',0,null,'N','N','N',null,'N','N','N','datepicker','计划截止日期',28,NULL,'','projectdeaddate',null,'~',7,'69e153c5-39e7-473b-be4c-8844fab4bbe6','/common-ref/','-99',null,'N',null,null,null,'2020-05-20 15:32:57',null,'Y',null);
            go
            insert into pub_form_property(pk_form_property,areaid,classid,code,colnum,color,creationtime,creator,datatype,dataval,defaultvalue,defaultvar,define1,define2,define3,disabled,dr,editformula,hyperlinkflag,iscode,isdefined,ismultiselectedenabled,isnextrow,isrevise,istotal,itemtype,label,maxlength,metadataproperty,metaid,metapath,modifiedtime,modifier,position,proid,refcode,refname,relatemeta,required,resid,showformula,textrows,ts,validateformula,visible,width)
            values('0001ZZZZc03e855d4093','0001ZZZZ93a30201d37a','68b5e7d1-5e0e-4845-9f36-9490ebcfcb1e','dutyperson','1','#111111',null,'~',204,null, null,null,null,null,null,'N',0,null,'N','N','N',null,'N','N','N','refer','责任人',28,NULL,'','dutyperson',null,'~',12,'be4e18c0-c9b8-4036-82fd-b34547b4fc39','uapbd/refer/psninfo/PsndocRiartTreeGridRef/index','人员',null,'N',null,null,null,'2020-05-20 15:32:57',null,'Y',null);
            go
            insert into pub_form_property(pk_form_property,areaid,classid,code,colnum,color,creationtime,creator,datatype,dataval,defaultvalue,defaultvar,define1,define2,define3,disabled,dr,editformula,hyperlinkflag,iscode,isdefined,ismultiselectedenabled,isnextrow,isrevise,istotal,itemtype,label,maxlength,metadataproperty,metaid,metapath,modifiedtime,modifier,position,proid,refcode,refname,relatemeta,required,resid,showformula,textrows,ts,validateformula,visible,width)
            values('0001ZZZZc03e855d4094','0001ZZZZ93a30201d37a','68b5e7d1-5e0e-4845-9f36-9490ebcfcb1e','dutydept','1','#111111',null,'~',204,null, null,null,null,null,null,'N',0,null,'N','N','N',null,'N','N','N','refer','责任部门',28,'uap.dept.name','','dutydept',null,'~',13,'5bfa3070-2987-4143-9afa-8921dc772644','uapbd/refer/org/DeptTreeRef/index','部门',null,'N',null,null,null,'2020-05-20 15:32:57',null,'Y',null);
            go
            insert into pub_form_property(pk_form_property,areaid,classid,code,colnum,color,creationtime,creator,datatype,dataval,defaultvalue,defaultvar,define1,define2,define3,disabled,dr,editformula,hyperlinkflag,iscode,isdefined,ismultiselectedenabled,isnextrow,isrevise,istotal,itemtype,label,maxlength,metadataproperty,metaid,metapath,modifiedtime,modifier,position,proid,refcode,refname,relatemeta,required,resid,showformula,textrows,ts,validateformula,visible,width)
            values('0001ZZZZc03e855d4095','0001ZZZZ93a30201d37a','68b5e7d1-5e0e-4845-9f36-9490ebcfcb1e','milepost','1','#111111',null,'~',1,null, null,null,null,null,null,'N',0,null,'N','N','N',null,'N','N','N','input','里程碑',28,NULL,'','milepost',null,'~',11,'63503137-cdc6-48c6-a985-75c70e5b5993','/common-ref/','-99',null,'N',null,null,null,'2020-05-20 15:32:57',null,'Y',null);
            go
            insert into pub_form_property(pk_form_property,areaid,classid,code,colnum,color,creationtime,creator,datatype,dataval,defaultvalue,defaultvar,define1,define2,define3,disabled,dr,editformula,hyperlinkflag,iscode,isdefined,ismultiselectedenabled,isnextrow,isrevise,istotal,itemtype,label,maxlength,metadataproperty,metaid,metapath,modifiedtime,modifier,position,proid,refcode,refname,relatemeta,required,resid,showformula,textrows,ts,validateformula,visible,width)
            values('0001ZZZZc03e855d4096','0001ZZZZ93a30201d37a','68b5e7d1-5e0e-4845-9f36-9490ebcfcb1e','pk_group','1','#111111',null,'~',204,null, null,null,null,null,null,'N',0,null,'N','N','N',null,'N','N','N','refer','集团',28,'uap.group.name','','pk_group',null,'~',15,'4ae72907-5eb3-4830-b5d2-3194ea5152f2','uap/refer/riart/groupTreeRef/index','集团',null,'N',null,null,null,'2020-05-20 15:32:57',null,'Y',null);
            go
            insert into pub_form_property(pk_form_property,areaid,classid,code,colnum,color,creationtime,creator,datatype,dataval,defaultvalue,defaultvar,define1,define2,define3,disabled,dr,editformula,hyperlinkflag,iscode,isdefined,ismultiselectedenabled,isnextrow,isrevise,istotal,itemtype,label,maxlength,metadataproperty,metaid,metapath,modifiedtime,modifier,position,proid,refcode,refname,relatemeta,required,resid,showformula,textrows,ts,validateformula,visible,width)
            values('0001ZZZZc03e855d4097','0001ZZZZ93a30201d37a','68b5e7d1-5e0e-4845-9f36-9490ebcfcb1e','projectname','1','#111111',null,'~',1,null, null,null,null,null,null,'N',0,null,'N','N','N',null,'N','N','N','input','项目名称',28,NULL,'','projectname',null,'~',2,'27054c40-4196-4c92-9771-1f4590b40fb7','/common-ref/','-99',null,'N',null,null,null,'2020-05-20 15:32:57',null,'Y',null);
            go






