insert into pub_page_templet(pk_page_templet,appcode,clazz,code,creationtime,creator,dr,headcode,isdefault,metaid,modifiedtime,modifier,name,pagecode,parentid,pk_group,pk_org,resid,resmodule,templetdesc,ts)
values('0001ZZZZ9b0c1592f1a3','91H10505','nc.vo.adprepare.custregister.AggCustregisterHVO','91H10505_LIST',null,'~',0,'list_head','Y',null,null,'~','客户回访列表','91H10505_LIST','root',null,null,null,null,'客户回访列表页面','2020-05-04 16:02:22');
go

insert into pub_page_templet(pk_page_templet,appcode,clazz,code,creationtime,creator,dr,headcode,isdefault,metaid,modifiedtime,modifier,name,pagecode,parentid,pk_group,pk_org,resid,resmodule,templetdesc,ts)
values('0001ZZZZd669c67ac4cb','91H10505','nc.vo.adprepare.custregister.AggCustregisterHVO','91H10505_CARD',null,'~',0,'card_head','N',null,null,'~','客户回访卡片','91H10505_CARD','root',null,null,null,null,'客户回访卡片页面','2020-05-04 16:02:22');
go

insert into pub_page_templet(pk_page_templet,appcode,clazz,code,creationtime,creator,dr,headcode,isdefault,metaid,modifiedtime,modifier,name,pagecode,parentid,pk_group,pk_org,resid,resmodule,templetdesc,ts)
values('0001ZZZZ6705febe47a7','91H10505','nc.vo.adprepare.custregister.AggCustregisterHVO','91H10505L_CARD',null,'~',0,'card_head','N',null,null,'~','客户回访联查卡片','91H10505L_CARD','root',null,null,null,null,'客户回访联查卡片页面','2020-05-04 16:02:22');
go

insert into pub_page_templet(pk_page_templet,appcode,clazz,code,creationtime,creator,dr,headcode,isdefault,metaid,modifiedtime,modifier,name,pagecode,parentid,pk_group,pk_org,resid,resmodule,templetdesc,ts)
values('0001ZZZZ61af26cfd439','91H10505A','nc.vo.adprepare.custregister.AggCustregisterHVO','91H10505A_CARD',null,'~',0,'card_head','N',null,null,'~','客户回访审批卡片','91H10505A_CARD','root',null,null,null,null,'客户回访审批卡片页面','2020-05-04 16:02:22');
go







insert into pub_area(pk_area,areadesc,areastatus,areatype,clazz,code,creationtime,creator,dr,isunfold,metaid,metaname,metaspace,modifiedtime,modifier,name,pagination,position,relationcode,resid,templetid,ts)
values('0001ZZZZ4ccbd9200945',null,'browse',0,'nc.vo.adprepare.custregister.CustregisterHVO','list_query',null,'~',0,null,'92adc06c-0c3d-4667-b8c6-12e8624f6cb5','客户登记主',null,null,'~','查询区',null,2,null,'','0001ZZZZ9b0c1592f1a3','2020-05-04 16:02:22');
go
insert into pub_area(pk_area,areadesc,areastatus,areatype,clazz,code,creationtime,creator,dr,isunfold,metaid,metaname,metaspace,modifiedtime,modifier,name,pagination,position,relationcode,resid,templetid,ts)
values('0001ZZZZ63576869a3ae',null,'browse',2,'nc.vo.adprepare.custregister.CustregisterHVO','list_head',null,'~',0,null,'92adc06c-0c3d-4667-b8c6-12e8624f6cb5','客户登记主',null,null,'~','表头',null,1,null,'','0001ZZZZ9b0c1592f1a3','2020-05-04 16:02:22');
go




insert into pub_area(pk_area,areadesc,areastatus,areatype,clazz,code,creationtime,creator,dr,isunfold,metaid,metaname,metaspace,modifiedtime,modifier,name,pagination,position,relationcode,resid,templetid,ts)
values('0001ZZZZ80d79173e1bc',null,'browse',1,'nc.vo.adprepare.custregister.CustregisterHVO','card_head',null,'~',0,null,'92adc06c-0c3d-4667-b8c6-12e8624f6cb5','客户登记主','adprepare.custregister',null,'~','客户登记主',null,1,null,null,'0001ZZZZd669c67ac4cb','2020-05-04 16:02:22');
go
insert into pub_area(pk_area,areadesc,areastatus,areatype,clazz,code,creationtime,creator,dr,isunfold,metaid,metaname,metaspace,modifiedtime,modifier,name,pagination,position,relationcode,resid,templetid,ts)
values('0001ZZZZ93589291c22c',null,'browse',1,'nc.vo.adprepare.custregister.CustregisterHVO','card_operate',null,'~',0,null,'92adc06c-0c3d-4667-b8c6-12e8624f6cb5','客户登记主','adprepare.custregister',null,'~','操作信息',null,2,'card_head',null,'0001ZZZZd669c67ac4cb','2020-05-04 16:02:22');
go
insert into pub_area(pk_area,areadesc,areastatus,areatype,clazz,code,creationtime,creator,dr,isunfold,metaid,metaname,metaspace,modifiedtime,modifier,name,pagination,position,relationcode,resid,templetid,ts)
values('0001ZZZZ69a68b8c7c3b',null,'browse',2,'nc.vo.adprepare.custregister.CustregisterBVO','card_body',null,'~',0,null,'92adc06c-0c3d-4667-b8c6-12e8624f6cb5','客户登记主','adprepare.custregister',null,'~','客户回访子',null,3,null,null,'0001ZZZZd669c67ac4cb','2020-05-04 16:02:22');
go
insert into pub_area(pk_area,areadesc,areastatus,areatype,clazz,code,creationtime,creator,dr,isunfold,metaid,metaname,metaspace,modifiedtime,modifier,name,pagination,position,relationcode,resid,templetid,ts)
values('0001ZZZZa6cdfd831d30',null,'edit',1,'nc.vo.adprepare.custregister.CustregisterBVO','card_body_edit',null,'~',0,null,'92adc06c-0c3d-4667-b8c6-12e8624f6cb5','客户登记主','adprepare.custregister',null,'~','客户回访子',null,4,'card_body',null,'0001ZZZZd669c67ac4cb','2020-05-04 16:02:22');
go
insert into pub_area(pk_area,areadesc,areastatus,areatype,clazz,code,creationtime,creator,dr,isunfold,metaid,metaname,metaspace,modifiedtime,modifier,name,pagination,position,relationcode,resid,templetid,ts)
values('0001ZZZZdffeea289494',null,'browse',1,'nc.vo.adprepare.custregister.CustregisterBVO','card_body_browse',null,'~',0,null,'92adc06c-0c3d-4667-b8c6-12e8624f6cb5','客户登记主','adprepare.custregister',null,'~','客户回访子',null,5,'card_body',null,'0001ZZZZd669c67ac4cb','2020-05-04 16:02:22');
go


insert into pub_area(pk_area,areadesc,areastatus,areatype,clazz,code,creationtime,creator,dr,isunfold,metaid,metaname,metaspace,modifiedtime,modifier,name,pagination,position,relationcode,resid,templetid,ts)
values('0001ZZZZ09156364abad',null,'browse',1,'nc.vo.adprepare.custregister.CustregisterHVO','card_head',null,'~',0,null,'92adc06c-0c3d-4667-b8c6-12e8624f6cb5','客户登记主','adprepare.custregister',null,'~','客户登记主',null,1,null,null,'0001ZZZZ6705febe47a7','2020-05-04 16:02:22');
go
insert into pub_area(pk_area,areadesc,areastatus,areatype,clazz,code,creationtime,creator,dr,isunfold,metaid,metaname,metaspace,modifiedtime,modifier,name,pagination,position,relationcode,resid,templetid,ts)
values('0001ZZZZ2db401bcd567',null,'browse',1,'nc.vo.adprepare.custregister.CustregisterHVO','card_operate',null,'~',0,null,'92adc06c-0c3d-4667-b8c6-12e8624f6cb5','客户登记主','adprepare.custregister',null,'~','操作信息',null,2,'card_head',null,'0001ZZZZ6705febe47a7','2020-05-04 16:02:22');
go
insert into pub_area(pk_area,areadesc,areastatus,areatype,clazz,code,creationtime,creator,dr,isunfold,metaid,metaname,metaspace,modifiedtime,modifier,name,pagination,position,relationcode,resid,templetid,ts)
values('0001ZZZZe47d946974fc',null,'browse',2,'nc.vo.adprepare.custregister.CustregisterBVO','card_body',null,'~',0,null,'92adc06c-0c3d-4667-b8c6-12e8624f6cb5','客户登记主','adprepare.custregister',null,'~','客户回访子',null,3,null,null,'0001ZZZZ6705febe47a7','2020-05-04 16:02:22');
go
insert into pub_area(pk_area,areadesc,areastatus,areatype,clazz,code,creationtime,creator,dr,isunfold,metaid,metaname,metaspace,modifiedtime,modifier,name,pagination,position,relationcode,resid,templetid,ts)
values('0001ZZZZb612157e7163',null,'edit',1,'nc.vo.adprepare.custregister.CustregisterBVO','card_body_edit',null,'~',0,null,'92adc06c-0c3d-4667-b8c6-12e8624f6cb5','客户登记主','adprepare.custregister',null,'~','客户回访子',null,4,'card_body',null,'0001ZZZZ6705febe47a7','2020-05-04 16:02:22');
go
insert into pub_area(pk_area,areadesc,areastatus,areatype,clazz,code,creationtime,creator,dr,isunfold,metaid,metaname,metaspace,modifiedtime,modifier,name,pagination,position,relationcode,resid,templetid,ts)
values('0001ZZZZ44f6adb51bc1',null,'browse',1,'nc.vo.adprepare.custregister.CustregisterBVO','card_body_browse',null,'~',0,null,'92adc06c-0c3d-4667-b8c6-12e8624f6cb5','客户登记主','adprepare.custregister',null,'~','客户回访子',null,5,'card_body',null,'0001ZZZZ6705febe47a7','2020-05-04 16:02:22');
go

insert into pub_area(pk_area,areadesc,areastatus,areatype,clazz,code,creationtime,creator,dr,isunfold,metaid,metaname,metaspace,modifiedtime,modifier,name,pagination,position,relationcode,resid,templetid,ts)
values('0001ZZZZc5fe9b0aea78',null,'browse',1,'nc.vo.adprepare.custregister.CustregisterHVO','card_head',null,'~',0,null,'92adc06c-0c3d-4667-b8c6-12e8624f6cb5','客户登记主','adprepare.custregister',null,'~','客户登记主',null,1,null,null,'0001ZZZZ61af26cfd439','2020-05-04 16:02:22');
go
insert into pub_area(pk_area,areadesc,areastatus,areatype,clazz,code,creationtime,creator,dr,isunfold,metaid,metaname,metaspace,modifiedtime,modifier,name,pagination,position,relationcode,resid,templetid,ts)
values('0001ZZZZf4e174008f57',null,'browse',1,'nc.vo.adprepare.custregister.CustregisterHVO','card_operate',null,'~',0,null,'92adc06c-0c3d-4667-b8c6-12e8624f6cb5','客户登记主','adprepare.custregister',null,'~','操作信息',null,2,'card_head',null,'0001ZZZZ61af26cfd439','2020-05-04 16:02:22');
go
insert into pub_area(pk_area,areadesc,areastatus,areatype,clazz,code,creationtime,creator,dr,isunfold,metaid,metaname,metaspace,modifiedtime,modifier,name,pagination,position,relationcode,resid,templetid,ts)
values('0001ZZZZ90663206c952',null,'browse',2,'nc.vo.adprepare.custregister.CustregisterBVO','card_body',null,'~',0,null,'92adc06c-0c3d-4667-b8c6-12e8624f6cb5','客户登记主','adprepare.custregister',null,'~','客户回访子',null,3,null,null,'0001ZZZZ61af26cfd439','2020-05-04 16:02:22');
go
insert into pub_area(pk_area,areadesc,areastatus,areatype,clazz,code,creationtime,creator,dr,isunfold,metaid,metaname,metaspace,modifiedtime,modifier,name,pagination,position,relationcode,resid,templetid,ts)
values('0001ZZZZb59c3ae90414',null,'edit',1,'nc.vo.adprepare.custregister.CustregisterBVO','card_body_edit',null,'~',0,null,'92adc06c-0c3d-4667-b8c6-12e8624f6cb5','客户登记主','adprepare.custregister',null,'~','客户回访子',null,4,'card_body',null,'0001ZZZZ61af26cfd439','2020-05-04 16:02:22');
go
insert into pub_area(pk_area,areadesc,areastatus,areatype,clazz,code,creationtime,creator,dr,isunfold,metaid,metaname,metaspace,modifiedtime,modifier,name,pagination,position,relationcode,resid,templetid,ts)
values('0001ZZZZ080efa1ba773',null,'browse',1,'nc.vo.adprepare.custregister.CustregisterBVO','card_body_browse',null,'~',0,null,'92adc06c-0c3d-4667-b8c6-12e8624f6cb5','客户登记主','adprepare.custregister',null,'~','客户回访子',null,5,'card_body',null,'0001ZZZZ61af26cfd439','2020-05-04 16:02:22');
go




            insert into pub_query_property(pk_query_property,areaid,classid,code,containlower,creationtime,creator,datatype,dataval,defaultvalue,define1,define2,define3,define4,define5,disabled,dr,isbeyondorg,ischeck,isdefined,isfixedcondition,ismultiselectedenabled,isnotmeta,isquerycondition,isuse,itemtype,label,maxlength,metadataproperty,metapath,opersign,opersignname,position,proid,querytablename,refcode,refname,required,resid,returntype,showtype,tablecode,ts,usefunc,visible,visibleposition,width)
            values('0001ZZZZ7bdea197afdc','0001ZZZZ4ccbd9200945','92adc06c-0c3d-4667-b8c6-12e8624f6cb5','pk_busitype',null,null,'~',204,'','','','','','','','N',0,'N','N','N','N','N','N','Y','Y','refer','业务类型',20,'uap.BusitypeVO.businame','pk_busitype','=@','等于@',13,'cf2738ed-680d-405b-a2ae-61caee410f56','','uap/refer/riart/busitype/index','业务流程','N','','refpk',1,'','2020-05-04 16:02:22','N','Y',null,1);
            go
            insert into pub_query_property(pk_query_property,areaid,classid,code,containlower,creationtime,creator,datatype,dataval,defaultvalue,define1,define2,define3,define4,define5,disabled,dr,isbeyondorg,ischeck,isdefined,isfixedcondition,ismultiselectedenabled,isnotmeta,isquerycondition,isuse,itemtype,label,maxlength,metadataproperty,metapath,opersign,opersignname,position,proid,querytablename,refcode,refname,required,resid,returntype,showtype,tablecode,ts,usefunc,visible,visibleposition,width)
            values('0001ZZZZ272565fe6777','0001ZZZZ4ccbd9200945','92adc06c-0c3d-4667-b8c6-12e8624f6cb5','pk_transtype',null,null,'~',204,'','','','','','','','N',0,'N','N','N','N','N','N','Y','Y','refer','交易类型',20,'uap.BilltypeVO.billtypename','pk_transtype','=@','等于@',17,'7831ae37-398c-4dd0-abf8-a0c5fc1fa2f2','','uap/refer/riart/transtype/index','影响因素交 易类型','N','','refpk',1,'','2020-05-04 16:02:22','N','Y',null,1);
            go
            insert into pub_query_property(pk_query_property,areaid,classid,code,containlower,creationtime,creator,datatype,dataval,defaultvalue,define1,define2,define3,define4,define5,disabled,dr,isbeyondorg,ischeck,isdefined,isfixedcondition,ismultiselectedenabled,isnotmeta,isquerycondition,isuse,itemtype,label,maxlength,metadataproperty,metapath,opersign,opersignname,position,proid,querytablename,refcode,refname,required,resid,returntype,showtype,tablecode,ts,usefunc,visible,visibleposition,width)
            values('0001ZZZZb28c24cb7cfc','0001ZZZZ4ccbd9200945','92adc06c-0c3d-4667-b8c6-12e8624f6cb5','transtypecode',null,null,'~',1,'','','','','','','','N',0,'N','N','N','N','N','N','Y','Y','input','交易类型编码',50,NULL,'transtypecode','=@','等于@',16,'d01df76d-92a2-49ae-9213-611a76d91780','','/common-ref/','-99','N','','refpk',1,'','2020-05-04 16:02:22','N','Y',null,1);
            go
            insert into pub_query_property(pk_query_property,areaid,classid,code,containlower,creationtime,creator,datatype,dataval,defaultvalue,define1,define2,define3,define4,define5,disabled,dr,isbeyondorg,ischeck,isdefined,isfixedcondition,ismultiselectedenabled,isnotmeta,isquerycondition,isuse,itemtype,label,maxlength,metadataproperty,metapath,opersign,opersignname,position,proid,querytablename,refcode,refname,required,resid,returntype,showtype,tablecode,ts,usefunc,visible,visibleposition,width)
            values('0001ZZZZ5e41e981eac1','0001ZZZZ4ccbd9200945','92adc06c-0c3d-4667-b8c6-12e8624f6cb5','modifier',null,null,'~',204,'','','','','','','','N',0,'N','N','N','N','N','N','Y','Y','refer','修改人',20,'uap.user.user_name','modifier','=@','等于@',22,'ea2bf702-ea02-4b9b-88bd-a4b69b0a8cc1','','uap/refer/riart/userDefaultRefer/index','用户','N','','refpk',1,'','2020-05-04 16:02:22','N','Y',null,1);
            go
            insert into pub_query_property(pk_query_property,areaid,classid,code,containlower,creationtime,creator,datatype,dataval,defaultvalue,define1,define2,define3,define4,define5,disabled,dr,isbeyondorg,ischeck,isdefined,isfixedcondition,ismultiselectedenabled,isnotmeta,isquerycondition,isuse,itemtype,label,maxlength,metadataproperty,metapath,opersign,opersignname,position,proid,querytablename,refcode,refname,required,resid,returntype,showtype,tablecode,ts,usefunc,visible,visibleposition,width)
            values('0001ZZZZ3d8bd2226173','0001ZZZZ4ccbd9200945','92adc06c-0c3d-4667-b8c6-12e8624f6cb5','modifiedtime',null,null,'~',34,'','','','','','','','N',0,'N','N','N','N','N','N','Y','Y','datetimepicker','修改时间',19,NULL,'modifiedtime','=@','等于@',23,'c0ad3288-1e12-4211-8bb8-1b3fa5d2f108','','/common-ref/','-99','N','','refpk',1,'','2020-05-04 16:02:22','N','Y',null,1);
            go
            insert into pub_query_property(pk_query_property,areaid,classid,code,containlower,creationtime,creator,datatype,dataval,defaultvalue,define1,define2,define3,define4,define5,disabled,dr,isbeyondorg,ischeck,isdefined,isfixedcondition,ismultiselectedenabled,isnotmeta,isquerycondition,isuse,itemtype,label,maxlength,metadataproperty,metapath,opersign,opersignname,position,proid,querytablename,refcode,refname,required,resid,returntype,showtype,tablecode,ts,usefunc,visible,visibleposition,width)
            values('0001ZZZZf3341cf1c448','0001ZZZZ4ccbd9200945','92adc06c-0c3d-4667-b8c6-12e8624f6cb5','creator',null,null,'~',204,'','','','','','','','N',0,'N','N','N','N','N','N','Y','Y','refer','创建人',20,'uap.user.user_name','creator','=@','等于@',20,'d0ba6acf-a1a1-4679-a1b1-d524cfbb1db0','','uap/refer/riart/userDefaultRefer/index','用户','N','','refpk',1,'','2020-05-04 16:02:22','N','Y',null,1);
            go
            insert into pub_query_property(pk_query_property,areaid,classid,code,containlower,creationtime,creator,datatype,dataval,defaultvalue,define1,define2,define3,define4,define5,disabled,dr,isbeyondorg,ischeck,isdefined,isfixedcondition,ismultiselectedenabled,isnotmeta,isquerycondition,isuse,itemtype,label,maxlength,metadataproperty,metapath,opersign,opersignname,position,proid,querytablename,refcode,refname,required,resid,returntype,showtype,tablecode,ts,usefunc,visible,visibleposition,width)
            values('0001ZZZZ5a65974c33b2','0001ZZZZ4ccbd9200945','92adc06c-0c3d-4667-b8c6-12e8624f6cb5','creationtime',null,null,'~',34,'','','','','','','','N',0,'N','N','N','N','N','N','Y','Y','datetimepicker','创建时间',19,NULL,'creationtime','=@','等于@',21,'bc04ea09-a5a9-416c-bb9f-01beaa975f15','','/common-ref/','-99','N','','refpk',1,'','2020-05-04 16:02:22','N','Y',null,1);
            go
            insert into pub_query_property(pk_query_property,areaid,classid,code,containlower,creationtime,creator,datatype,dataval,defaultvalue,define1,define2,define3,define4,define5,disabled,dr,isbeyondorg,ischeck,isdefined,isfixedcondition,ismultiselectedenabled,isnotmeta,isquerycondition,isuse,itemtype,label,maxlength,metadataproperty,metapath,opersign,opersignname,position,proid,querytablename,refcode,refname,required,resid,returntype,showtype,tablecode,ts,usefunc,visible,visibleposition,width)
            values('0001ZZZZ9f0400795195','0001ZZZZ4ccbd9200945','92adc06c-0c3d-4667-b8c6-12e8624f6cb5','billmaker',null,null,'~',204,'','','','','','','','N',0,'N','N','N','N','N','N','Y','Y','refer','制单人',20,'uap.user.user_name','billmaker','=@','等于@',18,'2be845b2-646f-42ca-9fd6-1708496bd672','','uap/refer/riart/userDefaultRefer/index','用户','N','','refpk',1,'','2020-05-04 16:02:22','N','Y',null,1);
            go
            insert into pub_query_property(pk_query_property,areaid,classid,code,containlower,creationtime,creator,datatype,dataval,defaultvalue,define1,define2,define3,define4,define5,disabled,dr,isbeyondorg,ischeck,isdefined,isfixedcondition,ismultiselectedenabled,isnotmeta,isquerycondition,isuse,itemtype,label,maxlength,metadataproperty,metapath,opersign,opersignname,position,proid,querytablename,refcode,refname,required,resid,returntype,showtype,tablecode,ts,usefunc,visible,visibleposition,width)
            values('0001ZZZZ1eb2a9db4d1d','0001ZZZZ4ccbd9200945','92adc06c-0c3d-4667-b8c6-12e8624f6cb5','maketime',null,null,'~',33,'','','','','','','','N',0,'N','N','N','N','N','N','Y','Y','datepicker','制单时间',19,NULL,'maketime','=@','等于@',19,'c9004fd4-0e64-43b0-b008-5ac86da8bf08','','/common-ref/','-99','N','','refpk',1,'','2020-05-04 16:02:22','N','Y',null,1);
            go
            insert into pub_query_property(pk_query_property,areaid,classid,code,containlower,creationtime,creator,datatype,dataval,defaultvalue,define1,define2,define3,define4,define5,disabled,dr,isbeyondorg,ischeck,isdefined,isfixedcondition,ismultiselectedenabled,isnotmeta,isquerycondition,isuse,itemtype,label,maxlength,metadataproperty,metapath,opersign,opersignname,position,proid,querytablename,refcode,refname,required,resid,returntype,showtype,tablecode,ts,usefunc,visible,visibleposition,width)
            values('0001ZZZZe27eec12fc50','0001ZZZZ4ccbd9200945','92adc06c-0c3d-4667-b8c6-12e8624f6cb5','vbillcode',null,null,'~',1,'','','','','','','','Y',0,'N','N','N','N','N','N','Y','Y','input','单据号',50,NULL,'vbillcode','=@','等于@',12,'13f13757-95ff-468a-a280-bdd6e1acf07d','','/common-ref/','-99','N','','refpk',1,'','2020-05-04 16:02:22','N','Y',null,1);
            go
            insert into pub_query_property(pk_query_property,areaid,classid,code,containlower,creationtime,creator,datatype,dataval,defaultvalue,define1,define2,define3,define4,define5,disabled,dr,isbeyondorg,ischeck,isdefined,isfixedcondition,ismultiselectedenabled,isnotmeta,isquerycondition,isuse,itemtype,label,maxlength,metadataproperty,metapath,opersign,opersignname,position,proid,querytablename,refcode,refname,required,resid,returntype,showtype,tablecode,ts,usefunc,visible,visibleposition,width)
            values('0001ZZZZ903958e7582a','0001ZZZZ4ccbd9200945','92adc06c-0c3d-4667-b8c6-12e8624f6cb5','dbilldate',null,null,'~',33,'','','','','','','','N',0,'N','N','N','N','N','N','Y','Y','datepicker','单据日期',19,NULL,'dbilldate','=@','等于@',6,'d2fb4ed3-90e1-43b8-a2eb-4d01d9023a89','','/common-ref/','-99','N','','refpk',1,'','2020-05-04 16:02:22','N','Y',null,1);
            go
            insert into pub_query_property(pk_query_property,areaid,classid,code,containlower,creationtime,creator,datatype,dataval,defaultvalue,define1,define2,define3,define4,define5,disabled,dr,isbeyondorg,ischeck,isdefined,isfixedcondition,ismultiselectedenabled,isnotmeta,isquerycondition,isuse,itemtype,label,maxlength,metadataproperty,metapath,opersign,opersignname,position,proid,querytablename,refcode,refname,required,resid,returntype,showtype,tablecode,ts,usefunc,visible,visibleposition,width)
            values('0001ZZZZ4cda135be36f','0001ZZZZ4ccbd9200945','92adc06c-0c3d-4667-b8c6-12e8624f6cb5','fstatusflag',null,null,'~',203,'自由=-1,审批未通过=0,审批通过=1,审批进行中=2,提交=3','','','','','','','N',0,'N','N','N','N','N','N','Y','Y','select','单据状态',50,NULL,'fstatusflag','=@','等于@',11,'1069e248-602c-45ee-b654-344f78776476','','/common-ref/','-99','N','','refpk',1,'','2020-05-04 16:02:22','N','Y',null,1);
            go
            insert into pub_query_property(pk_query_property,areaid,classid,code,containlower,creationtime,creator,datatype,dataval,defaultvalue,define1,define2,define3,define4,define5,disabled,dr,isbeyondorg,ischeck,isdefined,isfixedcondition,ismultiselectedenabled,isnotmeta,isquerycondition,isuse,itemtype,label,maxlength,metadataproperty,metapath,opersign,opersignname,position,proid,querytablename,refcode,refname,required,resid,returntype,showtype,tablecode,ts,usefunc,visible,visibleposition,width)
            values('0001ZZZZ6d926c21f443','0001ZZZZ4ccbd9200945','92adc06c-0c3d-4667-b8c6-12e8624f6cb5','pk_billtypeid',null,null,'~',204,'','','','','','','','N',0,'N','N','N','N','N','N','Y','Y','refer','单据类型',20,'uap.BilltypeVO.billtypename','pk_billtypeid','=@','等于@',14,'22a239ce-527a-423d-b087-11506b077279','','uap/refer/riart/billtype/index','影响因素单据类型','N','','refpk',1,'','2020-05-04 16:02:22','N','Y',null,1);
            go
            insert into pub_query_property(pk_query_property,areaid,classid,code,containlower,creationtime,creator,datatype,dataval,defaultvalue,define1,define2,define3,define4,define5,disabled,dr,isbeyondorg,ischeck,isdefined,isfixedcondition,ismultiselectedenabled,isnotmeta,isquerycondition,isuse,itemtype,label,maxlength,metadataproperty,metapath,opersign,opersignname,position,proid,querytablename,refcode,refname,required,resid,returntype,showtype,tablecode,ts,usefunc,visible,visibleposition,width)
            values('0001ZZZZ12ebebdec713','0001ZZZZ4ccbd9200945','92adc06c-0c3d-4667-b8c6-12e8624f6cb5','billtype',null,null,'~',1,'','','','','','','','N',0,'N','N','N','N','N','N','Y','Y','input','单据类型编码',50,NULL,'billtype','=@','等于@',15,'f33f6bea-4faa-4c6d-9862-14da2d684358','','/common-ref/','-99','N','','refpk',1,'','2020-05-04 16:02:22','N','Y',null,1);
            go
            insert into pub_query_property(pk_query_property,areaid,classid,code,containlower,creationtime,creator,datatype,dataval,defaultvalue,define1,define2,define3,define4,define5,disabled,dr,isbeyondorg,ischeck,isdefined,isfixedcondition,ismultiselectedenabled,isnotmeta,isquerycondition,isuse,itemtype,label,maxlength,metadataproperty,metapath,opersign,opersignname,position,proid,querytablename,refcode,refname,required,resid,returntype,showtype,tablecode,ts,usefunc,visible,visibleposition,width)
            values('0001ZZZZ63f33e9f7741','0001ZZZZ4ccbd9200945','92adc06c-0c3d-4667-b8c6-12e8624f6cb5','revisitdate',null,null,'~',33,'','','','','','','','N',0,'N','N','N','N','N','N','Y','Y','datepicker','回访日期',19,NULL,'revisitdate','=@','等于@',7,'92aa47aa-3d2a-4ff4-8a7d-34204870cf52','','/common-ref/','-99','N','','refpk',1,'','2020-05-04 16:02:22','N','Y',null,1);
            go
            insert into pub_query_property(pk_query_property,areaid,classid,code,containlower,creationtime,creator,datatype,dataval,defaultvalue,define1,define2,define3,define4,define5,disabled,dr,isbeyondorg,ischeck,isdefined,isfixedcondition,ismultiselectedenabled,isnotmeta,isquerycondition,isuse,itemtype,label,maxlength,metadataproperty,metapath,opersign,opersignname,position,proid,querytablename,refcode,refname,required,resid,returntype,showtype,tablecode,ts,usefunc,visible,visibleposition,width)
            values('0001ZZZZ43f4e0e08933','0001ZZZZ4ccbd9200945','92adc06c-0c3d-4667-b8c6-12e8624f6cb5','vnote',null,null,'~',1,'','','','','','','','N',0,'N','N','N','N','N','N','Y','Y','input','备注',200,NULL,'vnote','=@','等于@',27,'7e928b94-abdc-48fe-a480-67278df07637','','/common-ref/','-99','N','','refpk',1,'','2020-05-04 16:02:22','N','Y',null,1);
            go
            insert into pub_query_property(pk_query_property,areaid,classid,code,containlower,creationtime,creator,datatype,dataval,defaultvalue,define1,define2,define3,define4,define5,disabled,dr,isbeyondorg,ischeck,isdefined,isfixedcondition,ismultiselectedenabled,isnotmeta,isquerycondition,isuse,itemtype,label,maxlength,metadataproperty,metapath,opersign,opersignname,position,proid,querytablename,refcode,refname,required,resid,returntype,showtype,tablecode,ts,usefunc,visible,visibleposition,width)
            values('0001ZZZZ5ec8e3124721','0001ZZZZ4ccbd9200945','92adc06c-0c3d-4667-b8c6-12e8624f6cb5','approver',null,null,'~',204,'','','','','','','','N',0,'N','N','N','N','N','N','Y','Y','refer','审批人',20,'uap.user.user_name','approver','=@','等于@',24,'2fe8cd05-1796-4643-b4db-0b27a8491344','','uap/refer/riart/userDefaultRefer/index','用户','N','','refpk',1,'','2020-05-04 16:02:22','N','Y',null,1);
            go
            insert into pub_query_property(pk_query_property,areaid,classid,code,containlower,creationtime,creator,datatype,dataval,defaultvalue,define1,define2,define3,define4,define5,disabled,dr,isbeyondorg,ischeck,isdefined,isfixedcondition,ismultiselectedenabled,isnotmeta,isquerycondition,isuse,itemtype,label,maxlength,metadataproperty,metapath,opersign,opersignname,position,proid,querytablename,refcode,refname,required,resid,returntype,showtype,tablecode,ts,usefunc,visible,visibleposition,width)
            values('0001ZZZZ5aa284a661db','0001ZZZZ4ccbd9200945','92adc06c-0c3d-4667-b8c6-12e8624f6cb5','approvenote',null,null,'~',1,'','','','','','','','N',0,'N','N','N','N','N','N','Y','Y','input','审批批语',50,NULL,'approvenote','=@','等于@',26,'55977d9b-fd0b-4d63-ab1d-0a8665ac6441','','/common-ref/','-99','N','','refpk',1,'','2020-05-04 16:02:22','N','Y',null,1);
            go
            insert into pub_query_property(pk_query_property,areaid,classid,code,containlower,creationtime,creator,datatype,dataval,defaultvalue,define1,define2,define3,define4,define5,disabled,dr,isbeyondorg,ischeck,isdefined,isfixedcondition,ismultiselectedenabled,isnotmeta,isquerycondition,isuse,itemtype,label,maxlength,metadataproperty,metapath,opersign,opersignname,position,proid,querytablename,refcode,refname,required,resid,returntype,showtype,tablecode,ts,usefunc,visible,visibleposition,width)
            values('0001ZZZZ549656a5daa4','0001ZZZZ4ccbd9200945','92adc06c-0c3d-4667-b8c6-12e8624f6cb5','approvedate',null,null,'~',34,'','','','','','','','N',0,'N','N','N','N','N','N','Y','Y','datetimepicker','审批时间',19,NULL,'approvedate','=@','等于@',2,'ce80de57-bce1-4b00-87ae-b4e3e6b21c3a','','/common-ref/','-99','N','','refpk',1,'','2020-05-04 16:02:22','N','Y',null,1);
            go
            insert into pub_query_property(pk_query_property,areaid,classid,code,containlower,creationtime,creator,datatype,dataval,defaultvalue,define1,define2,define3,define4,define5,disabled,dr,isbeyondorg,ischeck,isdefined,isfixedcondition,ismultiselectedenabled,isnotmeta,isquerycondition,isuse,itemtype,label,maxlength,metadataproperty,metapath,opersign,opersignname,position,proid,querytablename,refcode,refname,required,resid,returntype,showtype,tablecode,ts,usefunc,visible,visibleposition,width)
            values('0001ZZZZ0466322e7466','0001ZZZZ4ccbd9200945','92adc06c-0c3d-4667-b8c6-12e8624f6cb5','approvestatus',null,null,'~',203,'自由=-1,审批未通过=0,审批通过=1,审批进行中=2,提交=3','','','','','','','N',0,'N','N','N','N','N','N','Y','Y','select','审批状态',50,NULL,'approvestatus','=@','等于@',25,'1194aa38-4323-4ae6-951c-735b41815e7f','','/common-ref/','-99','N','','refpk',1,'','2020-05-04 16:02:22','N','Y',null,1);
            go
            insert into pub_query_property(pk_query_property,areaid,classid,code,containlower,creationtime,creator,datatype,dataval,defaultvalue,define1,define2,define3,define4,define5,disabled,dr,isbeyondorg,ischeck,isdefined,isfixedcondition,ismultiselectedenabled,isnotmeta,isquerycondition,isuse,itemtype,label,maxlength,metadataproperty,metapath,opersign,opersignname,position,proid,querytablename,refcode,refname,required,resid,returntype,showtype,tablecode,ts,usefunc,visible,visibleposition,width)
            values('0001ZZZZ913a378dd654','0001ZZZZ4ccbd9200945','92adc06c-0c3d-4667-b8c6-12e8624f6cb5','custname',null,null,'~',204,'','','','','','','','N',0,'N','N','N','N','N','N','Y','Y','refer','客户名称',20,'uap.customer.name','custname','=@','等于@',8,'b3640a3d-a491-4ca0-ad59-5a63c6deda81','','uapbd/refer/customer/CustomerDefaultTreeGridRef/index','客户档案','N','','refpk',1,'','2020-05-04 16:02:22','N','Y',null,1);
            go
            insert into pub_query_property(pk_query_property,areaid,classid,code,containlower,creationtime,creator,datatype,dataval,defaultvalue,define1,define2,define3,define4,define5,disabled,dr,isbeyondorg,ischeck,isdefined,isfixedcondition,ismultiselectedenabled,isnotmeta,isquerycondition,isuse,itemtype,label,maxlength,metadataproperty,metapath,opersign,opersignname,position,proid,querytablename,refcode,refname,required,resid,returntype,showtype,tablecode,ts,usefunc,visible,visibleposition,width)
            values('0001ZZZZ0c0df95af4c2','0001ZZZZ4ccbd9200945','92adc06c-0c3d-4667-b8c6-12e8624f6cb5','pk_org',null,null,'~',204,'','','','','','','','N',0,'N','N','N','N','N','N','Y','Y','refer','组织',20,'uap.org.name','pk_org','=@','等于@',4,'976c6a13-5824-4348-9e81-5db631864497','','uapbd/refer/org/BusinessUnitAndDeptTreeRef/index','业务单元及部门','N','','refpk',1,'','2020-05-04 16:02:22','N','Y',null,1);
            go
            insert into pub_query_property(pk_query_property,areaid,classid,code,containlower,creationtime,creator,datatype,dataval,defaultvalue,define1,define2,define3,define4,define5,disabled,dr,isbeyondorg,ischeck,isdefined,isfixedcondition,ismultiselectedenabled,isnotmeta,isquerycondition,isuse,itemtype,label,maxlength,metadataproperty,metapath,opersign,opersignname,position,proid,querytablename,refcode,refname,required,resid,returntype,showtype,tablecode,ts,usefunc,visible,visibleposition,width)
            values('0001ZZZZ9167ca354a10','0001ZZZZ4ccbd9200945','92adc06c-0c3d-4667-b8c6-12e8624f6cb5','pk_org_v',null,null,'~',204,'','','','','','','','N',0,'N','N','N','N','N','N','Y','Y','refer','组织版本',20,'uap.org_v.name','pk_org_v','=@','等于@',5,'f84d6c61-65f9-4009-9f94-b41988d7c9d9','','uapbd/refer/orgv/BusinessUnitVersionDefaultAllTreeRef/index','业务单元版本(所有)','N','','refpk',1,'','2020-05-04 16:02:22','N','N',null,1);
            go
            insert into pub_query_property(pk_query_property,areaid,classid,code,containlower,creationtime,creator,datatype,dataval,defaultvalue,define1,define2,define3,define4,define5,disabled,dr,isbeyondorg,ischeck,isdefined,isfixedcondition,ismultiselectedenabled,isnotmeta,isquerycondition,isuse,itemtype,label,maxlength,metadataproperty,metapath,opersign,opersignname,position,proid,querytablename,refcode,refname,required,resid,returntype,showtype,tablecode,ts,usefunc,visible,visibleposition,width)
            values('0001ZZZZa500314b9d12','0001ZZZZ4ccbd9200945','92adc06c-0c3d-4667-b8c6-12e8624f6cb5','handingperson',null,null,'~',204,'','','','','','','','N',0,'N','N','N','N','N','N','Y','Y','refer','经办人名称',20,NULL,'handingperson','=@','等于@',10,'4767424e-5c2c-4cf4-b62d-3714800aed3d','','uapbd/refer/psninfo/PsndocRiartTreeGridRef/index','人员','N','','refpk',1,'','2020-05-04 16:02:22','N','Y',null,1);
            go
            insert into pub_query_property(pk_query_property,areaid,classid,code,containlower,creationtime,creator,datatype,dataval,defaultvalue,define1,define2,define3,define4,define5,disabled,dr,isbeyondorg,ischeck,isdefined,isfixedcondition,ismultiselectedenabled,isnotmeta,isquerycondition,isuse,itemtype,label,maxlength,metadataproperty,metapath,opersign,opersignname,position,proid,querytablename,refcode,refname,required,resid,returntype,showtype,tablecode,ts,usefunc,visible,visibleposition,width)
            values('0001ZZZZ7bcc53ca7696','0001ZZZZ4ccbd9200945','92adc06c-0c3d-4667-b8c6-12e8624f6cb5','handingdept',null,null,'~',204,'','','','','','','','N',0,'N','N','N','N','N','N','Y','Y','refer','经办部门名称',20,'uap.dept.name','handingdept','=@','等于@',9,'89278806-0410-4a7f-8b72-3aaa4cc98bf6','','uapbd/refer/org/DeptTreeRef/index','部门','N','','refpk',1,'','2020-05-04 16:02:22','N','Y',null,1);
            go
            insert into pub_query_property(pk_query_property,areaid,classid,code,containlower,creationtime,creator,datatype,dataval,defaultvalue,define1,define2,define3,define4,define5,disabled,dr,isbeyondorg,ischeck,isdefined,isfixedcondition,ismultiselectedenabled,isnotmeta,isquerycondition,isuse,itemtype,label,maxlength,metadataproperty,metapath,opersign,opersignname,position,proid,querytablename,refcode,refname,required,resid,returntype,showtype,tablecode,ts,usefunc,visible,visibleposition,width)
            values('0001ZZZZ1ffed93f42ad','0001ZZZZ4ccbd9200945','92adc06c-0c3d-4667-b8c6-12e8624f6cb5','pk_group',null,null,'~',204,'','','','','','','','N',0,'N','N','N','N','N','N','Y','Y','refer','集团',20,'uap.group.name','pk_group','=@','等于@',3,'f0388e66-f2ab-4f78-94af-10367bcf3813','','uap/refer/riart/groupTreeRef/index','集团','N','','refpk',1,'','2020-05-04 16:02:22','N','Y',null,1);
            go


        insert into pub_form_property(pk_form_property,areaid,classid,code,colnum,color,creationtime,creator,datatype,dataval,defaultvalue,defaultvar,define1,define2,define3,disabled,dr,editformula,hyperlinkflag,iscode,isdefined,ismultiselectedenabled,isnextrow,isrevise,istotal,itemtype,label,maxlength,metadataproperty,metaid,metapath,modifiedtime,modifier,position,proid,refcode,refname,relatemeta,required,resid,showformula,textrows,ts,validateformula,visible,width)
        values('0001ZZZZ8a19511b7001','0001ZZZZ63576869a3ae','92adc06c-0c3d-4667-b8c6-12e8624f6cb5','pk_busitype',null,'#111111',null,'~',204, '', null,null,null,null,null,'N',0,null,'N','N','N',null,'N','N','N','refer',null,28,'uap.BusitypeVO.businame','7717f1a3-b777-454e-abb5-ef8705a0f0c2','pk_busitype',null,'~',13,'2779ed39-e1af-4a61-8b46-3dfcbf5d4f2e','uap/refer/riart/busitype/index','业务流程',null,'N','app_91H10505_00002',null,null,'2020-05-04 16:02:22',null,'Y',null);
        go

        insert into pub_form_property(pk_form_property,areaid,classid,code,colnum,color,creationtime,creator,datatype,dataval,defaultvalue,defaultvar,define1,define2,define3,disabled,dr,editformula,hyperlinkflag,iscode,isdefined,ismultiselectedenabled,isnextrow,isrevise,istotal,itemtype,label,maxlength,metadataproperty,metaid,metapath,modifiedtime,modifier,position,proid,refcode,refname,relatemeta,required,resid,showformula,textrows,ts,validateformula,visible,width)
        values('0001ZZZZ8a19511b7002','0001ZZZZ63576869a3ae','92adc06c-0c3d-4667-b8c6-12e8624f6cb5','pk_transtype',null,'#111111',null,'~',204, '', null,null,null,null,null,'N',0,null,'N','N','N',null,'N','N','N','refer',null,28,'uap.BilltypeVO.billtypename','b0fa41cd-a649-4309-b685-d341a5d1b0ed','pk_transtype',null,'~',17,'536a3e17-dad0-44c0-9ebc-387a0ba123bc','uap/refer/riart/transtype/index','影响因素交 易类型',null,'N','app_91H10505_00003',null,null,'2020-05-04 16:02:22',null,'Y',null);
        go

        insert into pub_form_property(pk_form_property,areaid,classid,code,colnum,color,creationtime,creator,datatype,dataval,defaultvalue,defaultvar,define1,define2,define3,disabled,dr,editformula,hyperlinkflag,iscode,isdefined,ismultiselectedenabled,isnextrow,isrevise,istotal,itemtype,label,maxlength,metadataproperty,metaid,metapath,modifiedtime,modifier,position,proid,refcode,refname,relatemeta,required,resid,showformula,textrows,ts,validateformula,visible,width)
        values('0001ZZZZ8a19511b7003','0001ZZZZ63576869a3ae','92adc06c-0c3d-4667-b8c6-12e8624f6cb5','transtypecode',null,'#111111',null,'~',1, null, null,null,null,null,null,'N',0,null,'N','N','N',null,'N','N','N','input',null,28,NULL,'','transtypecode',null,'~',16,'fe1eb475-21c9-4c00-9264-5cfdcaf67b98','/common-ref/','-99',null,'N','app_91H10505_00004',null,null,'2020-05-04 16:02:22',null,'Y',null);
        go

        insert into pub_form_property(pk_form_property,areaid,classid,code,colnum,color,creationtime,creator,datatype,dataval,defaultvalue,defaultvar,define1,define2,define3,disabled,dr,editformula,hyperlinkflag,iscode,isdefined,ismultiselectedenabled,isnextrow,isrevise,istotal,itemtype,label,maxlength,metadataproperty,metaid,metapath,modifiedtime,modifier,position,proid,refcode,refname,relatemeta,required,resid,showformula,textrows,ts,validateformula,visible,width)
        values('0001ZZZZ8a19511b7004','0001ZZZZ63576869a3ae','92adc06c-0c3d-4667-b8c6-12e8624f6cb5','modifier',null,'#111111',null,'~',204, '', null,null,null,null,null,'N',0,null,'N','N','N',null,'N','N','N','refer',null,28,'uap.user.user_name','f6f9a473-56c0-432f-8bc7-fbf8fde54fee','modifier',null,'~',22,'452ca1a1-380d-47ca-b72e-059daf7181b1','uap/refer/riart/userDefaultRefer/index','用户',null,'N','app_91H10505_00005',null,null,'2020-05-04 16:02:22',null,'Y',null);
        go

        insert into pub_form_property(pk_form_property,areaid,classid,code,colnum,color,creationtime,creator,datatype,dataval,defaultvalue,defaultvar,define1,define2,define3,disabled,dr,editformula,hyperlinkflag,iscode,isdefined,ismultiselectedenabled,isnextrow,isrevise,istotal,itemtype,label,maxlength,metadataproperty,metaid,metapath,modifiedtime,modifier,position,proid,refcode,refname,relatemeta,required,resid,showformula,textrows,ts,validateformula,visible,width)
        values('0001ZZZZ8a19511b7005','0001ZZZZ63576869a3ae','92adc06c-0c3d-4667-b8c6-12e8624f6cb5','modifiedtime',null,'#111111',null,'~',34, null, null,null,null,null,null,'N',0,null,'N','N','N',null,'N','N','N','datetimepicker',null,28,NULL,'','modifiedtime',null,'~',23,'c65feb72-d3a6-49c2-bcfc-b0f31853e27e','/common-ref/','-99',null,'N','app_91H10505_00006',null,null,'2020-05-04 16:02:22',null,'Y',null);
        go

        insert into pub_form_property(pk_form_property,areaid,classid,code,colnum,color,creationtime,creator,datatype,dataval,defaultvalue,defaultvar,define1,define2,define3,disabled,dr,editformula,hyperlinkflag,iscode,isdefined,ismultiselectedenabled,isnextrow,isrevise,istotal,itemtype,label,maxlength,metadataproperty,metaid,metapath,modifiedtime,modifier,position,proid,refcode,refname,relatemeta,required,resid,showformula,textrows,ts,validateformula,visible,width)
        values('0001ZZZZ8a19511b7006','0001ZZZZ63576869a3ae','92adc06c-0c3d-4667-b8c6-12e8624f6cb5','creator',null,'#111111',null,'~',204, '', null,null,null,null,null,'N',0,null,'N','N','N',null,'N','N','N','refer',null,28,'uap.user.user_name','f6f9a473-56c0-432f-8bc7-fbf8fde54fee','creator',null,'~',20,'cf8fd6eb-8af1-4997-854d-0de934466947','uap/refer/riart/userDefaultRefer/index','用户',null,'N','app_91H10505_00007',null,null,'2020-05-04 16:02:22',null,'Y',null);
        go

        insert into pub_form_property(pk_form_property,areaid,classid,code,colnum,color,creationtime,creator,datatype,dataval,defaultvalue,defaultvar,define1,define2,define3,disabled,dr,editformula,hyperlinkflag,iscode,isdefined,ismultiselectedenabled,isnextrow,isrevise,istotal,itemtype,label,maxlength,metadataproperty,metaid,metapath,modifiedtime,modifier,position,proid,refcode,refname,relatemeta,required,resid,showformula,textrows,ts,validateformula,visible,width)
        values('0001ZZZZ8a19511b7007','0001ZZZZ63576869a3ae','92adc06c-0c3d-4667-b8c6-12e8624f6cb5','creationtime',null,'#111111',null,'~',34, null, null,null,null,null,null,'N',0,null,'N','N','N',null,'N','N','N','datetimepicker',null,28,NULL,'','creationtime',null,'~',21,'df7bb35f-9c8f-402d-9357-0ab3782f850e','/common-ref/','-99',null,'N','app_91H10505_00008',null,null,'2020-05-04 16:02:22',null,'Y',null);
        go

        insert into pub_form_property(pk_form_property,areaid,classid,code,colnum,color,creationtime,creator,datatype,dataval,defaultvalue,defaultvar,define1,define2,define3,disabled,dr,editformula,hyperlinkflag,iscode,isdefined,ismultiselectedenabled,isnextrow,isrevise,istotal,itemtype,label,maxlength,metadataproperty,metaid,metapath,modifiedtime,modifier,position,proid,refcode,refname,relatemeta,required,resid,showformula,textrows,ts,validateformula,visible,width)
        values('0001ZZZZ8a19511b7008','0001ZZZZ63576869a3ae','92adc06c-0c3d-4667-b8c6-12e8624f6cb5','billmaker',null,'#111111',null,'~',204, '', null,null,null,null,null,'N',0,null,'N','N','N',null,'N','N','N','refer',null,28,'uap.user.user_name','f6f9a473-56c0-432f-8bc7-fbf8fde54fee','billmaker',null,'~',18,'bfb8225d-506e-4612-8889-e26d1353cdd7','uap/refer/riart/userDefaultRefer/index','用户',null,'N','app_91H10505_00009',null,null,'2020-05-04 16:02:22',null,'Y',null);
        go

        insert into pub_form_property(pk_form_property,areaid,classid,code,colnum,color,creationtime,creator,datatype,dataval,defaultvalue,defaultvar,define1,define2,define3,disabled,dr,editformula,hyperlinkflag,iscode,isdefined,ismultiselectedenabled,isnextrow,isrevise,istotal,itemtype,label,maxlength,metadataproperty,metaid,metapath,modifiedtime,modifier,position,proid,refcode,refname,relatemeta,required,resid,showformula,textrows,ts,validateformula,visible,width)
        values('0001ZZZZ8a19511b7009','0001ZZZZ63576869a3ae','92adc06c-0c3d-4667-b8c6-12e8624f6cb5','maketime',null,'#111111',null,'~',33, null, null,null,null,null,null,'N',0,null,'N','N','N',null,'N','N','N','datepicker',null,28,NULL,'','maketime',null,'~',19,'2d704c29-1e3c-4099-8ab2-272eda10ab44','/common-ref/','-99',null,'N','app_91H10505_00010',null,null,'2020-05-04 16:02:22',null,'Y',null);
        go

        insert into pub_form_property(pk_form_property,areaid,classid,code,colnum,color,creationtime,creator,datatype,dataval,defaultvalue,defaultvar,define1,define2,define3,disabled,dr,editformula,hyperlinkflag,iscode,isdefined,ismultiselectedenabled,isnextrow,isrevise,istotal,itemtype,label,maxlength,metadataproperty,metaid,metapath,modifiedtime,modifier,position,proid,refcode,refname,relatemeta,required,resid,showformula,textrows,ts,validateformula,visible,width)
        values('0001ZZZZ8a19511b7010','0001ZZZZ63576869a3ae','92adc06c-0c3d-4667-b8c6-12e8624f6cb5','vbillcode',null,'#111111',null,'~',1, null, null,null,null,null,null,'Y',0,null,'N','N','N',null,'N','N','N','input',null,28,NULL,'','vbillcode',null,'~',12,'d1936d18-2f07-4d5f-b87f-afb1221af9de','/common-ref/','-99',null,'N','app_91H10505_00011',null,null,'2020-05-04 16:02:22',null,'Y',null);
        go

        insert into pub_form_property(pk_form_property,areaid,classid,code,colnum,color,creationtime,creator,datatype,dataval,defaultvalue,defaultvar,define1,define2,define3,disabled,dr,editformula,hyperlinkflag,iscode,isdefined,ismultiselectedenabled,isnextrow,isrevise,istotal,itemtype,label,maxlength,metadataproperty,metaid,metapath,modifiedtime,modifier,position,proid,refcode,refname,relatemeta,required,resid,showformula,textrows,ts,validateformula,visible,width)
        values('0001ZZZZ8a19511b7011','0001ZZZZ63576869a3ae','92adc06c-0c3d-4667-b8c6-12e8624f6cb5','dbilldate',null,'#111111',null,'~',33, null, null,null,null,null,null,'N',0,null,'N','N','N',null,'N','N','N','datepicker',null,28,NULL,'','dbilldate',null,'~',6,'b621dbe0-56cc-4ad8-9820-82849a688405','/common-ref/','-99',null,'N','app_91H10505_00012',null,null,'2020-05-04 16:02:22',null,'Y',null);
        go

        insert into pub_form_property(pk_form_property,areaid,classid,code,colnum,color,creationtime,creator,datatype,dataval,defaultvalue,defaultvar,define1,define2,define3,disabled,dr,editformula,hyperlinkflag,iscode,isdefined,ismultiselectedenabled,isnextrow,isrevise,istotal,itemtype,label,maxlength,metadataproperty,metaid,metapath,modifiedtime,modifier,position,proid,refcode,refname,relatemeta,required,resid,showformula,textrows,ts,validateformula,visible,width)
        values('0001ZZZZ8a19511b7012','0001ZZZZ63576869a3ae','92adc06c-0c3d-4667-b8c6-12e8624f6cb5','fstatusflag',null,'#111111',null,'~',203, '自由=-1,审批未通过=0,审批通过=1,审批进行中=2,提交=3', null,null,null,null,null,'N',0,null,'N','N','N',null,'N','N','N','select',null,28,NULL,'','fstatusflag',null,'~',11,'e8aa4113-c11c-4926-925e-ddafb7c19c23','/common-ref/','-99',null,'N','app_91H10505_00013',null,null,'2020-05-04 16:02:22',null,'Y',null);
        go

        insert into pub_form_property(pk_form_property,areaid,classid,code,colnum,color,creationtime,creator,datatype,dataval,defaultvalue,defaultvar,define1,define2,define3,disabled,dr,editformula,hyperlinkflag,iscode,isdefined,ismultiselectedenabled,isnextrow,isrevise,istotal,itemtype,label,maxlength,metadataproperty,metaid,metapath,modifiedtime,modifier,position,proid,refcode,refname,relatemeta,required,resid,showformula,textrows,ts,validateformula,visible,width)
        values('0001ZZZZ8a19511b7013','0001ZZZZ63576869a3ae','92adc06c-0c3d-4667-b8c6-12e8624f6cb5','pk_billtypeid',null,'#111111',null,'~',204, '', null,null,null,null,null,'N',0,null,'N','N','N',null,'N','N','N','refer',null,28,'uap.BilltypeVO.billtypename','b0fa41cd-a649-4309-b685-d341a5d1b0ed','pk_billtypeid',null,'~',14,'43df4a3b-fe0e-45df-850e-e7521422cb62','uap/refer/riart/billtype/index','影响因素单据类型',null,'N','app_91H10505_00014',null,null,'2020-05-04 16:02:22',null,'Y',null);
        go

        insert into pub_form_property(pk_form_property,areaid,classid,code,colnum,color,creationtime,creator,datatype,dataval,defaultvalue,defaultvar,define1,define2,define3,disabled,dr,editformula,hyperlinkflag,iscode,isdefined,ismultiselectedenabled,isnextrow,isrevise,istotal,itemtype,label,maxlength,metadataproperty,metaid,metapath,modifiedtime,modifier,position,proid,refcode,refname,relatemeta,required,resid,showformula,textrows,ts,validateformula,visible,width)
        values('0001ZZZZ8a19511b7014','0001ZZZZ63576869a3ae','92adc06c-0c3d-4667-b8c6-12e8624f6cb5','billtype',null,'#111111',null,'~',1, null, null,null,null,null,null,'N',0,null,'N','N','N',null,'N','N','N','input',null,28,NULL,'','billtype',null,'~',15,'4a0aa26c-8987-425c-805b-ce309f2a8924','/common-ref/','-99',null,'N','app_91H10505_00015',null,null,'2020-05-04 16:02:22',null,'Y',null);
        go

        insert into pub_form_property(pk_form_property,areaid,classid,code,colnum,color,creationtime,creator,datatype,dataval,defaultvalue,defaultvar,define1,define2,define3,disabled,dr,editformula,hyperlinkflag,iscode,isdefined,ismultiselectedenabled,isnextrow,isrevise,istotal,itemtype,label,maxlength,metadataproperty,metaid,metapath,modifiedtime,modifier,position,proid,refcode,refname,relatemeta,required,resid,showformula,textrows,ts,validateformula,visible,width)
        values('0001ZZZZ8a19511b7015','0001ZZZZ63576869a3ae','92adc06c-0c3d-4667-b8c6-12e8624f6cb5','revisitdate',null,'#111111',null,'~',33, null, null,null,null,null,null,'N',0,null,'N','N','N',null,'N','N','N','datepicker',null,28,NULL,'','revisitdate',null,'~',7,'d99b8e74-906b-4dd4-a54e-0117ac4db305','/common-ref/','-99',null,'N','app_91H10505_00016',null,null,'2020-05-04 16:02:22',null,'Y',null);
        go

        insert into pub_form_property(pk_form_property,areaid,classid,code,colnum,color,creationtime,creator,datatype,dataval,defaultvalue,defaultvar,define1,define2,define3,disabled,dr,editformula,hyperlinkflag,iscode,isdefined,ismultiselectedenabled,isnextrow,isrevise,istotal,itemtype,label,maxlength,metadataproperty,metaid,metapath,modifiedtime,modifier,position,proid,refcode,refname,relatemeta,required,resid,showformula,textrows,ts,validateformula,visible,width)
        values('0001ZZZZ8a19511b7016','0001ZZZZ63576869a3ae','92adc06c-0c3d-4667-b8c6-12e8624f6cb5','vnote',null,'#111111',null,'~',1, null, null,null,null,null,null,'N',0,null,'N','N','N',null,'N','N','N','input',null,28,NULL,'','vnote',null,'~',27,'1559cbd6-11ef-4de1-b475-ef59715d3bd5','/common-ref/','-99',null,'N','app_91H10505_00017',null,null,'2020-05-04 16:02:22',null,'Y',null);
        go

        insert into pub_form_property(pk_form_property,areaid,classid,code,colnum,color,creationtime,creator,datatype,dataval,defaultvalue,defaultvar,define1,define2,define3,disabled,dr,editformula,hyperlinkflag,iscode,isdefined,ismultiselectedenabled,isnextrow,isrevise,istotal,itemtype,label,maxlength,metadataproperty,metaid,metapath,modifiedtime,modifier,position,proid,refcode,refname,relatemeta,required,resid,showformula,textrows,ts,validateformula,visible,width)
        values('0001ZZZZ8a19511b7017','0001ZZZZ63576869a3ae','92adc06c-0c3d-4667-b8c6-12e8624f6cb5','approver',null,'#111111',null,'~',204, '', null,null,null,null,null,'N',0,null,'N','N','N',null,'N','N','N','refer',null,28,'uap.user.user_name','f6f9a473-56c0-432f-8bc7-fbf8fde54fee','approver',null,'~',24,'e6568868-b1e1-41b8-a4ed-9cf87698e205','uap/refer/riart/userDefaultRefer/index','用户',null,'N','app_91H10505_00018',null,null,'2020-05-04 16:02:22',null,'Y',null);
        go

        insert into pub_form_property(pk_form_property,areaid,classid,code,colnum,color,creationtime,creator,datatype,dataval,defaultvalue,defaultvar,define1,define2,define3,disabled,dr,editformula,hyperlinkflag,iscode,isdefined,ismultiselectedenabled,isnextrow,isrevise,istotal,itemtype,label,maxlength,metadataproperty,metaid,metapath,modifiedtime,modifier,position,proid,refcode,refname,relatemeta,required,resid,showformula,textrows,ts,validateformula,visible,width)
        values('0001ZZZZ8a19511b7018','0001ZZZZ63576869a3ae','92adc06c-0c3d-4667-b8c6-12e8624f6cb5','approvenote',null,'#111111',null,'~',1, null, null,null,null,null,null,'N',0,null,'N','N','N',null,'N','N','N','input',null,28,NULL,'','approvenote',null,'~',26,'8ba64f36-da43-471c-aff8-75f7a2d64e27','/common-ref/','-99',null,'N','app_91H10505_00019',null,null,'2020-05-04 16:02:22',null,'Y',null);
        go

        insert into pub_form_property(pk_form_property,areaid,classid,code,colnum,color,creationtime,creator,datatype,dataval,defaultvalue,defaultvar,define1,define2,define3,disabled,dr,editformula,hyperlinkflag,iscode,isdefined,ismultiselectedenabled,isnextrow,isrevise,istotal,itemtype,label,maxlength,metadataproperty,metaid,metapath,modifiedtime,modifier,position,proid,refcode,refname,relatemeta,required,resid,showformula,textrows,ts,validateformula,visible,width)
        values('0001ZZZZ8a19511b7019','0001ZZZZ63576869a3ae','92adc06c-0c3d-4667-b8c6-12e8624f6cb5','approvedate',null,'#111111',null,'~',34, null, null,null,null,null,null,'N',0,null,'N','N','N',null,'N','N','N','datetimepicker',null,28,NULL,'','approvedate',null,'~',2,'aa789af4-0081-4a1f-ba40-1241ef85753c','/common-ref/','-99',null,'N','app_91H10505_00020',null,null,'2020-05-04 16:02:22',null,'Y',null);
        go

        insert into pub_form_property(pk_form_property,areaid,classid,code,colnum,color,creationtime,creator,datatype,dataval,defaultvalue,defaultvar,define1,define2,define3,disabled,dr,editformula,hyperlinkflag,iscode,isdefined,ismultiselectedenabled,isnextrow,isrevise,istotal,itemtype,label,maxlength,metadataproperty,metaid,metapath,modifiedtime,modifier,position,proid,refcode,refname,relatemeta,required,resid,showformula,textrows,ts,validateformula,visible,width)
        values('0001ZZZZ8a19511b7020','0001ZZZZ63576869a3ae','92adc06c-0c3d-4667-b8c6-12e8624f6cb5','approvestatus',null,'#111111',null,'~',203, '自由=-1,审批未通过=0,审批通过=1,审批进行中=2,提交=3', null,null,null,null,null,'N',0,null,'N','N','N',null,'N','N','N','select',null,28,NULL,'','approvestatus',null,'~',25,'b58b19f7-876c-4975-ad5b-e145534e3dc3','/common-ref/','-99',null,'N','app_91H10505_00021',null,null,'2020-05-04 16:02:22',null,'Y',null);
        go

        insert into pub_form_property(pk_form_property,areaid,classid,code,colnum,color,creationtime,creator,datatype,dataval,defaultvalue,defaultvar,define1,define2,define3,disabled,dr,editformula,hyperlinkflag,iscode,isdefined,ismultiselectedenabled,isnextrow,isrevise,istotal,itemtype,label,maxlength,metadataproperty,metaid,metapath,modifiedtime,modifier,position,proid,refcode,refname,relatemeta,required,resid,showformula,textrows,ts,validateformula,visible,width)
        values('0001ZZZZ8a19511b7021','0001ZZZZ63576869a3ae','92adc06c-0c3d-4667-b8c6-12e8624f6cb5','custname',null,'#111111',null,'~',204, '', null,null,null,null,null,'N',0,null,'N','N','N',null,'N','N','N','refer',null,28,'uap.customer.name','e4f48eaf-5567-4383-a370-a59cb3e8a451','custname',null,'~',8,'13a60c6b-47e3-4054-91da-e40dc5d77c8a','uapbd/refer/customer/CustomerDefaultTreeGridRef/index','客户档案',null,'N','app_91H10505_00022',null,null,'2020-05-04 16:02:22',null,'Y',null);
        go

        insert into pub_form_property(pk_form_property,areaid,classid,code,colnum,color,creationtime,creator,datatype,dataval,defaultvalue,defaultvar,define1,define2,define3,disabled,dr,editformula,hyperlinkflag,iscode,isdefined,ismultiselectedenabled,isnextrow,isrevise,istotal,itemtype,label,maxlength,metadataproperty,metaid,metapath,modifiedtime,modifier,position,proid,refcode,refname,relatemeta,required,resid,showformula,textrows,ts,validateformula,visible,width)
        values('0001ZZZZ8a19511b7036','0001ZZZZ63576869a3ae','92adc06c-0c3d-4667-b8c6-12e8624f6cb5','pk_org',null,'#111111',null,'~',204, '', null,null,null,null,null,'N',0,null,'N','N','N',null,'N','N','N','refer',null,28,'uap.org.name','985be8a4-3a36-4778-8afe-2d8ed3902659','pk_org',null,'~',4,'847803c1-0668-413a-8fde-ed1fedd18dbd','uapbd/refer/org/BusinessUnitAndDeptTreeRef/index','业务单元及部门',null,'N','app_91H10505_00037',null,null,'2020-05-04 16:02:22',null,'Y',null);
        go

        insert into pub_form_property(pk_form_property,areaid,classid,code,colnum,color,creationtime,creator,datatype,dataval,defaultvalue,defaultvar,define1,define2,define3,disabled,dr,editformula,hyperlinkflag,iscode,isdefined,ismultiselectedenabled,isnextrow,isrevise,istotal,itemtype,label,maxlength,metadataproperty,metaid,metapath,modifiedtime,modifier,position,proid,refcode,refname,relatemeta,required,resid,showformula,textrows,ts,validateformula,visible,width)
        values('0001ZZZZ8a19511b7037','0001ZZZZ63576869a3ae','92adc06c-0c3d-4667-b8c6-12e8624f6cb5','pk_org_v',null,'#111111',null,'~',204, '', null,null,null,null,null,'N',0,null,'N','N','N',null,'N','N','N','refer',null,28,'uap.org_v.name','da7bba89-9a59-42d6-a262-c13ef459dbd9','pk_org_v',null,'~',5,'a6025b33-7efb-4682-8b28-3e8a31b50924','uapbd/refer/orgv/BusinessUnitVersionDefaultAllTreeRef/index','业务单元版本(所有)',null,'N','app_91H10505_00038',null,null,'2020-05-04 16:02:22',null,'N',null);
        go

        insert into pub_form_property(pk_form_property,areaid,classid,code,colnum,color,creationtime,creator,datatype,dataval,defaultvalue,defaultvar,define1,define2,define3,disabled,dr,editformula,hyperlinkflag,iscode,isdefined,ismultiselectedenabled,isnextrow,isrevise,istotal,itemtype,label,maxlength,metadataproperty,metaid,metapath,modifiedtime,modifier,position,proid,refcode,refname,relatemeta,required,resid,showformula,textrows,ts,validateformula,visible,width)
        values('0001ZZZZ8a19511b7038','0001ZZZZ63576869a3ae','92adc06c-0c3d-4667-b8c6-12e8624f6cb5','handingperson',null,'#111111',null,'~',204, '', null,null,null,null,null,'N',0,null,'N','N','N',null,'N','N','N','refer',null,28,NULL,'40d39c26-a2b6-4f16-a018-45664cac1a1f','handingperson',null,'~',10,'bf02c13b-365d-4db1-ae52-568265a187f8','uapbd/refer/psninfo/PsndocRiartTreeGridRef/index','人员',null,'N','app_91H10505_00039',null,null,'2020-05-04 16:02:22',null,'Y',null);
        go

        insert into pub_form_property(pk_form_property,areaid,classid,code,colnum,color,creationtime,creator,datatype,dataval,defaultvalue,defaultvar,define1,define2,define3,disabled,dr,editformula,hyperlinkflag,iscode,isdefined,ismultiselectedenabled,isnextrow,isrevise,istotal,itemtype,label,maxlength,metadataproperty,metaid,metapath,modifiedtime,modifier,position,proid,refcode,refname,relatemeta,required,resid,showformula,textrows,ts,validateformula,visible,width)
        values('0001ZZZZ8a19511b7039','0001ZZZZ63576869a3ae','92adc06c-0c3d-4667-b8c6-12e8624f6cb5','handingdept',null,'#111111',null,'~',204, '', null,null,null,null,null,'N',0,null,'N','N','N',null,'N','N','N','refer',null,28,'uap.dept.name','b26fa3cb-4087-4027-a3b6-c83ab2a086a9','handingdept',null,'~',9,'217cf69b-9e5e-431b-afaf-201ef089723c','uapbd/refer/org/DeptTreeRef/index','部门',null,'N','app_91H10505_00040',null,null,'2020-05-04 16:02:22',null,'Y',null);
        go

        insert into pub_form_property(pk_form_property,areaid,classid,code,colnum,color,creationtime,creator,datatype,dataval,defaultvalue,defaultvar,define1,define2,define3,disabled,dr,editformula,hyperlinkflag,iscode,isdefined,ismultiselectedenabled,isnextrow,isrevise,istotal,itemtype,label,maxlength,metadataproperty,metaid,metapath,modifiedtime,modifier,position,proid,refcode,refname,relatemeta,required,resid,showformula,textrows,ts,validateformula,visible,width)
        values('0001ZZZZ8a19511b7090','0001ZZZZ63576869a3ae','92adc06c-0c3d-4667-b8c6-12e8624f6cb5','pk_group',null,'#111111',null,'~',204, '', null,null,null,null,null,'N',0,null,'N','N','N',null,'N','N','N','refer',null,28,'uap.group.name','3b6dd171-2900-47f3-bfbe-41e4483a2a65','pk_group',null,'~',3,'4e1b9b00-d80c-466d-9d29-24be6b56c7a0','uap/refer/riart/groupTreeRef/index','集团',null,'N','app_91H10505_00091',null,null,'2020-05-04 16:02:22',null,'Y',null);
        go








            insert into pub_form_property(pk_form_property,areaid,classid,code,colnum,color,creationtime,creator,datatype,dataval,defaultvalue,defaultvar,define1,define2,define3,disabled,dr,editformula,hyperlinkflag,iscode,isdefined,ismultiselectedenabled,isnextrow,isrevise,istotal,itemtype,label,maxlength,metadataproperty,metaid,metapath,modifiedtime,modifier,position,proid,refcode,refname,relatemeta,required,resid,showformula,textrows,ts,validateformula,visible,width)
            values('0001ZZZZbaf831aef001','0001ZZZZ80d79173e1bc','92adc06c-0c3d-4667-b8c6-12e8624f6cb5','pk_busitype','1','#111111',null,'~',204,'' , null,null,null,null,null,'N',0,null,'N','N','N',null,'N','N','N','refer',null,28,'uap.BusitypeVO.businame','','pk_busitype',null,'~',13,'0e9ef7ef-ac42-4d8f-b0b9-8490b2cab3c1','uap/refer/riart/busitype/index','业务流程',null,'N','app_91H10505_00002',null,null,'2020-05-04 16:02:22',null,'Y',null);
            go
            insert into pub_form_property(pk_form_property,areaid,classid,code,colnum,color,creationtime,creator,datatype,dataval,defaultvalue,defaultvar,define1,define2,define3,disabled,dr,editformula,hyperlinkflag,iscode,isdefined,ismultiselectedenabled,isnextrow,isrevise,istotal,itemtype,label,maxlength,metadataproperty,metaid,metapath,modifiedtime,modifier,position,proid,refcode,refname,relatemeta,required,resid,showformula,textrows,ts,validateformula,visible,width)
            values('0001ZZZZbaf831aef002','0001ZZZZ80d79173e1bc','92adc06c-0c3d-4667-b8c6-12e8624f6cb5','pk_transtype','1','#111111',null,'~',204,'' , null,null,null,null,null,'N',0,null,'N','N','N',null,'N','N','N','refer',null,28,'uap.BilltypeVO.billtypename','','pk_transtype',null,'~',17,'82f3f06d-a2fc-4392-afc5-998f63934a91','uap/refer/riart/transtype/index','影响因素交 易类型',null,'N','app_91H10505_00003',null,null,'2020-05-04 16:02:22',null,'Y',null);
            go
            insert into pub_form_property(pk_form_property,areaid,classid,code,colnum,color,creationtime,creator,datatype,dataval,defaultvalue,defaultvar,define1,define2,define3,disabled,dr,editformula,hyperlinkflag,iscode,isdefined,ismultiselectedenabled,isnextrow,isrevise,istotal,itemtype,label,maxlength,metadataproperty,metaid,metapath,modifiedtime,modifier,position,proid,refcode,refname,relatemeta,required,resid,showformula,textrows,ts,validateformula,visible,width)
            values('0001ZZZZbaf831aef003','0001ZZZZ80d79173e1bc','92adc06c-0c3d-4667-b8c6-12e8624f6cb5','transtypecode','1','#111111',null,'~',1,null, null,null,null,null,null,'N',0,null,'N','N','N',null,'N','N','N','input',null,28,NULL,'','transtypecode',null,'~',16,'250aa1b5-d342-44f7-a8d2-fda3b10da1f0','/common-ref/','-99',null,'N','app_91H10505_00004',null,null,'2020-05-04 16:02:22',null,'Y',null);
            go
            insert into pub_form_property(pk_form_property,areaid,classid,code,colnum,color,creationtime,creator,datatype,dataval,defaultvalue,defaultvar,define1,define2,define3,disabled,dr,editformula,hyperlinkflag,iscode,isdefined,ismultiselectedenabled,isnextrow,isrevise,istotal,itemtype,label,maxlength,metadataproperty,metaid,metapath,modifiedtime,modifier,position,proid,refcode,refname,relatemeta,required,resid,showformula,textrows,ts,validateformula,visible,width)
            values('0001ZZZZ04e2d2a2b852','0001ZZZZ93589291c22c','92adc06c-0c3d-4667-b8c6-12e8624f6cb5','modifier','1','#111111',null,'~',204,'', null,null,null,null,null,'N',0,null,'N','N','N',null,'N','N','N','refer',null,28,'uap.user.user_name','','modifier',null,'~',22,'ee140023-b070-4831-a3a5-2e15683716a0','uap/refer/riart/userDefaultRefer/index','用户',null,'N','app_91H10505_00005',null,null,'2020-05-04 16:02:22',null,'Y',null);
            go
            insert into pub_form_property(pk_form_property,areaid,classid,code,colnum,color,creationtime,creator,datatype,dataval,defaultvalue,defaultvar,define1,define2,define3,disabled,dr,editformula,hyperlinkflag,iscode,isdefined,ismultiselectedenabled,isnextrow,isrevise,istotal,itemtype,label,maxlength,metadataproperty,metaid,metapath,modifiedtime,modifier,position,proid,refcode,refname,relatemeta,required,resid,showformula,textrows,ts,validateformula,visible,width)
            values('0001ZZZZc298fa46ded2','0001ZZZZ93589291c22c','92adc06c-0c3d-4667-b8c6-12e8624f6cb5','modifiedtime','1','#111111',null,'~',34,null, null,null,null,null,null,'N',0,null,'N','N','N',null,'N','N','N','datetimepicker',null,28,NULL,'','modifiedtime',null,'~',23,'ae397fd8-3fab-4914-8fc8-6a6cd80c7a40','/common-ref/','-99',null,'N','app_91H10505_00006',null,null,'2020-05-04 16:02:22',null,'Y',null);
            go
            insert into pub_form_property(pk_form_property,areaid,classid,code,colnum,color,creationtime,creator,datatype,dataval,defaultvalue,defaultvar,define1,define2,define3,disabled,dr,editformula,hyperlinkflag,iscode,isdefined,ismultiselectedenabled,isnextrow,isrevise,istotal,itemtype,label,maxlength,metadataproperty,metaid,metapath,modifiedtime,modifier,position,proid,refcode,refname,relatemeta,required,resid,showformula,textrows,ts,validateformula,visible,width)
            values('0001ZZZZce9e649c240e','0001ZZZZ93589291c22c','92adc06c-0c3d-4667-b8c6-12e8624f6cb5','creator','1','#111111',null,'~',204,'', null,null,null,null,null,'N',0,null,'N','N','N',null,'N','N','N','refer',null,28,'uap.user.user_name','','creator',null,'~',20,'62d3c142-7185-455c-9df9-ef0dd993f69b','uap/refer/riart/userDefaultRefer/index','用户',null,'N','app_91H10505_00007',null,null,'2020-05-04 16:02:22',null,'Y',null);
            go
            insert into pub_form_property(pk_form_property,areaid,classid,code,colnum,color,creationtime,creator,datatype,dataval,defaultvalue,defaultvar,define1,define2,define3,disabled,dr,editformula,hyperlinkflag,iscode,isdefined,ismultiselectedenabled,isnextrow,isrevise,istotal,itemtype,label,maxlength,metadataproperty,metaid,metapath,modifiedtime,modifier,position,proid,refcode,refname,relatemeta,required,resid,showformula,textrows,ts,validateformula,visible,width)
            values('0001ZZZZ8bc683f9cecc','0001ZZZZ93589291c22c','92adc06c-0c3d-4667-b8c6-12e8624f6cb5','creationtime','1','#111111',null,'~',34,null, null,null,null,null,null,'N',0,null,'N','N','N',null,'N','N','N','datetimepicker',null,28,NULL,'','creationtime',null,'~',21,'007ba03b-c710-41d3-adb2-066bca5e3620','/common-ref/','-99',null,'N','app_91H10505_00008',null,null,'2020-05-04 16:02:22',null,'Y',null);
            go
            insert into pub_form_property(pk_form_property,areaid,classid,code,colnum,color,creationtime,creator,datatype,dataval,defaultvalue,defaultvar,define1,define2,define3,disabled,dr,editformula,hyperlinkflag,iscode,isdefined,ismultiselectedenabled,isnextrow,isrevise,istotal,itemtype,label,maxlength,metadataproperty,metaid,metapath,modifiedtime,modifier,position,proid,refcode,refname,relatemeta,required,resid,showformula,textrows,ts,validateformula,visible,width)
            values('0001ZZZZbaf831aef008','0001ZZZZ80d79173e1bc','92adc06c-0c3d-4667-b8c6-12e8624f6cb5','billmaker','1','#111111',null,'~',204,'' , null,null,null,null,null,'N',0,null,'N','N','N',null,'N','N','N','refer',null,28,'uap.user.user_name','','billmaker',null,'~',18,'4665f2f0-a6bf-4a2a-b0fb-6200f64b4cf9','uap/refer/riart/userDefaultRefer/index','用户',null,'N','app_91H10505_00009',null,null,'2020-05-04 16:02:22',null,'Y',null);
            go
            insert into pub_form_property(pk_form_property,areaid,classid,code,colnum,color,creationtime,creator,datatype,dataval,defaultvalue,defaultvar,define1,define2,define3,disabled,dr,editformula,hyperlinkflag,iscode,isdefined,ismultiselectedenabled,isnextrow,isrevise,istotal,itemtype,label,maxlength,metadataproperty,metaid,metapath,modifiedtime,modifier,position,proid,refcode,refname,relatemeta,required,resid,showformula,textrows,ts,validateformula,visible,width)
            values('0001ZZZZbaf831aef009','0001ZZZZ80d79173e1bc','92adc06c-0c3d-4667-b8c6-12e8624f6cb5','maketime','1','#111111',null,'~',33,null, null,null,null,null,null,'N',0,null,'N','N','N',null,'N','N','N','datepicker',null,28,NULL,'','maketime',null,'~',19,'033258a3-1c10-447d-a3b7-c5114f7865ed','/common-ref/','-99',null,'N','app_91H10505_00010',null,null,'2020-05-04 16:02:22',null,'Y',null);
            go
            insert into pub_form_property(pk_form_property,areaid,classid,code,colnum,color,creationtime,creator,datatype,dataval,defaultvalue,defaultvar,define1,define2,define3,disabled,dr,editformula,hyperlinkflag,iscode,isdefined,ismultiselectedenabled,isnextrow,isrevise,istotal,itemtype,label,maxlength,metadataproperty,metaid,metapath,modifiedtime,modifier,position,proid,refcode,refname,relatemeta,required,resid,showformula,textrows,ts,validateformula,visible,width)
            values('0001ZZZZbaf831aef010','0001ZZZZ80d79173e1bc','92adc06c-0c3d-4667-b8c6-12e8624f6cb5','vbillcode','1','#111111',null,'~',1,null, null,null,null,null,null,'Y',0,null,'N','N','N',null,'N','N','N','input',null,28,NULL,'','vbillcode',null,'~',12,'ccc784f4-72fc-4461-9f72-381f82e8544f','/common-ref/','-99',null,'N','app_91H10505_00011',null,null,'2020-05-04 16:02:22',null,'Y',null);
            go
            insert into pub_form_property(pk_form_property,areaid,classid,code,colnum,color,creationtime,creator,datatype,dataval,defaultvalue,defaultvar,define1,define2,define3,disabled,dr,editformula,hyperlinkflag,iscode,isdefined,ismultiselectedenabled,isnextrow,isrevise,istotal,itemtype,label,maxlength,metadataproperty,metaid,metapath,modifiedtime,modifier,position,proid,refcode,refname,relatemeta,required,resid,showformula,textrows,ts,validateformula,visible,width)
            values('0001ZZZZbaf831aef011','0001ZZZZ80d79173e1bc','92adc06c-0c3d-4667-b8c6-12e8624f6cb5','dbilldate','1','#111111',null,'~',33,null, null,null,null,null,null,'N',0,null,'N','N','N',null,'N','N','N','datepicker',null,28,NULL,'','dbilldate',null,'~',6,'3746ccd8-4fd0-47e3-b74e-71ec7b6f24ae','/common-ref/','-99',null,'N','app_91H10505_00012',null,null,'2020-05-04 16:02:22',null,'Y',null);
            go
            insert into pub_form_property(pk_form_property,areaid,classid,code,colnum,color,creationtime,creator,datatype,dataval,defaultvalue,defaultvar,define1,define2,define3,disabled,dr,editformula,hyperlinkflag,iscode,isdefined,ismultiselectedenabled,isnextrow,isrevise,istotal,itemtype,label,maxlength,metadataproperty,metaid,metapath,modifiedtime,modifier,position,proid,refcode,refname,relatemeta,required,resid,showformula,textrows,ts,validateformula,visible,width)
            values('0001ZZZZbaf831aef012','0001ZZZZ80d79173e1bc','92adc06c-0c3d-4667-b8c6-12e8624f6cb5','fstatusflag','1','#111111',null,'~',203,'自由=-1,审批未通过=0,审批通过=1,审批进行中=2,提交=3', null,null,null,null,null,'N',0,null,'N','N','N',null,'N','N','N','select',null,28,NULL,'','fstatusflag',null,'~',11,'e00898fb-89ca-4b96-87c5-277bcd7cc7d8','/common-ref/','-99',null,'N','app_91H10505_00013',null,null,'2020-05-04 16:02:22',null,'Y',null);
            go
            insert into pub_form_property(pk_form_property,areaid,classid,code,colnum,color,creationtime,creator,datatype,dataval,defaultvalue,defaultvar,define1,define2,define3,disabled,dr,editformula,hyperlinkflag,iscode,isdefined,ismultiselectedenabled,isnextrow,isrevise,istotal,itemtype,label,maxlength,metadataproperty,metaid,metapath,modifiedtime,modifier,position,proid,refcode,refname,relatemeta,required,resid,showformula,textrows,ts,validateformula,visible,width)
            values('0001ZZZZbaf831aef013','0001ZZZZ80d79173e1bc','92adc06c-0c3d-4667-b8c6-12e8624f6cb5','pk_billtypeid','1','#111111',null,'~',204,'' , null,null,null,null,null,'N',0,null,'N','N','N',null,'N','N','N','refer',null,28,'uap.BilltypeVO.billtypename','','pk_billtypeid',null,'~',14,'bdb39583-4737-41e8-978d-361b44ba37ff','uap/refer/riart/billtype/index','影响因素单据类型',null,'N','app_91H10505_00014',null,null,'2020-05-04 16:02:22',null,'Y',null);
            go
            insert into pub_form_property(pk_form_property,areaid,classid,code,colnum,color,creationtime,creator,datatype,dataval,defaultvalue,defaultvar,define1,define2,define3,disabled,dr,editformula,hyperlinkflag,iscode,isdefined,ismultiselectedenabled,isnextrow,isrevise,istotal,itemtype,label,maxlength,metadataproperty,metaid,metapath,modifiedtime,modifier,position,proid,refcode,refname,relatemeta,required,resid,showformula,textrows,ts,validateformula,visible,width)
            values('0001ZZZZbaf831aef014','0001ZZZZ80d79173e1bc','92adc06c-0c3d-4667-b8c6-12e8624f6cb5','billtype','1','#111111',null,'~',1,null, null,null,null,null,null,'N',0,null,'N','N','N',null,'N','N','N','input',null,28,NULL,'','billtype',null,'~',15,'4a45d602-2faf-4145-8f71-9fd13c6b742c','/common-ref/','-99',null,'N','app_91H10505_00015',null,null,'2020-05-04 16:02:22',null,'Y',null);
            go
            insert into pub_form_property(pk_form_property,areaid,classid,code,colnum,color,creationtime,creator,datatype,dataval,defaultvalue,defaultvar,define1,define2,define3,disabled,dr,editformula,hyperlinkflag,iscode,isdefined,ismultiselectedenabled,isnextrow,isrevise,istotal,itemtype,label,maxlength,metadataproperty,metaid,metapath,modifiedtime,modifier,position,proid,refcode,refname,relatemeta,required,resid,showformula,textrows,ts,validateformula,visible,width)
            values('0001ZZZZbaf831aef015','0001ZZZZ80d79173e1bc','92adc06c-0c3d-4667-b8c6-12e8624f6cb5','revisitdate','1','#111111',null,'~',33,null, null,null,null,null,null,'N',0,null,'N','N','N',null,'N','N','N','datepicker',null,28,NULL,'','revisitdate',null,'~',7,'7da70f07-5dbe-47b4-b30d-5acf474cbb5f','/common-ref/','-99',null,'N','app_91H10505_00016',null,null,'2020-05-04 16:02:22',null,'Y',null);
            go
            insert into pub_form_property(pk_form_property,areaid,classid,code,colnum,color,creationtime,creator,datatype,dataval,defaultvalue,defaultvar,define1,define2,define3,disabled,dr,editformula,hyperlinkflag,iscode,isdefined,ismultiselectedenabled,isnextrow,isrevise,istotal,itemtype,label,maxlength,metadataproperty,metaid,metapath,modifiedtime,modifier,position,proid,refcode,refname,relatemeta,required,resid,showformula,textrows,ts,validateformula,visible,width)
            values('0001ZZZZbaf831aef016','0001ZZZZ80d79173e1bc','92adc06c-0c3d-4667-b8c6-12e8624f6cb5','vnote','1','#111111',null,'~',1,null, null,null,null,null,null,'N',0,null,'N','N','N',null,'N','N','N','input',null,28,NULL,'','vnote',null,'~',27,'42db37e0-2218-4757-842d-098c157d7b3f','/common-ref/','-99',null,'N','app_91H10505_00017',null,null,'2020-05-04 16:02:22',null,'Y',null);
            go
            insert into pub_form_property(pk_form_property,areaid,classid,code,colnum,color,creationtime,creator,datatype,dataval,defaultvalue,defaultvar,define1,define2,define3,disabled,dr,editformula,hyperlinkflag,iscode,isdefined,ismultiselectedenabled,isnextrow,isrevise,istotal,itemtype,label,maxlength,metadataproperty,metaid,metapath,modifiedtime,modifier,position,proid,refcode,refname,relatemeta,required,resid,showformula,textrows,ts,validateformula,visible,width)
            values('0001ZZZZf4edbc728b0c','0001ZZZZ93589291c22c','92adc06c-0c3d-4667-b8c6-12e8624f6cb5','approver','1','#111111',null,'~',204,'', null,null,null,null,null,'N',0,null,'N','N','N',null,'N','N','N','refer',null,28,'uap.user.user_name','','approver',null,'~',24,'f3c2ec25-74de-417e-b511-1fd443b863db','uap/refer/riart/userDefaultRefer/index','用户',null,'N','app_91H10505_00018',null,null,'2020-05-04 16:02:22',null,'Y',null);
            go
            insert into pub_form_property(pk_form_property,areaid,classid,code,colnum,color,creationtime,creator,datatype,dataval,defaultvalue,defaultvar,define1,define2,define3,disabled,dr,editformula,hyperlinkflag,iscode,isdefined,ismultiselectedenabled,isnextrow,isrevise,istotal,itemtype,label,maxlength,metadataproperty,metaid,metapath,modifiedtime,modifier,position,proid,refcode,refname,relatemeta,required,resid,showformula,textrows,ts,validateformula,visible,width)
            values('0001ZZZZe1f8a71fa47e','0001ZZZZ93589291c22c','92adc06c-0c3d-4667-b8c6-12e8624f6cb5','approvenote','1','#111111',null,'~',1,null, null,null,null,null,null,'N',0,null,'N','N','N',null,'N','N','N','input',null,28,NULL,'','approvenote',null,'~',26,'e98141c6-a669-432e-a2b5-087f3384e5f3','/common-ref/','-99',null,'N','app_91H10505_00019',null,null,'2020-05-04 16:02:22',null,'Y',null);
            go
            insert into pub_form_property(pk_form_property,areaid,classid,code,colnum,color,creationtime,creator,datatype,dataval,defaultvalue,defaultvar,define1,define2,define3,disabled,dr,editformula,hyperlinkflag,iscode,isdefined,ismultiselectedenabled,isnextrow,isrevise,istotal,itemtype,label,maxlength,metadataproperty,metaid,metapath,modifiedtime,modifier,position,proid,refcode,refname,relatemeta,required,resid,showformula,textrows,ts,validateformula,visible,width)
            values('0001ZZZZ4d6599dc0748','0001ZZZZ93589291c22c','92adc06c-0c3d-4667-b8c6-12e8624f6cb5','approvedate','1','#111111',null,'~',34,null, null,null,null,null,null,'N',0,null,'N','N','N',null,'N','N','N','datetimepicker',null,28,NULL,'','approvedate',null,'~',2,'f7562644-b1d6-4c27-b9bb-b9cbcb1fd131','/common-ref/','-99',null,'N','app_91H10505_00020',null,null,'2020-05-04 16:02:22',null,'Y',null);
            go
            insert into pub_form_property(pk_form_property,areaid,classid,code,colnum,color,creationtime,creator,datatype,dataval,defaultvalue,defaultvar,define1,define2,define3,disabled,dr,editformula,hyperlinkflag,iscode,isdefined,ismultiselectedenabled,isnextrow,isrevise,istotal,itemtype,label,maxlength,metadataproperty,metaid,metapath,modifiedtime,modifier,position,proid,refcode,refname,relatemeta,required,resid,showformula,textrows,ts,validateformula,visible,width)
            values('0001ZZZZbaf831aef020','0001ZZZZ80d79173e1bc','92adc06c-0c3d-4667-b8c6-12e8624f6cb5','approvestatus','1','#111111',null,'~',203,'自由=-1,审批未通过=0,审批通过=1,审批进行中=2,提交=3', null,null,null,null,null,'N',0,null,'N','N','N',null,'N','N','N','select',null,28,NULL,'','approvestatus',null,'~',25,'3860683b-6ed4-4f6d-93fe-7fdbbd6366dd','/common-ref/','-99',null,'N','app_91H10505_00021',null,null,'2020-05-04 16:02:22',null,'Y',null);
            go
            insert into pub_form_property(pk_form_property,areaid,classid,code,colnum,color,creationtime,creator,datatype,dataval,defaultvalue,defaultvar,define1,define2,define3,disabled,dr,editformula,hyperlinkflag,iscode,isdefined,ismultiselectedenabled,isnextrow,isrevise,istotal,itemtype,label,maxlength,metadataproperty,metaid,metapath,modifiedtime,modifier,position,proid,refcode,refname,relatemeta,required,resid,showformula,textrows,ts,validateformula,visible,width)
            values('0001ZZZZbaf831aef021','0001ZZZZ80d79173e1bc','92adc06c-0c3d-4667-b8c6-12e8624f6cb5','custname','1','#111111',null,'~',204,'' , null,null,null,null,null,'N',0,null,'N','N','N',null,'N','N','N','refer',null,28,'uap.customer.name','','custname',null,'~',8,'a7df2b08-65a2-4176-aba1-4a8c72f7182f','uapbd/refer/customer/CustomerDefaultTreeGridRef/index','客户档案',null,'N','app_91H10505_00022',null,null,'2020-05-04 16:02:22',null,'Y',null);
            go
            insert into pub_form_property(pk_form_property,areaid,classid,code,colnum,color,creationtime,creator,datatype,dataval,defaultvalue,defaultvar,define1,define2,define3,disabled,dr,editformula,hyperlinkflag,iscode,isdefined,ismultiselectedenabled,isnextrow,isrevise,istotal,itemtype,label,maxlength,metadataproperty,metaid,metapath,modifiedtime,modifier,position,proid,refcode,refname,relatemeta,required,resid,showformula,textrows,ts,validateformula,visible,width)
            values('0001ZZZZbaf831aef036','0001ZZZZ80d79173e1bc','92adc06c-0c3d-4667-b8c6-12e8624f6cb5','pk_org','1','#111111',null,'~',204,'' , null,null,null,null,null,'N',0,null,'N','N','N',null,'N','N','N','refer',null,28,'uap.org.name','','pk_org',null,'~',4,'2c3c697a-db7e-4ae7-a959-f52faa6aa214','uapbd/refer/org/BusinessUnitAndDeptTreeRef/index','业务单元及部门',null,'N','app_91H10505_00037',null,null,'2020-05-04 16:02:22',null,'Y',null);
            go
            insert into pub_form_property(pk_form_property,areaid,classid,code,colnum,color,creationtime,creator,datatype,dataval,defaultvalue,defaultvar,define1,define2,define3,disabled,dr,editformula,hyperlinkflag,iscode,isdefined,ismultiselectedenabled,isnextrow,isrevise,istotal,itemtype,label,maxlength,metadataproperty,metaid,metapath,modifiedtime,modifier,position,proid,refcode,refname,relatemeta,required,resid,showformula,textrows,ts,validateformula,visible,width)
            values('0001ZZZZbaf831aef037','0001ZZZZ80d79173e1bc','92adc06c-0c3d-4667-b8c6-12e8624f6cb5','pk_org_v','1','#111111',null,'~',204,'' , null,null,null,null,null,'N',0,null,'N','N','N',null,'N','N','N','refer',null,28,'uap.org_v.name','','pk_org_v',null,'~',5,'fe73133b-8bae-4167-8aff-d20bb047aaae','uapbd/refer/orgv/BusinessUnitVersionDefaultAllTreeRef/index','业务单元版本(所有)',null,'N','app_91H10505_00038',null,null,'2020-05-04 16:02:22',null,'N',null);
            go
            insert into pub_form_property(pk_form_property,areaid,classid,code,colnum,color,creationtime,creator,datatype,dataval,defaultvalue,defaultvar,define1,define2,define3,disabled,dr,editformula,hyperlinkflag,iscode,isdefined,ismultiselectedenabled,isnextrow,isrevise,istotal,itemtype,label,maxlength,metadataproperty,metaid,metapath,modifiedtime,modifier,position,proid,refcode,refname,relatemeta,required,resid,showformula,textrows,ts,validateformula,visible,width)
            values('0001ZZZZbaf831aef038','0001ZZZZ80d79173e1bc','92adc06c-0c3d-4667-b8c6-12e8624f6cb5','handingperson','1','#111111',null,'~',204,'' , null,null,null,null,null,'N',0,null,'N','N','N',null,'N','N','N','refer',null,28,NULL,'','handingperson',null,'~',10,'04dffcf2-cfc5-4214-a2ff-e3deab177c40','uapbd/refer/psninfo/PsndocRiartTreeGridRef/index','人员',null,'N','app_91H10505_00039',null,null,'2020-05-04 16:02:22',null,'Y',null);
            go
            insert into pub_form_property(pk_form_property,areaid,classid,code,colnum,color,creationtime,creator,datatype,dataval,defaultvalue,defaultvar,define1,define2,define3,disabled,dr,editformula,hyperlinkflag,iscode,isdefined,ismultiselectedenabled,isnextrow,isrevise,istotal,itemtype,label,maxlength,metadataproperty,metaid,metapath,modifiedtime,modifier,position,proid,refcode,refname,relatemeta,required,resid,showformula,textrows,ts,validateformula,visible,width)
            values('0001ZZZZbaf831aef039','0001ZZZZ80d79173e1bc','92adc06c-0c3d-4667-b8c6-12e8624f6cb5','handingdept','1','#111111',null,'~',204,'' , null,null,null,null,null,'N',0,null,'N','N','N',null,'N','N','N','refer',null,28,'uap.dept.name','','handingdept',null,'~',9,'97be7765-7e4c-490d-8edb-4b4b7c70dc3d','uapbd/refer/org/DeptTreeRef/index','部门',null,'N','app_91H10505_00040',null,null,'2020-05-04 16:02:22',null,'Y',null);
            go
            insert into pub_form_property(pk_form_property,areaid,classid,code,colnum,color,creationtime,creator,datatype,dataval,defaultvalue,defaultvar,define1,define2,define3,disabled,dr,editformula,hyperlinkflag,iscode,isdefined,ismultiselectedenabled,isnextrow,isrevise,istotal,itemtype,label,maxlength,metadataproperty,metaid,metapath,modifiedtime,modifier,position,proid,refcode,refname,relatemeta,required,resid,showformula,textrows,ts,validateformula,visible,width)
            values('0001ZZZZbaf831aef090','0001ZZZZ80d79173e1bc','92adc06c-0c3d-4667-b8c6-12e8624f6cb5','pk_group','1','#111111',null,'~',204,'' , null,null,null,null,null,'N',0,null,'N','N','N',null,'N','N','N','refer',null,28,'uap.group.name','','pk_group',null,'~',3,'18466bcd-3bbc-4c14-bba1-47c32ea1cb3a','uap/refer/riart/groupTreeRef/index','集团',null,'N','app_91H10505_00091',null,null,'2020-05-04 16:02:22',null,'Y',null);
            go






            insert into pub_form_property(pk_form_property,areaid,classid,code,colnum,color,creationtime,creator,datatype,dataval,defaultvalue,defaultvar,define1,define2,define3,disabled,dr,editformula,hyperlinkflag,iscode,isdefined,ismultiselectedenabled,isnextrow,isrevise,istotal,itemtype,label,maxlength,metadataproperty,metaid,metapath,modifiedtime,modifier,position,proid,refcode,refname,relatemeta,required,resid,showformula,textrows,ts,validateformula,visible,width)
            values('0001ZZZZ9f4fcde6e001','0001ZZZZ69a68b8c7c3b','37bd045a-cc27-4f6b-a969-e946eed05117','projectname','1','#111111',null,'~',1,null, null,null,null,null,null,'N',0,null,'N','N','N',null,'N','N','N','input','名称',28,NULL,'','id_custregisterbvo.projectname',null,'~',4,'965fc4ab-38e4-42c1-ad4c-46e5af7a43a3',null,null,null,'N','app_91H10505_00001',null,null,'2020-05-04 16:02:22',null,'Y',null);
            go
            insert into pub_form_property(pk_form_property,areaid,classid,code,colnum,color,creationtime,creator,datatype,dataval,defaultvalue,defaultvar,define1,define2,define3,disabled,dr,editformula,hyperlinkflag,iscode,isdefined,ismultiselectedenabled,isnextrow,isrevise,istotal,itemtype,label,maxlength,metadataproperty,metaid,metapath,modifiedtime,modifier,position,proid,refcode,refname,relatemeta,required,resid,showformula,textrows,ts,validateformula,visible,width)
            values('0001ZZZZ9f4fcde6e002','0001ZZZZ69a68b8c7c3b','37bd045a-cc27-4f6b-a969-e946eed05117','projectcode','1','#111111',null,'~',1,null, null,null,null,null,null,'N',0,null,'N','N','N',null,'N','N','N','input','编号',28,NULL,'','id_custregisterbvo.projectcode',null,'~',3,'2ae1fa2f-09e8-4e7b-887f-dfe48708a288',null,null,null,'N','app_91H10505_00003',null,null,'2020-05-04 16:02:22',null,'Y',null);
            go
            insert into pub_form_property(pk_form_property,areaid,classid,code,colnum,color,creationtime,creator,datatype,dataval,defaultvalue,defaultvar,define1,define2,define3,disabled,dr,editformula,hyperlinkflag,iscode,isdefined,ismultiselectedenabled,isnextrow,isrevise,istotal,itemtype,label,maxlength,metadataproperty,metaid,metapath,modifiedtime,modifier,position,proid,refcode,refname,relatemeta,required,resid,showformula,textrows,ts,validateformula,visible,width)
            values('0001ZZZZ9f4fcde6e003','0001ZZZZ69a68b8c7c3b','37bd045a-cc27-4f6b-a969-e946eed05117','rowno','1','#111111',null,'~',1,null, null,null,null,null,null,'N',0,null,'N','N','N',null,'N','N','N','input','行号',28,NULL,'','id_custregisterbvo.rowno',null,'~',2,'b21b7ffa-939d-47b0-8f15-01a6b5e62000',null,null,null,'N','app_91H10505_00054',null,null,'2020-05-04 16:02:22',null,'Y',null);
            go

            insert into pub_form_property(pk_form_property,areaid,classid,code,colnum,color,creationtime,creator,datatype,dataval,defaultvalue,defaultvar,define1,define2,define3,disabled,dr,editformula,hyperlinkflag,iscode,isdefined,ismultiselectedenabled,isnextrow,isrevise,istotal,itemtype,label,maxlength,metadataproperty,metaid,metapath,modifiedtime,modifier,position,proid,refcode,refname,relatemeta,required,resid,showformula,textrows,ts,validateformula,visible,width)
            values('0001ZZZZ9c538d6d8001','0001ZZZZa6cdfd831d30','37bd045a-cc27-4f6b-a969-e946eed05117','projectname','1','#111111',null,'~',1,null, null,null,null,null,null,'N',0,null,'N','N','N',null,'N','N','N','input','名称',28,NULL,'','id_custregisterbvo.projectname',null,'~',4,'d08166f0-b583-4cbb-a14e-5d4f2059cf5b',null,null,null,'N','app_91H10505_00001',null,null,'2020-05-04 16:02:22',null,'Y',null);
            go
            insert into pub_form_property(pk_form_property,areaid,classid,code,colnum,color,creationtime,creator,datatype,dataval,defaultvalue,defaultvar,define1,define2,define3,disabled,dr,editformula,hyperlinkflag,iscode,isdefined,ismultiselectedenabled,isnextrow,isrevise,istotal,itemtype,label,maxlength,metadataproperty,metaid,metapath,modifiedtime,modifier,position,proid,refcode,refname,relatemeta,required,resid,showformula,textrows,ts,validateformula,visible,width)
            values('0001ZZZZ9c538d6d8002','0001ZZZZa6cdfd831d30','37bd045a-cc27-4f6b-a969-e946eed05117','projectcode','1','#111111',null,'~',1,null, null,null,null,null,null,'N',0,null,'N','N','N',null,'N','N','N','input','编号',28,NULL,'','id_custregisterbvo.projectcode',null,'~',3,'e099703f-0687-4bc1-ac54-1ea4dc3d262b',null,null,null,'N','app_91H10505_00003',null,null,'2020-05-04 16:02:22',null,'Y',null);
            go
            insert into pub_form_property(pk_form_property,areaid,classid,code,colnum,color,creationtime,creator,datatype,dataval,defaultvalue,defaultvar,define1,define2,define3,disabled,dr,editformula,hyperlinkflag,iscode,isdefined,ismultiselectedenabled,isnextrow,isrevise,istotal,itemtype,label,maxlength,metadataproperty,metaid,metapath,modifiedtime,modifier,position,proid,refcode,refname,relatemeta,required,resid,showformula,textrows,ts,validateformula,visible,width)
            values('0001ZZZZ9c538d6d8003','0001ZZZZa6cdfd831d30','37bd045a-cc27-4f6b-a969-e946eed05117','rowno','1','#111111',null,'~',1,null, null,null,null,null,null,'N',0,null,'N','N','N',null,'N','N','N','input','行号',28,NULL,'','id_custregisterbvo.rowno',null,'~',2,'f2d3515c-3338-4ee2-b81e-0be11bdde1b1',null,null,null,'N','app_91H10505_00054',null,null,'2020-05-04 16:02:22',null,'Y',null);
            go

            insert into pub_form_property(pk_form_property,areaid,classid,code,colnum,color,creationtime,creator,datatype,dataval,defaultvalue,defaultvar,define1,define2,define3,disabled,dr,editformula,hyperlinkflag,iscode,isdefined,ismultiselectedenabled,isnextrow,isrevise,istotal,itemtype,label,maxlength,metadataproperty,metaid,metapath,modifiedtime,modifier,position,proid,refcode,refname,relatemeta,required,resid,showformula,textrows,ts,validateformula,visible,width)
            values('0001ZZZZ334367702001','0001ZZZZdffeea289494','37bd045a-cc27-4f6b-a969-e946eed05117','projectname','1','#111111',null,'~',1,null, null,null,null,null,null,'N',0,null,'N','N','N',null,'N','N','N','input','名称',28,NULL,'','id_custregisterbvo.projectname',null,'~',4,'dbef94ea-34d4-4a56-9b7a-ac5c8bbbd3f8',null,null,null,'N','app_91H10505_00001',null,null,'2020-05-04 16:02:22',null,'Y',null);
            go
            insert into pub_form_property(pk_form_property,areaid,classid,code,colnum,color,creationtime,creator,datatype,dataval,defaultvalue,defaultvar,define1,define2,define3,disabled,dr,editformula,hyperlinkflag,iscode,isdefined,ismultiselectedenabled,isnextrow,isrevise,istotal,itemtype,label,maxlength,metadataproperty,metaid,metapath,modifiedtime,modifier,position,proid,refcode,refname,relatemeta,required,resid,showformula,textrows,ts,validateformula,visible,width)
            values('0001ZZZZ334367702002','0001ZZZZdffeea289494','37bd045a-cc27-4f6b-a969-e946eed05117','projectcode','1','#111111',null,'~',1,null, null,null,null,null,null,'N',0,null,'N','N','N',null,'N','N','N','input','编号',28,NULL,'','id_custregisterbvo.projectcode',null,'~',3,'583ba53d-9276-4b4a-ad05-03fb46f8ca35',null,null,null,'N','app_91H10505_00003',null,null,'2020-05-04 16:02:22',null,'Y',null);
            go
            insert into pub_form_property(pk_form_property,areaid,classid,code,colnum,color,creationtime,creator,datatype,dataval,defaultvalue,defaultvar,define1,define2,define3,disabled,dr,editformula,hyperlinkflag,iscode,isdefined,ismultiselectedenabled,isnextrow,isrevise,istotal,itemtype,label,maxlength,metadataproperty,metaid,metapath,modifiedtime,modifier,position,proid,refcode,refname,relatemeta,required,resid,showformula,textrows,ts,validateformula,visible,width)
            values('0001ZZZZ334367702003','0001ZZZZdffeea289494','37bd045a-cc27-4f6b-a969-e946eed05117','rowno','1','#111111',null,'~',1,null, null,null,null,null,null,'N',0,null,'N','N','N',null,'N','N','N','input','行号',28,NULL,'','id_custregisterbvo.rowno',null,'~',2,'075a1dab-9aac-40b5-bbb7-21e017463804',null,null,null,'N','app_91H10505_00054',null,null,'2020-05-04 16:02:22',null,'Y',null);
            go











            insert into pub_form_property(pk_form_property,areaid,classid,code,colnum,color,creationtime,creator,datatype,dataval,defaultvalue,defaultvar,define1,define2,define3,disabled,dr,editformula,hyperlinkflag,iscode,isdefined,ismultiselectedenabled,isnextrow,isrevise,istotal,itemtype,label,maxlength,metadataproperty,metaid,metapath,modifiedtime,modifier,position,proid,refcode,refname,relatemeta,required,resid,showformula,textrows,ts,validateformula,visible,width)
            values('0001ZZZZ9703900bc001','0001ZZZZ09156364abad','92adc06c-0c3d-4667-b8c6-12e8624f6cb5','pk_busitype','1','#111111',null,'~',204,null, null,null,null,null,null,'N',0,null,'N','N','N',null,'N','N','N','refer',null,28,'uap.BusitypeVO.businame','','pk_busitype',null,'~',13,'9bea09a9-71c2-41e2-a0ef-5f2f58afa23e','uap/refer/riart/busitype/index','业务流程',null,'N',null,null,null,'2020-05-04 16:02:22',null,'Y',null);
            go
            insert into pub_form_property(pk_form_property,areaid,classid,code,colnum,color,creationtime,creator,datatype,dataval,defaultvalue,defaultvar,define1,define2,define3,disabled,dr,editformula,hyperlinkflag,iscode,isdefined,ismultiselectedenabled,isnextrow,isrevise,istotal,itemtype,label,maxlength,metadataproperty,metaid,metapath,modifiedtime,modifier,position,proid,refcode,refname,relatemeta,required,resid,showformula,textrows,ts,validateformula,visible,width)
            values('0001ZZZZ9703900bc002','0001ZZZZ09156364abad','92adc06c-0c3d-4667-b8c6-12e8624f6cb5','pk_transtype','1','#111111',null,'~',204,null, null,null,null,null,null,'N',0,null,'N','N','N',null,'N','N','N','refer',null,28,'uap.BilltypeVO.billtypename','','pk_transtype',null,'~',17,'539129e5-d3c5-4a93-a91f-e70f146b22c8','uap/refer/riart/transtype/index','影响因素交 易类型',null,'N',null,null,null,'2020-05-04 16:02:22',null,'Y',null);
            go
            insert into pub_form_property(pk_form_property,areaid,classid,code,colnum,color,creationtime,creator,datatype,dataval,defaultvalue,defaultvar,define1,define2,define3,disabled,dr,editformula,hyperlinkflag,iscode,isdefined,ismultiselectedenabled,isnextrow,isrevise,istotal,itemtype,label,maxlength,metadataproperty,metaid,metapath,modifiedtime,modifier,position,proid,refcode,refname,relatemeta,required,resid,showformula,textrows,ts,validateformula,visible,width)
            values('0001ZZZZ9703900bc003','0001ZZZZ09156364abad','92adc06c-0c3d-4667-b8c6-12e8624f6cb5','transtypecode','1','#111111',null,'~',1,null, null,null,null,null,null,'N',0,null,'N','N','N',null,'N','N','N','input',null,28,NULL,'','transtypecode',null,'~',16,'c6076eb5-76f2-4cfc-a568-478168f8a304','/common-ref/','-99',null,'N',null,null,null,'2020-05-04 16:02:22',null,'Y',null);
            go
            insert into pub_form_property(pk_form_property,areaid,classid,code,colnum,color,creationtime,creator,datatype,dataval,defaultvalue,defaultvar,define1,define2,define3,disabled,dr,editformula,hyperlinkflag,iscode,isdefined,ismultiselectedenabled,isnextrow,isrevise,istotal,itemtype,label,maxlength,metadataproperty,metaid,metapath,modifiedtime,modifier,position,proid,refcode,refname,relatemeta,required,resid,showformula,textrows,ts,validateformula,visible,width)
            values('0001ZZZZ2b64fef12674','0001ZZZZ2db401bcd567','92adc06c-0c3d-4667-b8c6-12e8624f6cb5','modifier','1','#111111',null,'~',204,null, null,null,null,null,null,'N',0,null,'N','N','N',null,'N','N','N','refer',null,28,'uap.user.user_name','','modifier',null,'~',22,'5627b6c2-f7b0-452c-b504-13ca39fd5a5a','uap/refer/riart/userDefaultRefer/index','用户',null,'N',null,null,null,'2020-05-04 16:02:22',null,'Y',null);
            go
            insert into pub_form_property(pk_form_property,areaid,classid,code,colnum,color,creationtime,creator,datatype,dataval,defaultvalue,defaultvar,define1,define2,define3,disabled,dr,editformula,hyperlinkflag,iscode,isdefined,ismultiselectedenabled,isnextrow,isrevise,istotal,itemtype,label,maxlength,metadataproperty,metaid,metapath,modifiedtime,modifier,position,proid,refcode,refname,relatemeta,required,resid,showformula,textrows,ts,validateformula,visible,width)
            values('0001ZZZZd50cd0f09d6a','0001ZZZZ2db401bcd567','92adc06c-0c3d-4667-b8c6-12e8624f6cb5','modifiedtime','1','#111111',null,'~',34,null, null,null,null,null,null,'N',0,null,'N','N','N',null,'N','N','N','datetimepicker',null,28,NULL,'','modifiedtime',null,'~',23,'47d41a09-d84e-4267-8e4a-8a4ae9f4c6b1','/common-ref/','-99',null,'N',null,null,null,'2020-05-04 16:02:22',null,'Y',null);
            go
            insert into pub_form_property(pk_form_property,areaid,classid,code,colnum,color,creationtime,creator,datatype,dataval,defaultvalue,defaultvar,define1,define2,define3,disabled,dr,editformula,hyperlinkflag,iscode,isdefined,ismultiselectedenabled,isnextrow,isrevise,istotal,itemtype,label,maxlength,metadataproperty,metaid,metapath,modifiedtime,modifier,position,proid,refcode,refname,relatemeta,required,resid,showformula,textrows,ts,validateformula,visible,width)
            values('0001ZZZZ5e731b0c17f1','0001ZZZZ2db401bcd567','92adc06c-0c3d-4667-b8c6-12e8624f6cb5','creator','1','#111111',null,'~',204,null, null,null,null,null,null,'N',0,null,'N','N','N',null,'N','N','N','refer',null,28,'uap.user.user_name','','creator',null,'~',20,'6c8a252b-2714-4b61-92b0-1692cd35f7a8','uap/refer/riart/userDefaultRefer/index','用户',null,'N',null,null,null,'2020-05-04 16:02:22',null,'Y',null);
            go
            insert into pub_form_property(pk_form_property,areaid,classid,code,colnum,color,creationtime,creator,datatype,dataval,defaultvalue,defaultvar,define1,define2,define3,disabled,dr,editformula,hyperlinkflag,iscode,isdefined,ismultiselectedenabled,isnextrow,isrevise,istotal,itemtype,label,maxlength,metadataproperty,metaid,metapath,modifiedtime,modifier,position,proid,refcode,refname,relatemeta,required,resid,showformula,textrows,ts,validateformula,visible,width)
            values('0001ZZZZcfae65aa83e6','0001ZZZZ2db401bcd567','92adc06c-0c3d-4667-b8c6-12e8624f6cb5','creationtime','1','#111111',null,'~',34,null, null,null,null,null,null,'N',0,null,'N','N','N',null,'N','N','N','datetimepicker',null,28,NULL,'','creationtime',null,'~',21,'858f0012-6a1f-4615-b56f-ad695c05ac9a','/common-ref/','-99',null,'N',null,null,null,'2020-05-04 16:02:22',null,'Y',null);
            go
            insert into pub_form_property(pk_form_property,areaid,classid,code,colnum,color,creationtime,creator,datatype,dataval,defaultvalue,defaultvar,define1,define2,define3,disabled,dr,editformula,hyperlinkflag,iscode,isdefined,ismultiselectedenabled,isnextrow,isrevise,istotal,itemtype,label,maxlength,metadataproperty,metaid,metapath,modifiedtime,modifier,position,proid,refcode,refname,relatemeta,required,resid,showformula,textrows,ts,validateformula,visible,width)
            values('0001ZZZZ9703900bc008','0001ZZZZ09156364abad','92adc06c-0c3d-4667-b8c6-12e8624f6cb5','billmaker','1','#111111',null,'~',204,null, null,null,null,null,null,'N',0,null,'N','N','N',null,'N','N','N','refer',null,28,'uap.user.user_name','','billmaker',null,'~',18,'57746141-f42f-4b38-8a03-3c2e5ff85718','uap/refer/riart/userDefaultRefer/index','用户',null,'N',null,null,null,'2020-05-04 16:02:22',null,'Y',null);
            go
            insert into pub_form_property(pk_form_property,areaid,classid,code,colnum,color,creationtime,creator,datatype,dataval,defaultvalue,defaultvar,define1,define2,define3,disabled,dr,editformula,hyperlinkflag,iscode,isdefined,ismultiselectedenabled,isnextrow,isrevise,istotal,itemtype,label,maxlength,metadataproperty,metaid,metapath,modifiedtime,modifier,position,proid,refcode,refname,relatemeta,required,resid,showformula,textrows,ts,validateformula,visible,width)
            values('0001ZZZZ9703900bc009','0001ZZZZ09156364abad','92adc06c-0c3d-4667-b8c6-12e8624f6cb5','maketime','1','#111111',null,'~',33,null, null,null,null,null,null,'N',0,null,'N','N','N',null,'N','N','N','datepicker',null,28,NULL,'','maketime',null,'~',19,'5bb5b48c-a77e-45af-9f3e-5880752eb0e4','/common-ref/','-99',null,'N',null,null,null,'2020-05-04 16:02:22',null,'Y',null);
            go
            insert into pub_form_property(pk_form_property,areaid,classid,code,colnum,color,creationtime,creator,datatype,dataval,defaultvalue,defaultvar,define1,define2,define3,disabled,dr,editformula,hyperlinkflag,iscode,isdefined,ismultiselectedenabled,isnextrow,isrevise,istotal,itemtype,label,maxlength,metadataproperty,metaid,metapath,modifiedtime,modifier,position,proid,refcode,refname,relatemeta,required,resid,showformula,textrows,ts,validateformula,visible,width)
            values('0001ZZZZ9703900bc010','0001ZZZZ09156364abad','92adc06c-0c3d-4667-b8c6-12e8624f6cb5','vbillcode','1','#111111',null,'~',1,null, null,null,null,null,null,'Y',0,null,'N','N','N',null,'N','N','N','input',null,28,NULL,'','vbillcode',null,'~',12,'6d3ffb45-69c8-4b2a-ae03-af5d8af73408','/common-ref/','-99',null,'N',null,null,null,'2020-05-04 16:02:22',null,'Y',null);
            go
            insert into pub_form_property(pk_form_property,areaid,classid,code,colnum,color,creationtime,creator,datatype,dataval,defaultvalue,defaultvar,define1,define2,define3,disabled,dr,editformula,hyperlinkflag,iscode,isdefined,ismultiselectedenabled,isnextrow,isrevise,istotal,itemtype,label,maxlength,metadataproperty,metaid,metapath,modifiedtime,modifier,position,proid,refcode,refname,relatemeta,required,resid,showformula,textrows,ts,validateformula,visible,width)
            values('0001ZZZZ9703900bc011','0001ZZZZ09156364abad','92adc06c-0c3d-4667-b8c6-12e8624f6cb5','dbilldate','1','#111111',null,'~',33,null, null,null,null,null,null,'N',0,null,'N','N','N',null,'N','N','N','datepicker',null,28,NULL,'','dbilldate',null,'~',6,'47988189-9359-4b84-a069-872dfc24b744','/common-ref/','-99',null,'N',null,null,null,'2020-05-04 16:02:22',null,'Y',null);
            go
            insert into pub_form_property(pk_form_property,areaid,classid,code,colnum,color,creationtime,creator,datatype,dataval,defaultvalue,defaultvar,define1,define2,define3,disabled,dr,editformula,hyperlinkflag,iscode,isdefined,ismultiselectedenabled,isnextrow,isrevise,istotal,itemtype,label,maxlength,metadataproperty,metaid,metapath,modifiedtime,modifier,position,proid,refcode,refname,relatemeta,required,resid,showformula,textrows,ts,validateformula,visible,width)
            values('0001ZZZZ9703900bc012','0001ZZZZ09156364abad','92adc06c-0c3d-4667-b8c6-12e8624f6cb5','fstatusflag','1','#111111',null,'~',203,'自由=-1,审批未通过=0,审批通过=1,审批进行中=2,提交=3', null,null,null,null,null,'N',0,null,'N','N','N',null,'N','N','N','select',null,28,NULL,'','fstatusflag',null,'~',11,'7bd644fb-ee8e-4a81-a0ca-ea2df5e35e6b','/common-ref/','-99',null,'N',null,null,null,'2020-05-04 16:02:22',null,'Y',null);
            go
            insert into pub_form_property(pk_form_property,areaid,classid,code,colnum,color,creationtime,creator,datatype,dataval,defaultvalue,defaultvar,define1,define2,define3,disabled,dr,editformula,hyperlinkflag,iscode,isdefined,ismultiselectedenabled,isnextrow,isrevise,istotal,itemtype,label,maxlength,metadataproperty,metaid,metapath,modifiedtime,modifier,position,proid,refcode,refname,relatemeta,required,resid,showformula,textrows,ts,validateformula,visible,width)
            values('0001ZZZZ9703900bc013','0001ZZZZ09156364abad','92adc06c-0c3d-4667-b8c6-12e8624f6cb5','pk_billtypeid','1','#111111',null,'~',204,null, null,null,null,null,null,'N',0,null,'N','N','N',null,'N','N','N','refer',null,28,'uap.BilltypeVO.billtypename','','pk_billtypeid',null,'~',14,'f1518ff1-7da5-4baa-930a-c9f0953c95da','uap/refer/riart/billtype/index','影响因素单据类型',null,'N',null,null,null,'2020-05-04 16:02:22',null,'Y',null);
            go
            insert into pub_form_property(pk_form_property,areaid,classid,code,colnum,color,creationtime,creator,datatype,dataval,defaultvalue,defaultvar,define1,define2,define3,disabled,dr,editformula,hyperlinkflag,iscode,isdefined,ismultiselectedenabled,isnextrow,isrevise,istotal,itemtype,label,maxlength,metadataproperty,metaid,metapath,modifiedtime,modifier,position,proid,refcode,refname,relatemeta,required,resid,showformula,textrows,ts,validateformula,visible,width)
            values('0001ZZZZ9703900bc014','0001ZZZZ09156364abad','92adc06c-0c3d-4667-b8c6-12e8624f6cb5','billtype','1','#111111',null,'~',1,null, null,null,null,null,null,'N',0,null,'N','N','N',null,'N','N','N','input',null,28,NULL,'','billtype',null,'~',15,'f73df2a6-f5c7-4e5a-a4e7-d2df814cab38','/common-ref/','-99',null,'N',null,null,null,'2020-05-04 16:02:22',null,'Y',null);
            go
            insert into pub_form_property(pk_form_property,areaid,classid,code,colnum,color,creationtime,creator,datatype,dataval,defaultvalue,defaultvar,define1,define2,define3,disabled,dr,editformula,hyperlinkflag,iscode,isdefined,ismultiselectedenabled,isnextrow,isrevise,istotal,itemtype,label,maxlength,metadataproperty,metaid,metapath,modifiedtime,modifier,position,proid,refcode,refname,relatemeta,required,resid,showformula,textrows,ts,validateformula,visible,width)
            values('0001ZZZZ9703900bc015','0001ZZZZ09156364abad','92adc06c-0c3d-4667-b8c6-12e8624f6cb5','revisitdate','1','#111111',null,'~',33,null, null,null,null,null,null,'N',0,null,'N','N','N',null,'N','N','N','datepicker',null,28,NULL,'','revisitdate',null,'~',7,'406e70d8-5255-40ea-904a-3fd371427f5a','/common-ref/','-99',null,'N',null,null,null,'2020-05-04 16:02:22',null,'Y',null);
            go
            insert into pub_form_property(pk_form_property,areaid,classid,code,colnum,color,creationtime,creator,datatype,dataval,defaultvalue,defaultvar,define1,define2,define3,disabled,dr,editformula,hyperlinkflag,iscode,isdefined,ismultiselectedenabled,isnextrow,isrevise,istotal,itemtype,label,maxlength,metadataproperty,metaid,metapath,modifiedtime,modifier,position,proid,refcode,refname,relatemeta,required,resid,showformula,textrows,ts,validateformula,visible,width)
            values('0001ZZZZ9703900bc016','0001ZZZZ09156364abad','92adc06c-0c3d-4667-b8c6-12e8624f6cb5','vnote','1','#111111',null,'~',1,null, null,null,null,null,null,'N',0,null,'N','N','N',null,'N','N','N','input',null,28,NULL,'','vnote',null,'~',27,'29a83fdb-1026-480e-9e00-c631cc2f83ff','/common-ref/','-99',null,'N',null,null,null,'2020-05-04 16:02:22',null,'Y',null);
            go
            insert into pub_form_property(pk_form_property,areaid,classid,code,colnum,color,creationtime,creator,datatype,dataval,defaultvalue,defaultvar,define1,define2,define3,disabled,dr,editformula,hyperlinkflag,iscode,isdefined,ismultiselectedenabled,isnextrow,isrevise,istotal,itemtype,label,maxlength,metadataproperty,metaid,metapath,modifiedtime,modifier,position,proid,refcode,refname,relatemeta,required,resid,showformula,textrows,ts,validateformula,visible,width)
            values('0001ZZZZf3d2895dd89d','0001ZZZZ2db401bcd567','92adc06c-0c3d-4667-b8c6-12e8624f6cb5','approver','1','#111111',null,'~',204,null, null,null,null,null,null,'N',0,null,'N','N','N',null,'N','N','N','refer',null,28,'uap.user.user_name','','approver',null,'~',24,'e16832a9-c851-4869-b59b-53a1fad250ba','uap/refer/riart/userDefaultRefer/index','用户',null,'N',null,null,null,'2020-05-04 16:02:22',null,'Y',null);
            go
            insert into pub_form_property(pk_form_property,areaid,classid,code,colnum,color,creationtime,creator,datatype,dataval,defaultvalue,defaultvar,define1,define2,define3,disabled,dr,editformula,hyperlinkflag,iscode,isdefined,ismultiselectedenabled,isnextrow,isrevise,istotal,itemtype,label,maxlength,metadataproperty,metaid,metapath,modifiedtime,modifier,position,proid,refcode,refname,relatemeta,required,resid,showformula,textrows,ts,validateformula,visible,width)
            values('0001ZZZZ7b2fb207aeeb','0001ZZZZ2db401bcd567','92adc06c-0c3d-4667-b8c6-12e8624f6cb5','approvenote','1','#111111',null,'~',1,null, null,null,null,null,null,'N',0,null,'N','N','N',null,'N','N','N','input',null,28,NULL,'','approvenote',null,'~',26,'23b4219f-fc02-4c38-9b23-5c1b75ae3ce7','/common-ref/','-99',null,'N',null,null,null,'2020-05-04 16:02:22',null,'Y',null);
            go
            insert into pub_form_property(pk_form_property,areaid,classid,code,colnum,color,creationtime,creator,datatype,dataval,defaultvalue,defaultvar,define1,define2,define3,disabled,dr,editformula,hyperlinkflag,iscode,isdefined,ismultiselectedenabled,isnextrow,isrevise,istotal,itemtype,label,maxlength,metadataproperty,metaid,metapath,modifiedtime,modifier,position,proid,refcode,refname,relatemeta,required,resid,showformula,textrows,ts,validateformula,visible,width)
            values('0001ZZZZe0d48f734bb1','0001ZZZZ2db401bcd567','92adc06c-0c3d-4667-b8c6-12e8624f6cb5','approvedate','1','#111111',null,'~',34,null, null,null,null,null,null,'N',0,null,'N','N','N',null,'N','N','N','datetimepicker',null,28,NULL,'','approvedate',null,'~',2,'0fa8ca24-ffe7-4028-9f44-f328b39d36f9','/common-ref/','-99',null,'N',null,null,null,'2020-05-04 16:02:22',null,'Y',null);
            go
            insert into pub_form_property(pk_form_property,areaid,classid,code,colnum,color,creationtime,creator,datatype,dataval,defaultvalue,defaultvar,define1,define2,define3,disabled,dr,editformula,hyperlinkflag,iscode,isdefined,ismultiselectedenabled,isnextrow,isrevise,istotal,itemtype,label,maxlength,metadataproperty,metaid,metapath,modifiedtime,modifier,position,proid,refcode,refname,relatemeta,required,resid,showformula,textrows,ts,validateformula,visible,width)
            values('0001ZZZZ9703900bc020','0001ZZZZ09156364abad','92adc06c-0c3d-4667-b8c6-12e8624f6cb5','approvestatus','1','#111111',null,'~',203,'自由=-1,审批未通过=0,审批通过=1,审批进行中=2,提交=3', null,null,null,null,null,'N',0,null,'N','N','N',null,'N','N','N','select',null,28,NULL,'','approvestatus',null,'~',25,'4f4c2157-b687-496d-bd27-74735fc96407','/common-ref/','-99',null,'N',null,null,null,'2020-05-04 16:02:22',null,'Y',null);
            go
            insert into pub_form_property(pk_form_property,areaid,classid,code,colnum,color,creationtime,creator,datatype,dataval,defaultvalue,defaultvar,define1,define2,define3,disabled,dr,editformula,hyperlinkflag,iscode,isdefined,ismultiselectedenabled,isnextrow,isrevise,istotal,itemtype,label,maxlength,metadataproperty,metaid,metapath,modifiedtime,modifier,position,proid,refcode,refname,relatemeta,required,resid,showformula,textrows,ts,validateformula,visible,width)
            values('0001ZZZZ9703900bc021','0001ZZZZ09156364abad','92adc06c-0c3d-4667-b8c6-12e8624f6cb5','custname','1','#111111',null,'~',204,null, null,null,null,null,null,'N',0,null,'N','N','N',null,'N','N','N','refer',null,28,'uap.customer.name','','custname',null,'~',8,'3d6eb69c-a011-4019-a090-cc4a7dae09eb','uapbd/refer/customer/CustomerDefaultTreeGridRef/index','客户档案',null,'N',null,null,null,'2020-05-04 16:02:22',null,'Y',null);
            go
            insert into pub_form_property(pk_form_property,areaid,classid,code,colnum,color,creationtime,creator,datatype,dataval,defaultvalue,defaultvar,define1,define2,define3,disabled,dr,editformula,hyperlinkflag,iscode,isdefined,ismultiselectedenabled,isnextrow,isrevise,istotal,itemtype,label,maxlength,metadataproperty,metaid,metapath,modifiedtime,modifier,position,proid,refcode,refname,relatemeta,required,resid,showformula,textrows,ts,validateformula,visible,width)
            values('0001ZZZZ9703900bc036','0001ZZZZ09156364abad','92adc06c-0c3d-4667-b8c6-12e8624f6cb5','pk_org','1','#111111',null,'~',204,null, null,null,null,null,null,'N',0,null,'N','N','N',null,'N','N','N','refer',null,28,'uap.org.name','','pk_org',null,'~',4,'9815d9e5-a973-44b3-bfb2-8527943057f5','uapbd/refer/org/BusinessUnitAndDeptTreeRef/index','业务单元及部门',null,'N',null,null,null,'2020-05-04 16:02:22',null,'Y',null);
            go
            insert into pub_form_property(pk_form_property,areaid,classid,code,colnum,color,creationtime,creator,datatype,dataval,defaultvalue,defaultvar,define1,define2,define3,disabled,dr,editformula,hyperlinkflag,iscode,isdefined,ismultiselectedenabled,isnextrow,isrevise,istotal,itemtype,label,maxlength,metadataproperty,metaid,metapath,modifiedtime,modifier,position,proid,refcode,refname,relatemeta,required,resid,showformula,textrows,ts,validateformula,visible,width)
            values('0001ZZZZ9703900bc037','0001ZZZZ09156364abad','92adc06c-0c3d-4667-b8c6-12e8624f6cb5','pk_org_v','1','#111111',null,'~',204,null, null,null,null,null,null,'N',0,null,'N','N','N',null,'N','N','N','refer',null,28,'uap.org_v.name','','pk_org_v',null,'~',5,'73080c8a-543f-4917-9837-5eea41dd9e83','uapbd/refer/orgv/BusinessUnitVersionDefaultAllTreeRef/index','业务单元版本(所有)',null,'N',null,null,null,'2020-05-04 16:02:22',null,'N',null);
            go
            insert into pub_form_property(pk_form_property,areaid,classid,code,colnum,color,creationtime,creator,datatype,dataval,defaultvalue,defaultvar,define1,define2,define3,disabled,dr,editformula,hyperlinkflag,iscode,isdefined,ismultiselectedenabled,isnextrow,isrevise,istotal,itemtype,label,maxlength,metadataproperty,metaid,metapath,modifiedtime,modifier,position,proid,refcode,refname,relatemeta,required,resid,showformula,textrows,ts,validateformula,visible,width)
            values('0001ZZZZ9703900bc038','0001ZZZZ09156364abad','92adc06c-0c3d-4667-b8c6-12e8624f6cb5','handingperson','1','#111111',null,'~',204,null, null,null,null,null,null,'N',0,null,'N','N','N',null,'N','N','N','refer',null,28,NULL,'','handingperson',null,'~',10,'c3829061-f73e-4c0a-bfbf-c76690d3c45c','uapbd/refer/psninfo/PsndocRiartTreeGridRef/index','人员',null,'N',null,null,null,'2020-05-04 16:02:22',null,'Y',null);
            go
            insert into pub_form_property(pk_form_property,areaid,classid,code,colnum,color,creationtime,creator,datatype,dataval,defaultvalue,defaultvar,define1,define2,define3,disabled,dr,editformula,hyperlinkflag,iscode,isdefined,ismultiselectedenabled,isnextrow,isrevise,istotal,itemtype,label,maxlength,metadataproperty,metaid,metapath,modifiedtime,modifier,position,proid,refcode,refname,relatemeta,required,resid,showformula,textrows,ts,validateformula,visible,width)
            values('0001ZZZZ9703900bc039','0001ZZZZ09156364abad','92adc06c-0c3d-4667-b8c6-12e8624f6cb5','handingdept','1','#111111',null,'~',204,null, null,null,null,null,null,'N',0,null,'N','N','N',null,'N','N','N','refer',null,28,'uap.dept.name','','handingdept',null,'~',9,'1e116a73-221b-4d1d-bedc-3b151a2666c3','uapbd/refer/org/DeptTreeRef/index','部门',null,'N',null,null,null,'2020-05-04 16:02:22',null,'Y',null);
            go
            insert into pub_form_property(pk_form_property,areaid,classid,code,colnum,color,creationtime,creator,datatype,dataval,defaultvalue,defaultvar,define1,define2,define3,disabled,dr,editformula,hyperlinkflag,iscode,isdefined,ismultiselectedenabled,isnextrow,isrevise,istotal,itemtype,label,maxlength,metadataproperty,metaid,metapath,modifiedtime,modifier,position,proid,refcode,refname,relatemeta,required,resid,showformula,textrows,ts,validateformula,visible,width)
            values('0001ZZZZ9703900bc090','0001ZZZZ09156364abad','92adc06c-0c3d-4667-b8c6-12e8624f6cb5','pk_group','1','#111111',null,'~',204,null, null,null,null,null,null,'N',0,null,'N','N','N',null,'N','N','N','refer',null,28,'uap.group.name','','pk_group',null,'~',3,'43958547-25ab-4e50-9910-7303baaa3b53','uap/refer/riart/groupTreeRef/index','集团',null,'N',null,null,null,'2020-05-04 16:02:22',null,'Y',null);
            go




            insert into pub_form_property(pk_form_property,areaid,classid,code,colnum,color,creationtime,creator,datatype,dataval,defaultvalue,defaultvar,define1,define2,define3,disabled,dr,editformula,hyperlinkflag,iscode,isdefined,ismultiselectedenabled,isnextrow,isrevise,istotal,itemtype,label,maxlength,metadataproperty,metaid,metapath,modifiedtime,modifier,position,proid,refcode,refname,relatemeta,required,resid,showformula,textrows,ts,validateformula,visible,width)
            values('0001ZZZZd62343ea3001','0001ZZZZe47d946974fc','37bd045a-cc27-4f6b-a969-e946eed05117','projectname','1','#111111',null,'~',1,null, null,null,null,null,null,'N',0,null,'N','N','N',null,'N','N','N','input','名称',28,NULL,'','id_custregisterbvo.projectname',null,'~',4,'63aad9d8-1315-4e29-a0b9-439233e52a56',null,null,null,'N',null,null,null,'2020-05-04 16:02:22',null,'Y',null);
            go
            insert into pub_form_property(pk_form_property,areaid,classid,code,colnum,color,creationtime,creator,datatype,dataval,defaultvalue,defaultvar,define1,define2,define3,disabled,dr,editformula,hyperlinkflag,iscode,isdefined,ismultiselectedenabled,isnextrow,isrevise,istotal,itemtype,label,maxlength,metadataproperty,metaid,metapath,modifiedtime,modifier,position,proid,refcode,refname,relatemeta,required,resid,showformula,textrows,ts,validateformula,visible,width)
            values('0001ZZZZd62343ea3002','0001ZZZZe47d946974fc','37bd045a-cc27-4f6b-a969-e946eed05117','projectcode','1','#111111',null,'~',1,null, null,null,null,null,null,'N',0,null,'N','N','N',null,'N','N','N','input','编号',28,NULL,'','id_custregisterbvo.projectcode',null,'~',3,'4808ef3d-2328-4a51-9ea0-55f63c86e2e7',null,null,null,'N',null,null,null,'2020-05-04 16:02:22',null,'Y',null);
            go
            insert into pub_form_property(pk_form_property,areaid,classid,code,colnum,color,creationtime,creator,datatype,dataval,defaultvalue,defaultvar,define1,define2,define3,disabled,dr,editformula,hyperlinkflag,iscode,isdefined,ismultiselectedenabled,isnextrow,isrevise,istotal,itemtype,label,maxlength,metadataproperty,metaid,metapath,modifiedtime,modifier,position,proid,refcode,refname,relatemeta,required,resid,showformula,textrows,ts,validateformula,visible,width)
            values('0001ZZZZd62343ea3003','0001ZZZZe47d946974fc','37bd045a-cc27-4f6b-a969-e946eed05117','rowno','1','#111111',null,'~',1,null, null,null,null,null,null,'N',0,null,'N','N','N',null,'N','N','N','input','行号',28,NULL,'','id_custregisterbvo.rowno',null,'~',2,'eb101cac-9b55-4301-851d-cb77859e9d0b',null,null,null,'N',null,null,null,'2020-05-04 16:02:22',null,'Y',null);
            go

            insert into pub_form_property(pk_form_property,areaid,classid,code,colnum,color,creationtime,creator,datatype,dataval,defaultvalue,defaultvar,define1,define2,define3,disabled,dr,editformula,hyperlinkflag,iscode,isdefined,ismultiselectedenabled,isnextrow,isrevise,istotal,itemtype,label,maxlength,metadataproperty,metaid,metapath,modifiedtime,modifier,position,proid,refcode,refname,relatemeta,required,resid,showformula,textrows,ts,validateformula,visible,width)
            values('0001ZZZZe194c0d9c001','0001ZZZZb612157e7163','37bd045a-cc27-4f6b-a969-e946eed05117','projectname','1','#111111',null,'~',1,null, null,null,null,null,null,'N',0,null,'N','N','N',null,'N','N','N','input','名称',28,NULL,'','id_custregisterbvo.projectname',null,'~',4,'31a2ee4c-4a64-41e9-929c-4159cc431898',null,null,null,'N',null,null,null,'2020-05-04 16:02:22',null,'Y',null);
            go
            insert into pub_form_property(pk_form_property,areaid,classid,code,colnum,color,creationtime,creator,datatype,dataval,defaultvalue,defaultvar,define1,define2,define3,disabled,dr,editformula,hyperlinkflag,iscode,isdefined,ismultiselectedenabled,isnextrow,isrevise,istotal,itemtype,label,maxlength,metadataproperty,metaid,metapath,modifiedtime,modifier,position,proid,refcode,refname,relatemeta,required,resid,showformula,textrows,ts,validateformula,visible,width)
            values('0001ZZZZe194c0d9c002','0001ZZZZb612157e7163','37bd045a-cc27-4f6b-a969-e946eed05117','projectcode','1','#111111',null,'~',1,null, null,null,null,null,null,'N',0,null,'N','N','N',null,'N','N','N','input','编号',28,NULL,'','id_custregisterbvo.projectcode',null,'~',3,'d435efe1-512a-447c-9a4a-173ae7bc675b',null,null,null,'N',null,null,null,'2020-05-04 16:02:22',null,'Y',null);
            go
            insert into pub_form_property(pk_form_property,areaid,classid,code,colnum,color,creationtime,creator,datatype,dataval,defaultvalue,defaultvar,define1,define2,define3,disabled,dr,editformula,hyperlinkflag,iscode,isdefined,ismultiselectedenabled,isnextrow,isrevise,istotal,itemtype,label,maxlength,metadataproperty,metaid,metapath,modifiedtime,modifier,position,proid,refcode,refname,relatemeta,required,resid,showformula,textrows,ts,validateformula,visible,width)
            values('0001ZZZZe194c0d9c003','0001ZZZZb612157e7163','37bd045a-cc27-4f6b-a969-e946eed05117','rowno','1','#111111',null,'~',1,null, null,null,null,null,null,'N',0,null,'N','N','N',null,'N','N','N','input','行号',28,NULL,'','id_custregisterbvo.rowno',null,'~',2,'f367465f-610e-4684-b46b-417800c8f538',null,null,null,'N',null,null,null,'2020-05-04 16:02:22',null,'Y',null);
            go

            insert into pub_form_property(pk_form_property,areaid,classid,code,colnum,color,creationtime,creator,datatype,dataval,defaultvalue,defaultvar,define1,define2,define3,disabled,dr,editformula,hyperlinkflag,iscode,isdefined,ismultiselectedenabled,isnextrow,isrevise,istotal,itemtype,label,maxlength,metadataproperty,metaid,metapath,modifiedtime,modifier,position,proid,refcode,refname,relatemeta,required,resid,showformula,textrows,ts,validateformula,visible,width)
            values('0001ZZZZeda9b3127001','0001ZZZZ44f6adb51bc1','37bd045a-cc27-4f6b-a969-e946eed05117','projectname','1','#111111',null,'~',1,null, null,null,null,null,null,'N',0,null,'N','N','N',null,'N','N','N','input','名称',28,NULL,'','id_custregisterbvo.projectname',null,'~',4,'3ef6a6a1-2454-44ea-bcce-4a0deb6d2867',null,null,null,'N',null,null,null,'2020-05-04 16:02:22',null,'Y',null);
            go
            insert into pub_form_property(pk_form_property,areaid,classid,code,colnum,color,creationtime,creator,datatype,dataval,defaultvalue,defaultvar,define1,define2,define3,disabled,dr,editformula,hyperlinkflag,iscode,isdefined,ismultiselectedenabled,isnextrow,isrevise,istotal,itemtype,label,maxlength,metadataproperty,metaid,metapath,modifiedtime,modifier,position,proid,refcode,refname,relatemeta,required,resid,showformula,textrows,ts,validateformula,visible,width)
            values('0001ZZZZeda9b3127002','0001ZZZZ44f6adb51bc1','37bd045a-cc27-4f6b-a969-e946eed05117','projectcode','1','#111111',null,'~',1,null, null,null,null,null,null,'N',0,null,'N','N','N',null,'N','N','N','input','编号',28,NULL,'','id_custregisterbvo.projectcode',null,'~',3,'8cb25161-15d9-4d1a-ac42-5e50bcc04107',null,null,null,'N',null,null,null,'2020-05-04 16:02:22',null,'Y',null);
            go
            insert into pub_form_property(pk_form_property,areaid,classid,code,colnum,color,creationtime,creator,datatype,dataval,defaultvalue,defaultvar,define1,define2,define3,disabled,dr,editformula,hyperlinkflag,iscode,isdefined,ismultiselectedenabled,isnextrow,isrevise,istotal,itemtype,label,maxlength,metadataproperty,metaid,metapath,modifiedtime,modifier,position,proid,refcode,refname,relatemeta,required,resid,showformula,textrows,ts,validateformula,visible,width)
            values('0001ZZZZeda9b3127003','0001ZZZZ44f6adb51bc1','37bd045a-cc27-4f6b-a969-e946eed05117','rowno','1','#111111',null,'~',1,null, null,null,null,null,null,'N',0,null,'N','N','N',null,'N','N','N','input','行号',28,NULL,'','id_custregisterbvo.rowno',null,'~',2,'87ee9bdc-7ca7-43ea-bcb6-c9244c6e6e9c',null,null,null,'N',null,null,null,'2020-05-04 16:02:22',null,'Y',null);
            go







            insert into pub_form_property(pk_form_property,areaid,classid,code,colnum,color,creationtime,creator,datatype,dataval,defaultvalue,defaultvar,define1,define2,define3,disabled,dr,editformula,hyperlinkflag,iscode,isdefined,ismultiselectedenabled,isnextrow,isrevise,istotal,itemtype,label,maxlength,metadataproperty,metaid,metapath,modifiedtime,modifier,position,proid,refcode,refname,relatemeta,required,resid,showformula,textrows,ts,validateformula,visible,width)
            values('0001ZZZZa51526f23001','0001ZZZZc5fe9b0aea78','92adc06c-0c3d-4667-b8c6-12e8624f6cb5','pk_busitype','1','#111111',null,'~',204,null, null,null,null,null,null,'N',0,null,'N','N','N',null,'N','N','N','refer','业务类型',28,'uap.BusitypeVO.businame','','pk_busitype',null,'~',13,'4737d52c-f4fd-4473-a22f-152a7dee6438','uap/refer/riart/busitype/index','业务流程',null,'N',null,null,null,'2020-05-04 16:02:22',null,'Y',null);
            go
            insert into pub_form_property(pk_form_property,areaid,classid,code,colnum,color,creationtime,creator,datatype,dataval,defaultvalue,defaultvar,define1,define2,define3,disabled,dr,editformula,hyperlinkflag,iscode,isdefined,ismultiselectedenabled,isnextrow,isrevise,istotal,itemtype,label,maxlength,metadataproperty,metaid,metapath,modifiedtime,modifier,position,proid,refcode,refname,relatemeta,required,resid,showformula,textrows,ts,validateformula,visible,width)
            values('0001ZZZZa51526f23002','0001ZZZZc5fe9b0aea78','92adc06c-0c3d-4667-b8c6-12e8624f6cb5','pk_transtype','1','#111111',null,'~',204,null, null,null,null,null,null,'N',0,null,'N','N','N',null,'N','N','N','refer','交易类型',28,'uap.BilltypeVO.billtypename','','pk_transtype',null,'~',17,'df57e12f-1c76-44be-9cd5-6454055e7016','uap/refer/riart/transtype/index','影响因素交 易类型',null,'N',null,null,null,'2020-05-04 16:02:22',null,'Y',null);
            go
            insert into pub_form_property(pk_form_property,areaid,classid,code,colnum,color,creationtime,creator,datatype,dataval,defaultvalue,defaultvar,define1,define2,define3,disabled,dr,editformula,hyperlinkflag,iscode,isdefined,ismultiselectedenabled,isnextrow,isrevise,istotal,itemtype,label,maxlength,metadataproperty,metaid,metapath,modifiedtime,modifier,position,proid,refcode,refname,relatemeta,required,resid,showformula,textrows,ts,validateformula,visible,width)
            values('0001ZZZZa51526f23003','0001ZZZZc5fe9b0aea78','92adc06c-0c3d-4667-b8c6-12e8624f6cb5','transtypecode','1','#111111',null,'~',1,null, null,null,null,null,null,'N',0,null,'N','N','N',null,'N','N','N','input','交易类型编码',28,NULL,'','transtypecode',null,'~',16,'f1976437-15f8-472d-8954-2848fa8f4ff6','/common-ref/','-99',null,'N',null,null,null,'2020-05-04 16:02:22',null,'Y',null);
            go
            insert into pub_form_property(pk_form_property,areaid,classid,code,colnum,color,creationtime,creator,datatype,dataval,defaultvalue,defaultvar,define1,define2,define3,disabled,dr,editformula,hyperlinkflag,iscode,isdefined,ismultiselectedenabled,isnextrow,isrevise,istotal,itemtype,label,maxlength,metadataproperty,metaid,metapath,modifiedtime,modifier,position,proid,refcode,refname,relatemeta,required,resid,showformula,textrows,ts,validateformula,visible,width)
            values('0001ZZZZ9f1797a49e1c','0001ZZZZf4e174008f57','92adc06c-0c3d-4667-b8c6-12e8624f6cb5','modifier','1','#111111',null,'~',204,null, null,null,null,null,null,'N',0,null,'N','N','N',null,'N','N','N','refer','修改人',28,'uap.user.user_name','','modifier',null,'~',22,'cc7ab8a3-476a-4ff7-848e-8f7f9a329872','uap/refer/riart/userDefaultRefer/index','用户',null,'N',null,null,null,'2020-05-04 16:02:22',null,'Y',null);
            go
            insert into pub_form_property(pk_form_property,areaid,classid,code,colnum,color,creationtime,creator,datatype,dataval,defaultvalue,defaultvar,define1,define2,define3,disabled,dr,editformula,hyperlinkflag,iscode,isdefined,ismultiselectedenabled,isnextrow,isrevise,istotal,itemtype,label,maxlength,metadataproperty,metaid,metapath,modifiedtime,modifier,position,proid,refcode,refname,relatemeta,required,resid,showformula,textrows,ts,validateformula,visible,width)
            values('0001ZZZZdc2e0f4e5544','0001ZZZZf4e174008f57','92adc06c-0c3d-4667-b8c6-12e8624f6cb5','modifiedtime','1','#111111',null,'~',34,null, null,null,null,null,null,'N',0,null,'N','N','N',null,'N','N','N','datetimepicker','修改时间',28,NULL,'','modifiedtime',null,'~',23,'11cfa4c6-c165-455c-bb61-f8374ade0d48','/common-ref/','-99',null,'N',null,null,null,'2020-05-04 16:02:22',null,'Y',null);
            go
            insert into pub_form_property(pk_form_property,areaid,classid,code,colnum,color,creationtime,creator,datatype,dataval,defaultvalue,defaultvar,define1,define2,define3,disabled,dr,editformula,hyperlinkflag,iscode,isdefined,ismultiselectedenabled,isnextrow,isrevise,istotal,itemtype,label,maxlength,metadataproperty,metaid,metapath,modifiedtime,modifier,position,proid,refcode,refname,relatemeta,required,resid,showformula,textrows,ts,validateformula,visible,width)
            values('0001ZZZZ52e414134abe','0001ZZZZf4e174008f57','92adc06c-0c3d-4667-b8c6-12e8624f6cb5','creator','1','#111111',null,'~',204,null, null,null,null,null,null,'N',0,null,'N','N','N',null,'N','N','N','refer','创建人',28,'uap.user.user_name','','creator',null,'~',20,'af6a4733-a9c6-47ce-b46d-8d1d8c2b4a7a','uap/refer/riart/userDefaultRefer/index','用户',null,'N',null,null,null,'2020-05-04 16:02:22',null,'Y',null);
            go
            insert into pub_form_property(pk_form_property,areaid,classid,code,colnum,color,creationtime,creator,datatype,dataval,defaultvalue,defaultvar,define1,define2,define3,disabled,dr,editformula,hyperlinkflag,iscode,isdefined,ismultiselectedenabled,isnextrow,isrevise,istotal,itemtype,label,maxlength,metadataproperty,metaid,metapath,modifiedtime,modifier,position,proid,refcode,refname,relatemeta,required,resid,showformula,textrows,ts,validateformula,visible,width)
            values('0001ZZZZ434fae3e6177','0001ZZZZf4e174008f57','92adc06c-0c3d-4667-b8c6-12e8624f6cb5','creationtime','1','#111111',null,'~',34,null, null,null,null,null,null,'N',0,null,'N','N','N',null,'N','N','N','datetimepicker','创建时间',28,NULL,'','creationtime',null,'~',21,'7bdaf220-e7d6-4141-8195-b2010d444e42','/common-ref/','-99',null,'N',null,null,null,'2020-05-04 16:02:22',null,'Y',null);
            go
            insert into pub_form_property(pk_form_property,areaid,classid,code,colnum,color,creationtime,creator,datatype,dataval,defaultvalue,defaultvar,define1,define2,define3,disabled,dr,editformula,hyperlinkflag,iscode,isdefined,ismultiselectedenabled,isnextrow,isrevise,istotal,itemtype,label,maxlength,metadataproperty,metaid,metapath,modifiedtime,modifier,position,proid,refcode,refname,relatemeta,required,resid,showformula,textrows,ts,validateformula,visible,width)
            values('0001ZZZZa51526f23008','0001ZZZZc5fe9b0aea78','92adc06c-0c3d-4667-b8c6-12e8624f6cb5','billmaker','1','#111111',null,'~',204,null, null,null,null,null,null,'N',0,null,'N','N','N',null,'N','N','N','refer','制单人',28,'uap.user.user_name','','billmaker',null,'~',18,'6f189042-bb4f-4d9c-b4f3-b207252c346a','uap/refer/riart/userDefaultRefer/index','用户',null,'N',null,null,null,'2020-05-04 16:02:22',null,'Y',null);
            go
            insert into pub_form_property(pk_form_property,areaid,classid,code,colnum,color,creationtime,creator,datatype,dataval,defaultvalue,defaultvar,define1,define2,define3,disabled,dr,editformula,hyperlinkflag,iscode,isdefined,ismultiselectedenabled,isnextrow,isrevise,istotal,itemtype,label,maxlength,metadataproperty,metaid,metapath,modifiedtime,modifier,position,proid,refcode,refname,relatemeta,required,resid,showformula,textrows,ts,validateformula,visible,width)
            values('0001ZZZZa51526f23009','0001ZZZZc5fe9b0aea78','92adc06c-0c3d-4667-b8c6-12e8624f6cb5','maketime','1','#111111',null,'~',33,null, null,null,null,null,null,'N',0,null,'N','N','N',null,'N','N','N','datepicker','制单时间',28,NULL,'','maketime',null,'~',19,'cb105d75-0389-446c-b150-ff38ba96eb00','/common-ref/','-99',null,'N',null,null,null,'2020-05-04 16:02:22',null,'Y',null);
            go
            insert into pub_form_property(pk_form_property,areaid,classid,code,colnum,color,creationtime,creator,datatype,dataval,defaultvalue,defaultvar,define1,define2,define3,disabled,dr,editformula,hyperlinkflag,iscode,isdefined,ismultiselectedenabled,isnextrow,isrevise,istotal,itemtype,label,maxlength,metadataproperty,metaid,metapath,modifiedtime,modifier,position,proid,refcode,refname,relatemeta,required,resid,showformula,textrows,ts,validateformula,visible,width)
            values('0001ZZZZa51526f23010','0001ZZZZc5fe9b0aea78','92adc06c-0c3d-4667-b8c6-12e8624f6cb5','vbillcode','1','#111111',null,'~',1,null, null,null,null,null,null,'Y',0,null,'N','N','N',null,'N','N','N','input','单据号',28,NULL,'','vbillcode',null,'~',12,'a48e2c7e-1323-4b37-be88-4b05d92d77e0','/common-ref/','-99',null,'N',null,null,null,'2020-05-04 16:02:22',null,'Y',null);
            go
            insert into pub_form_property(pk_form_property,areaid,classid,code,colnum,color,creationtime,creator,datatype,dataval,defaultvalue,defaultvar,define1,define2,define3,disabled,dr,editformula,hyperlinkflag,iscode,isdefined,ismultiselectedenabled,isnextrow,isrevise,istotal,itemtype,label,maxlength,metadataproperty,metaid,metapath,modifiedtime,modifier,position,proid,refcode,refname,relatemeta,required,resid,showformula,textrows,ts,validateformula,visible,width)
            values('0001ZZZZa51526f23011','0001ZZZZc5fe9b0aea78','92adc06c-0c3d-4667-b8c6-12e8624f6cb5','dbilldate','1','#111111',null,'~',33,null, null,null,null,null,null,'N',0,null,'N','N','N',null,'N','N','N','datepicker','单据日期',28,NULL,'','dbilldate',null,'~',6,'8f4b9a84-9179-4b67-a221-74f56d797e96','/common-ref/','-99',null,'N',null,null,null,'2020-05-04 16:02:22',null,'Y',null);
            go
            insert into pub_form_property(pk_form_property,areaid,classid,code,colnum,color,creationtime,creator,datatype,dataval,defaultvalue,defaultvar,define1,define2,define3,disabled,dr,editformula,hyperlinkflag,iscode,isdefined,ismultiselectedenabled,isnextrow,isrevise,istotal,itemtype,label,maxlength,metadataproperty,metaid,metapath,modifiedtime,modifier,position,proid,refcode,refname,relatemeta,required,resid,showformula,textrows,ts,validateformula,visible,width)
            values('0001ZZZZa51526f23012','0001ZZZZc5fe9b0aea78','92adc06c-0c3d-4667-b8c6-12e8624f6cb5','fstatusflag','1','#111111',null,'~',203,'自由=-1,审批未通过=0,审批通过=1,审批进行中=2,提交=3', null,null,null,null,null,'N',0,null,'N','N','N',null,'N','N','N','select','单据状态',28,NULL,'','fstatusflag',null,'~',11,'a08e395d-09ac-4fc8-9fe7-a4738edeb3ba','/common-ref/','-99',null,'N',null,null,null,'2020-05-04 16:02:22',null,'Y',null);
            go
            insert into pub_form_property(pk_form_property,areaid,classid,code,colnum,color,creationtime,creator,datatype,dataval,defaultvalue,defaultvar,define1,define2,define3,disabled,dr,editformula,hyperlinkflag,iscode,isdefined,ismultiselectedenabled,isnextrow,isrevise,istotal,itemtype,label,maxlength,metadataproperty,metaid,metapath,modifiedtime,modifier,position,proid,refcode,refname,relatemeta,required,resid,showformula,textrows,ts,validateformula,visible,width)
            values('0001ZZZZa51526f23013','0001ZZZZc5fe9b0aea78','92adc06c-0c3d-4667-b8c6-12e8624f6cb5','pk_billtypeid','1','#111111',null,'~',204,null, null,null,null,null,null,'N',0,null,'N','N','N',null,'N','N','N','refer','单据类型',28,'uap.BilltypeVO.billtypename','','pk_billtypeid',null,'~',14,'81f51282-c63d-477b-b216-2d5bb8cc72d4','uap/refer/riart/billtype/index','影响因素单据类型',null,'N',null,null,null,'2020-05-04 16:02:22',null,'Y',null);
            go
            insert into pub_form_property(pk_form_property,areaid,classid,code,colnum,color,creationtime,creator,datatype,dataval,defaultvalue,defaultvar,define1,define2,define3,disabled,dr,editformula,hyperlinkflag,iscode,isdefined,ismultiselectedenabled,isnextrow,isrevise,istotal,itemtype,label,maxlength,metadataproperty,metaid,metapath,modifiedtime,modifier,position,proid,refcode,refname,relatemeta,required,resid,showformula,textrows,ts,validateformula,visible,width)
            values('0001ZZZZa51526f23014','0001ZZZZc5fe9b0aea78','92adc06c-0c3d-4667-b8c6-12e8624f6cb5','billtype','1','#111111',null,'~',1,null, null,null,null,null,null,'N',0,null,'N','N','N',null,'N','N','N','input','单据类型编码',28,NULL,'','billtype',null,'~',15,'3eddd79b-1d02-4961-823d-2845654eb99e','/common-ref/','-99',null,'N',null,null,null,'2020-05-04 16:02:22',null,'Y',null);
            go
            insert into pub_form_property(pk_form_property,areaid,classid,code,colnum,color,creationtime,creator,datatype,dataval,defaultvalue,defaultvar,define1,define2,define3,disabled,dr,editformula,hyperlinkflag,iscode,isdefined,ismultiselectedenabled,isnextrow,isrevise,istotal,itemtype,label,maxlength,metadataproperty,metaid,metapath,modifiedtime,modifier,position,proid,refcode,refname,relatemeta,required,resid,showformula,textrows,ts,validateformula,visible,width)
            values('0001ZZZZa51526f23015','0001ZZZZc5fe9b0aea78','92adc06c-0c3d-4667-b8c6-12e8624f6cb5','revisitdate','1','#111111',null,'~',33,null, null,null,null,null,null,'N',0,null,'N','N','N',null,'N','N','N','datepicker','回访日期',28,NULL,'','revisitdate',null,'~',7,'27bc937a-5973-4a8f-8b93-e785bf95a71f','/common-ref/','-99',null,'N',null,null,null,'2020-05-04 16:02:22',null,'Y',null);
            go
            insert into pub_form_property(pk_form_property,areaid,classid,code,colnum,color,creationtime,creator,datatype,dataval,defaultvalue,defaultvar,define1,define2,define3,disabled,dr,editformula,hyperlinkflag,iscode,isdefined,ismultiselectedenabled,isnextrow,isrevise,istotal,itemtype,label,maxlength,metadataproperty,metaid,metapath,modifiedtime,modifier,position,proid,refcode,refname,relatemeta,required,resid,showformula,textrows,ts,validateformula,visible,width)
            values('0001ZZZZa51526f23016','0001ZZZZc5fe9b0aea78','92adc06c-0c3d-4667-b8c6-12e8624f6cb5','vnote','1','#111111',null,'~',1,null, null,null,null,null,null,'N',0,null,'N','N','N',null,'N','N','N','input','备注',28,NULL,'','vnote',null,'~',27,'7ede38b1-c550-486f-acc4-02f17b367a04','/common-ref/','-99',null,'N',null,null,null,'2020-05-04 16:02:22',null,'Y',null);
            go
            insert into pub_form_property(pk_form_property,areaid,classid,code,colnum,color,creationtime,creator,datatype,dataval,defaultvalue,defaultvar,define1,define2,define3,disabled,dr,editformula,hyperlinkflag,iscode,isdefined,ismultiselectedenabled,isnextrow,isrevise,istotal,itemtype,label,maxlength,metadataproperty,metaid,metapath,modifiedtime,modifier,position,proid,refcode,refname,relatemeta,required,resid,showformula,textrows,ts,validateformula,visible,width)
            values('0001ZZZZ62123e1bea5a','0001ZZZZf4e174008f57','92adc06c-0c3d-4667-b8c6-12e8624f6cb5','approver','1','#111111',null,'~',204,null, null,null,null,null,null,'N',0,null,'N','N','N',null,'N','N','N','refer','审批人',28,'uap.user.user_name','','approver',null,'~',24,'37abc011-0fbc-4dbd-abb0-85bc08ea1d02','uap/refer/riart/userDefaultRefer/index','用户',null,'N',null,null,null,'2020-05-04 16:02:22',null,'Y',null);
            go
            insert into pub_form_property(pk_form_property,areaid,classid,code,colnum,color,creationtime,creator,datatype,dataval,defaultvalue,defaultvar,define1,define2,define3,disabled,dr,editformula,hyperlinkflag,iscode,isdefined,ismultiselectedenabled,isnextrow,isrevise,istotal,itemtype,label,maxlength,metadataproperty,metaid,metapath,modifiedtime,modifier,position,proid,refcode,refname,relatemeta,required,resid,showformula,textrows,ts,validateformula,visible,width)
            values('0001ZZZZ4ce84487b323','0001ZZZZf4e174008f57','92adc06c-0c3d-4667-b8c6-12e8624f6cb5','approvenote','1','#111111',null,'~',1,null, null,null,null,null,null,'N',0,null,'N','N','N',null,'N','N','N','input','审批批语',28,NULL,'','approvenote',null,'~',26,'a7fd5470-a7bf-4c92-a4a8-d076094aa0d1','/common-ref/','-99',null,'N',null,null,null,'2020-05-04 16:02:22',null,'Y',null);
            go
            insert into pub_form_property(pk_form_property,areaid,classid,code,colnum,color,creationtime,creator,datatype,dataval,defaultvalue,defaultvar,define1,define2,define3,disabled,dr,editformula,hyperlinkflag,iscode,isdefined,ismultiselectedenabled,isnextrow,isrevise,istotal,itemtype,label,maxlength,metadataproperty,metaid,metapath,modifiedtime,modifier,position,proid,refcode,refname,relatemeta,required,resid,showformula,textrows,ts,validateformula,visible,width)
            values('0001ZZZZ10d0c4686cf1','0001ZZZZf4e174008f57','92adc06c-0c3d-4667-b8c6-12e8624f6cb5','approvedate','1','#111111',null,'~',34,null, null,null,null,null,null,'N',0,null,'N','N','N',null,'N','N','N','datetimepicker','审批时间',28,NULL,'','approvedate',null,'~',2,'2f31a845-7916-4806-9d2c-f6dd24174e6b','/common-ref/','-99',null,'N',null,null,null,'2020-05-04 16:02:22',null,'Y',null);
            go
            insert into pub_form_property(pk_form_property,areaid,classid,code,colnum,color,creationtime,creator,datatype,dataval,defaultvalue,defaultvar,define1,define2,define3,disabled,dr,editformula,hyperlinkflag,iscode,isdefined,ismultiselectedenabled,isnextrow,isrevise,istotal,itemtype,label,maxlength,metadataproperty,metaid,metapath,modifiedtime,modifier,position,proid,refcode,refname,relatemeta,required,resid,showformula,textrows,ts,validateformula,visible,width)
            values('0001ZZZZa51526f23020','0001ZZZZc5fe9b0aea78','92adc06c-0c3d-4667-b8c6-12e8624f6cb5','approvestatus','1','#111111',null,'~',203,'自由=-1,审批未通过=0,审批通过=1,审批进行中=2,提交=3', null,null,null,null,null,'N',0,null,'N','N','N',null,'N','N','N','select','审批状态',28,NULL,'','approvestatus',null,'~',25,'da39e508-80ff-4c8d-a031-09e3f5d26bbd','/common-ref/','-99',null,'N',null,null,null,'2020-05-04 16:02:22',null,'Y',null);
            go
            insert into pub_form_property(pk_form_property,areaid,classid,code,colnum,color,creationtime,creator,datatype,dataval,defaultvalue,defaultvar,define1,define2,define3,disabled,dr,editformula,hyperlinkflag,iscode,isdefined,ismultiselectedenabled,isnextrow,isrevise,istotal,itemtype,label,maxlength,metadataproperty,metaid,metapath,modifiedtime,modifier,position,proid,refcode,refname,relatemeta,required,resid,showformula,textrows,ts,validateformula,visible,width)
            values('0001ZZZZa51526f23021','0001ZZZZc5fe9b0aea78','92adc06c-0c3d-4667-b8c6-12e8624f6cb5','custname','1','#111111',null,'~',204,null, null,null,null,null,null,'N',0,null,'N','N','N',null,'N','N','N','refer','客户名称',28,'uap.customer.name','','custname',null,'~',8,'9c231f29-81d6-48c8-b601-ca14f5b99a77','uapbd/refer/customer/CustomerDefaultTreeGridRef/index','客户档案',null,'N',null,null,null,'2020-05-04 16:02:22',null,'Y',null);
            go
            insert into pub_form_property(pk_form_property,areaid,classid,code,colnum,color,creationtime,creator,datatype,dataval,defaultvalue,defaultvar,define1,define2,define3,disabled,dr,editformula,hyperlinkflag,iscode,isdefined,ismultiselectedenabled,isnextrow,isrevise,istotal,itemtype,label,maxlength,metadataproperty,metaid,metapath,modifiedtime,modifier,position,proid,refcode,refname,relatemeta,required,resid,showformula,textrows,ts,validateformula,visible,width)
            values('0001ZZZZa51526f23036','0001ZZZZc5fe9b0aea78','92adc06c-0c3d-4667-b8c6-12e8624f6cb5','pk_org','1','#111111',null,'~',204,null, null,null,null,null,null,'N',0,null,'N','N','N',null,'N','N','N','refer','组织',28,'uap.org.name','','pk_org',null,'~',4,'530ea87e-7652-4edf-b1b4-ff7a2a8cf3f2','uapbd/refer/org/BusinessUnitAndDeptTreeRef/index','业务单元及部门',null,'N',null,null,null,'2020-05-04 16:02:22',null,'Y',null);
            go
            insert into pub_form_property(pk_form_property,areaid,classid,code,colnum,color,creationtime,creator,datatype,dataval,defaultvalue,defaultvar,define1,define2,define3,disabled,dr,editformula,hyperlinkflag,iscode,isdefined,ismultiselectedenabled,isnextrow,isrevise,istotal,itemtype,label,maxlength,metadataproperty,metaid,metapath,modifiedtime,modifier,position,proid,refcode,refname,relatemeta,required,resid,showformula,textrows,ts,validateformula,visible,width)
            values('0001ZZZZa51526f23037','0001ZZZZc5fe9b0aea78','92adc06c-0c3d-4667-b8c6-12e8624f6cb5','pk_org_v','1','#111111',null,'~',204,null, null,null,null,null,null,'N',0,null,'N','N','N',null,'N','N','N','refer','组织版本',28,'uap.org_v.name','','pk_org_v',null,'~',5,'2910ff2d-29aa-4a67-acb7-20ac82a32d83','uapbd/refer/orgv/BusinessUnitVersionDefaultAllTreeRef/index','业务单元版本(所有)',null,'N',null,null,null,'2020-05-04 16:02:22',null,'N',null);
            go
            insert into pub_form_property(pk_form_property,areaid,classid,code,colnum,color,creationtime,creator,datatype,dataval,defaultvalue,defaultvar,define1,define2,define3,disabled,dr,editformula,hyperlinkflag,iscode,isdefined,ismultiselectedenabled,isnextrow,isrevise,istotal,itemtype,label,maxlength,metadataproperty,metaid,metapath,modifiedtime,modifier,position,proid,refcode,refname,relatemeta,required,resid,showformula,textrows,ts,validateformula,visible,width)
            values('0001ZZZZa51526f23038','0001ZZZZc5fe9b0aea78','92adc06c-0c3d-4667-b8c6-12e8624f6cb5','handingperson','1','#111111',null,'~',204,null, null,null,null,null,null,'N',0,null,'N','N','N',null,'N','N','N','refer','经办人名称',28,NULL,'','handingperson',null,'~',10,'1e7ec017-9305-46b5-b5d2-f43916e7714c','uapbd/refer/psninfo/PsndocRiartTreeGridRef/index','人员',null,'N',null,null,null,'2020-05-04 16:02:22',null,'Y',null);
            go
            insert into pub_form_property(pk_form_property,areaid,classid,code,colnum,color,creationtime,creator,datatype,dataval,defaultvalue,defaultvar,define1,define2,define3,disabled,dr,editformula,hyperlinkflag,iscode,isdefined,ismultiselectedenabled,isnextrow,isrevise,istotal,itemtype,label,maxlength,metadataproperty,metaid,metapath,modifiedtime,modifier,position,proid,refcode,refname,relatemeta,required,resid,showformula,textrows,ts,validateformula,visible,width)
            values('0001ZZZZa51526f23039','0001ZZZZc5fe9b0aea78','92adc06c-0c3d-4667-b8c6-12e8624f6cb5','handingdept','1','#111111',null,'~',204,null, null,null,null,null,null,'N',0,null,'N','N','N',null,'N','N','N','refer','经办部门名称',28,'uap.dept.name','','handingdept',null,'~',9,'2a14d058-7e63-416e-b7a0-cd19613d6289','uapbd/refer/org/DeptTreeRef/index','部门',null,'N',null,null,null,'2020-05-04 16:02:22',null,'Y',null);
            go
            insert into pub_form_property(pk_form_property,areaid,classid,code,colnum,color,creationtime,creator,datatype,dataval,defaultvalue,defaultvar,define1,define2,define3,disabled,dr,editformula,hyperlinkflag,iscode,isdefined,ismultiselectedenabled,isnextrow,isrevise,istotal,itemtype,label,maxlength,metadataproperty,metaid,metapath,modifiedtime,modifier,position,proid,refcode,refname,relatemeta,required,resid,showformula,textrows,ts,validateformula,visible,width)
            values('0001ZZZZa51526f23090','0001ZZZZc5fe9b0aea78','92adc06c-0c3d-4667-b8c6-12e8624f6cb5','pk_group','1','#111111',null,'~',204,null, null,null,null,null,null,'N',0,null,'N','N','N',null,'N','N','N','refer','集团',28,'uap.group.name','','pk_group',null,'~',3,'dfec2b79-bd60-4060-9bc0-1d2c566c8a82','uap/refer/riart/groupTreeRef/index','集团',null,'N',null,null,null,'2020-05-04 16:02:22',null,'Y',null);
            go




            insert into pub_form_property(pk_form_property,areaid,classid,code,colnum,color,creationtime,creator,datatype,dataval,defaultvalue,defaultvar,define1,define2,define3,disabled,dr,editformula,hyperlinkflag,iscode,isdefined,ismultiselectedenabled,isnextrow,isrevise,istotal,itemtype,label,maxlength,metadataproperty,metaid,metapath,modifiedtime,modifier,position,proid,refcode,refname,relatemeta,required,resid,showformula,textrows,ts,validateformula,visible,width)
            values('0001ZZZZa5d4ae7b9001','0001ZZZZ90663206c952','37bd045a-cc27-4f6b-a969-e946eed05117','projectname','1','#111111',null,'~',1,null, null,null,null,null,null,'N',0,null,'N','N','N',null,'N','N','N','input','名称',28,NULL,'','id_custregisterbvo.projectname',null,'~',4,'b75e042f-e806-48c3-9554-c5e2d8d62aa5',null,null,null,'N',null,null,null,'2020-05-04 16:02:22',null,'Y',null);
            go
            insert into pub_form_property(pk_form_property,areaid,classid,code,colnum,color,creationtime,creator,datatype,dataval,defaultvalue,defaultvar,define1,define2,define3,disabled,dr,editformula,hyperlinkflag,iscode,isdefined,ismultiselectedenabled,isnextrow,isrevise,istotal,itemtype,label,maxlength,metadataproperty,metaid,metapath,modifiedtime,modifier,position,proid,refcode,refname,relatemeta,required,resid,showformula,textrows,ts,validateformula,visible,width)
            values('0001ZZZZa5d4ae7b9002','0001ZZZZ90663206c952','37bd045a-cc27-4f6b-a969-e946eed05117','projectcode','1','#111111',null,'~',1,null, null,null,null,null,null,'N',0,null,'N','N','N',null,'N','N','N','input','编号',28,NULL,'','id_custregisterbvo.projectcode',null,'~',3,'59ca2237-805f-407f-a2bb-cb1e0e68c58d',null,null,null,'N',null,null,null,'2020-05-04 16:02:22',null,'Y',null);
            go
            insert into pub_form_property(pk_form_property,areaid,classid,code,colnum,color,creationtime,creator,datatype,dataval,defaultvalue,defaultvar,define1,define2,define3,disabled,dr,editformula,hyperlinkflag,iscode,isdefined,ismultiselectedenabled,isnextrow,isrevise,istotal,itemtype,label,maxlength,metadataproperty,metaid,metapath,modifiedtime,modifier,position,proid,refcode,refname,relatemeta,required,resid,showformula,textrows,ts,validateformula,visible,width)
            values('0001ZZZZa5d4ae7b9003','0001ZZZZ90663206c952','37bd045a-cc27-4f6b-a969-e946eed05117','rowno','1','#111111',null,'~',1,null, null,null,null,null,null,'N',0,null,'N','N','N',null,'N','N','N','input','行号',28,NULL,'','id_custregisterbvo.rowno',null,'~',2,'a2f5948c-ba92-498c-98b4-3c1bda40d02b',null,null,null,'N',null,null,null,'2020-05-04 16:02:22',null,'Y',null);
            go

            insert into pub_form_property(pk_form_property,areaid,classid,code,colnum,color,creationtime,creator,datatype,dataval,defaultvalue,defaultvar,define1,define2,define3,disabled,dr,editformula,hyperlinkflag,iscode,isdefined,ismultiselectedenabled,isnextrow,isrevise,istotal,itemtype,label,maxlength,metadataproperty,metaid,metapath,modifiedtime,modifier,position,proid,refcode,refname,relatemeta,required,resid,showformula,textrows,ts,validateformula,visible,width)
            values('0001ZZZZ1bd851cfd001','0001ZZZZb59c3ae90414','37bd045a-cc27-4f6b-a969-e946eed05117','projectname','1','#111111',null,'~',1,null, null,null,null,null,null,'N',0,null,'N','N','N',null,'N','N','N','input','名称',28,NULL,'','id_custregisterbvo.projectname',null,'~',4,'76eb9c95-9e78-4e55-8fbd-c460130cba31',null,null,null,'N',null,null,null,'2020-05-04 16:02:22',null,'Y',null);
            go
            insert into pub_form_property(pk_form_property,areaid,classid,code,colnum,color,creationtime,creator,datatype,dataval,defaultvalue,defaultvar,define1,define2,define3,disabled,dr,editformula,hyperlinkflag,iscode,isdefined,ismultiselectedenabled,isnextrow,isrevise,istotal,itemtype,label,maxlength,metadataproperty,metaid,metapath,modifiedtime,modifier,position,proid,refcode,refname,relatemeta,required,resid,showformula,textrows,ts,validateformula,visible,width)
            values('0001ZZZZ1bd851cfd002','0001ZZZZb59c3ae90414','37bd045a-cc27-4f6b-a969-e946eed05117','projectcode','1','#111111',null,'~',1,null, null,null,null,null,null,'N',0,null,'N','N','N',null,'N','N','N','input','编号',28,NULL,'','id_custregisterbvo.projectcode',null,'~',3,'8d52bab1-e55d-473b-89f9-ab2bda368971',null,null,null,'N',null,null,null,'2020-05-04 16:02:22',null,'Y',null);
            go
            insert into pub_form_property(pk_form_property,areaid,classid,code,colnum,color,creationtime,creator,datatype,dataval,defaultvalue,defaultvar,define1,define2,define3,disabled,dr,editformula,hyperlinkflag,iscode,isdefined,ismultiselectedenabled,isnextrow,isrevise,istotal,itemtype,label,maxlength,metadataproperty,metaid,metapath,modifiedtime,modifier,position,proid,refcode,refname,relatemeta,required,resid,showformula,textrows,ts,validateformula,visible,width)
            values('0001ZZZZ1bd851cfd003','0001ZZZZb59c3ae90414','37bd045a-cc27-4f6b-a969-e946eed05117','rowno','1','#111111',null,'~',1,null, null,null,null,null,null,'N',0,null,'N','N','N',null,'N','N','N','input','行号',28,NULL,'','id_custregisterbvo.rowno',null,'~',2,'098ed720-df1f-4b0a-8d58-fc155fa2b6e7',null,null,null,'N',null,null,null,'2020-05-04 16:02:22',null,'Y',null);
            go

            insert into pub_form_property(pk_form_property,areaid,classid,code,colnum,color,creationtime,creator,datatype,dataval,defaultvalue,defaultvar,define1,define2,define3,disabled,dr,editformula,hyperlinkflag,iscode,isdefined,ismultiselectedenabled,isnextrow,isrevise,istotal,itemtype,label,maxlength,metadataproperty,metaid,metapath,modifiedtime,modifier,position,proid,refcode,refname,relatemeta,required,resid,showformula,textrows,ts,validateformula,visible,width)
            values('0001ZZZZ112c634ec001','0001ZZZZ080efa1ba773','37bd045a-cc27-4f6b-a969-e946eed05117','projectname','1','#111111',null,'~',1,null, null,null,null,null,null,'N',0,null,'N','N','N',null,'N','N','N','input','名称',28,NULL,'','id_custregisterbvo.projectname',null,'~',4,'ce92a6ad-a021-4fe3-bf97-fa8d6495c62d',null,null,null,'N',null,null,null,'2020-05-04 16:02:22',null,'Y',null);
            go
            insert into pub_form_property(pk_form_property,areaid,classid,code,colnum,color,creationtime,creator,datatype,dataval,defaultvalue,defaultvar,define1,define2,define3,disabled,dr,editformula,hyperlinkflag,iscode,isdefined,ismultiselectedenabled,isnextrow,isrevise,istotal,itemtype,label,maxlength,metadataproperty,metaid,metapath,modifiedtime,modifier,position,proid,refcode,refname,relatemeta,required,resid,showformula,textrows,ts,validateformula,visible,width)
            values('0001ZZZZ112c634ec002','0001ZZZZ080efa1ba773','37bd045a-cc27-4f6b-a969-e946eed05117','projectcode','1','#111111',null,'~',1,null, null,null,null,null,null,'N',0,null,'N','N','N',null,'N','N','N','input','编号',28,NULL,'','id_custregisterbvo.projectcode',null,'~',3,'c8903420-59f5-4f1c-9b12-40033fab28bd',null,null,null,'N',null,null,null,'2020-05-04 16:02:22',null,'Y',null);
            go
            insert into pub_form_property(pk_form_property,areaid,classid,code,colnum,color,creationtime,creator,datatype,dataval,defaultvalue,defaultvar,define1,define2,define3,disabled,dr,editformula,hyperlinkflag,iscode,isdefined,ismultiselectedenabled,isnextrow,isrevise,istotal,itemtype,label,maxlength,metadataproperty,metaid,metapath,modifiedtime,modifier,position,proid,refcode,refname,relatemeta,required,resid,showformula,textrows,ts,validateformula,visible,width)
            values('0001ZZZZ112c634ec003','0001ZZZZ080efa1ba773','37bd045a-cc27-4f6b-a969-e946eed05117','rowno','1','#111111',null,'~',1,null, null,null,null,null,null,'N',0,null,'N','N','N',null,'N','N','N','input','行号',28,NULL,'','id_custregisterbvo.rowno',null,'~',2,'bafcd057-9fba-4088-8f0a-b12eeae4148e',null,null,null,'N',null,null,null,'2020-05-04 16:02:22',null,'Y',null);
            go
